Date	Open	High	Low	Close*	Adj Close**	Volume
Oct 02, 2026	751.3100	754.5400	747.5300	749.5800	749.5800	34467100
Oct 01, 2026	742.5100	744.6700	736.2500	742.0300	742.0300	35728900
Sep 30, 2026	740.1900	745.1000	739.4600	739.7700	739.7700	29820400
Sep 29, 2026	740.1500	740.5800	735.3400	737.9300	737.9300	27052300
Sep 28, 2026	740.4600	741.4200	731.6300	736.5300	736.5300	41775000
Sep 25, 2026	742.8300	745.9200	739.6400	744.5000	744.5000	30283800
Sep 24, 2026	735.2900	742.6600	734.6200	741.1000	741.1000	29000900
Sep 23, 2026	746.9700	747.1300	738.1900	741.2100	741.2100	33191800
Sep 22, 2026	740.9800	748.3500	740.9300	747.4600	747.4600	40128800
Sep 21, 2026	727.8900	743.2200	727.8100	741.4700	741.4700	46730600
Sep 18, 2026	718.8300	721.7300	715.0800	721.4500	720.6990	48478700
Sep 17, 2026	715.9500	718.0400	713.3200	716.9200	716.1737	37270300
Sep 16, 2026	708.0000	711.8800	700.0000	704.7200	703.9864	35688000
Sep 15, 2026	708.8000	709.5300	703.6400	704.5400	703.8066	26631700
Sep 14, 2026	703.3300	712.9500	702.7400	709.1800	708.4418	35219000
Sep 11, 2026	715.6800	717.6300	713.6300	714.8800	714.1359	26649100
Sep 10, 2026	707.5500	712.0600	706.8600	708.6900	707.9523	31414400
Sep 09, 2026	716.4000	719.7000	714.0200	716.3100	715.5644	26763400
Sep 08, 2026	720.9100	721.8900	715.5700	718.3600	717.6122	28341400
Sep 04, 2026	719.3500	721.8600	716.5600	718.9600	718.2116	32871100
Sep 03, 2026	710.8500	718.9200	709.6900	717.6700	716.9229	29449800
Sep 02, 2026	707.1000	709.8000	705.1000	709.2400	708.5017	23476200
Sep 01, 2026	707.3900	712.3000	704.6600	707.6400	706.9034	35236100
Aug 31, 2026	715.1700	717.5800	713.1600	716.7600	716.0139	32237200
Aug 28, 2026	719.7400	724.1300	715.0900	716.4300	715.6843	34105400
Aug 27, 2026	716.9300	721.3500	714.5300	721.1100	720.3594	28723500
Aug 26, 2026	708.4100	713.0200	707.9700	711.3700	710.6295	20392400
Aug 25, 2026	711.2200	714.0400	707.4500	710.7200	709.9802	23869600
Aug 24, 2026	709.6600	709.7900	702.7000	706.3200	705.5848	37443100
Aug 21, 2026	715.2300	715.6700	709.2000	713.4400	712.6974	33399400
Aug 20, 2026	712.0900	714.9400	708.5200	710.9300	710.1899	33396400
Aug 19, 2026	720.3900	721.5000	712.6100	716.0800	715.3346	35801700
Aug 18, 2026	720.2100	722.1300	715.9200	717.5100	716.7631	48997200
Aug 17, 2026	732.9500	734.5800	729.2700	729.8700	729.1102	26452600
Aug 14, 2026	733.4100	734.3900	728.3200	731.0700	730.3090	23790600
Aug 13, 2026	725.1500	733.9600	724.0300	732.0700	731.3080	31599700
Aug 12, 2026	727.0800	727.2500	722.9200	723.7000	722.9467	29066000
Aug 11, 2026	723.2900	723.3500	715.5000	718.4500	717.7021	29286100
Aug 10, 2026	722.3900	724.6700	720.3300	720.8700	720.1196	26243200
Aug 07, 2026	720.1500	723.6300	716.5100	723.0300	722.2774	31070400
Aug 06, 2026	710.8200	719.3200	708.5000	714.6500	713.9061	33035900
Aug 05, 2026	726.2500	728.5400	716.9200	717.3000	716.5533	33540200
Aug 04, 2026	708.1600	725.6600	707.5300	723.8500	723.0965	59778600
Aug 03, 2026	688.3000	701.5900	685.8200	700.0700	699.3413	44965100
Jul 31, 2026	692.1100	695.7700	680.0500	687.9900	687.2739	50540500
Jul 30, 2026	674.7600	685.1200	673.3000	683.5500	682.8384	66753700
Jul 29, 2026	675.5100	680.0500	661.1400	661.7300	661.0411	57233300
Jul 28, 2026	676.2300	679.4000	667.8800	675.4900	674.7869	51398700
Jul 27, 2026	691.6800	692.3000	675.9500	682.1200	681.4100	42681500
Jul 24, 2026	690.4100	692.6300	682.4800	684.2300	683.5178	42876700
Jul 23, 2026	694.6700	698.6600	687.7900	691.9600	691.2397	44028600
Jul 22, 2026	703.6200	709.6500	703.6200	705.3500	704.6157	23692200
Jul 21, 2026	706.5700	710.0500	702.8000	708.9700	708.2320	33728300
Jul 20, 2026	702.1600	705.8000	695.5100	696.0600	695.3354	29687600
Jul 17, 2026	691.6500	702.3000	686.7600	695.3300	694.6062	54109300
Jul 16, 2026	712.0100	713.6000	702.6100	705.9400	705.2051	39402000
Jul 15, 2026	723.8500	724.3600	710.2300	717.7400	716.9929	32627600
Jul 14, 2026	720.2200	722.2900	714.3400	719.6900	718.9409	29448100
Jul 13, 2026	717.7200	718.7400	710.0800	711.7400	710.9991	36552400
Jul 10, 2026	720.7000	726.3900	717.0000	725.5100	724.7548	26415900
Jul 09, 2026	718.3300	724.2300	715.1300	723.2800	722.5272	33654700
Jul 08, 2026	704.9500	712.2600	700.9100	711.4400	710.6995	35603200
Jul 07, 2026	714.1700	716.3500	704.9000	709.4300	708.6915	42483100
Jul 06, 2026	719.9300	726.0800	718.4500	722.8200	722.0676	30220400
Jul 02, 2026	725.5800	730.8300	707.5600	712.6000	711.8582	50959800
Jul 01, 2026	729.1900	731.9200	724.6000	725.1700	724.4151	40803800
Jun 30, 2026	724.1800	737.6200	723.9100	736.4000	735.6335	42121800
Jun 29, 2026	713.9900	724.5800	705.1700	724.0800	723.3263	44939100
Jun 26, 2026	707.1300	715.5600	702.8100	706.5200	705.7846	47081800
Jun 25, 2026	725.9000	726.8300	705.3000	716.3800	715.6343	49668000
Jun 24, 2026	715.3700	719.9300	704.4500	710.6200	709.8803	52480400
Jun 23, 2026	715.7400	723.6100	712.1100	713.6500	712.9072	53354200
Jun 22, 2026	742.0200	745.4500	734.3900	737.9500	737.1818	43518600
Jun 18, 2026	737.2000	741.8200	732.5100	740.6200	739.0369	50154600
Jun 17, 2026	735.1900	735.6800	720.8500	722.5100	720.9656	51669300
Jun 16, 2026	742.2500	744.2200	729.6400	729.8600	728.2999	45348700
Jun 15, 2026	738.1000	744.7600	737.3800	744.0000	742.4097	46710200
Jun 12, 2026	717.6100	724.0100	711.2800	721.3400	719.7981	51168400
Jun 11, 2026	699.2900	718.3700	695.0000	717.1200	715.5871	71798900
Jun 10, 2026	701.6600	711.2800	692.9300	693.6900	692.2072	65334300
Jun 09, 2026	722.9800	725.6600	686.3700	707.8300	706.3170	91932200
Jun 08, 2026	717.8100	723.0300	713.0700	716.0700	714.5394	47401500
Jun 05, 2026	730.0600	731.6900	704.3200	705.0600	703.5529	99606600
Jun 04, 2026	735.4800	743.5000	732.6200	740.6100	739.0269	40782600
Jun 03, 2026	747.3100	748.6500	741.0100	744.2100	742.6193	40270200
Jun 02, 2026	742.4000	746.4400	739.2300	746.1600	744.5650	30085200
Jun 01, 2026	737.0400	745.6500	735.9900	742.7400	741.1524	33890600
May 29, 2026	737.8400	741.6300	735.2500	738.3100	736.7318	37541700
May 28, 2026	729.7300	736.6000	726.4100	735.6000	734.0276	32840000
May 27, 2026	732.9600	733.3200	725.4400	729.4500	727.8908	35148700
May 26, 2026	725.9600	731.1700	724.1600	730.2800	728.7191	34254700
May 22, 2026	718.0700	722.1200	715.9500	717.5400	716.0062	33118600
May 21, 2026	708.9900	717.1200	706.7700	714.5100	712.9827	36415400
May 20, 2026	705.2900	713.1500	703.7900	713.1500	711.6257	36779200
May 19, 2026	699.8100	706.4900	695.2500	701.5300	700.0305	46827500
May 18, 2026	711.5400	712.0700	698.8500	705.8800	704.3712	49834500
May 15, 2026	710.1400	715.1300	705.5500	708.9300	707.4147	51792700
May 14, 2026	714.6200	722.0300	714.2200	719.7900	718.2514	33327500
May 13, 2026	709.9600	716.6500	704.8300	714.7100	713.1823	40012500
May 12, 2026	708.2200	710.1800	696.6400	707.2400	705.7282	45873000
May 11, 2026	710.3600	714.5900	708.9100	713.2900	711.7653	36019100
May 08, 2026	699.9200	711.2300	699.5000	711.2300	709.7097	44320400
May 07, 2026	696.5800	701.2400	691.7700	694.9400	693.4545	43779100
May 06, 2026	687.7800	695.9300	686.4800	695.7700	694.2828	38778500
May 05, 2026	677.9600	682.7700	677.5100	681.6100	680.1530	37101100
May 04, 2026	674.6600	676.7300	668.9000	672.8800	671.4417	34542000
May 01, 2026	669.1600	675.9700	668.8000	674.1500	672.7090	39172600
Apr 30, 2026	665.3500	668.9000	657.5600	667.7400	666.3126	40622200
Apr 29, 2026	658.6300	661.7200	656.5900	661.5700	660.1559	31724900
Apr 28, 2026	657.4100	659.6400	653.8100	657.5500	656.1445	34147900
Apr 27, 2026	663.4000	664.4300	660.6900	664.2300	662.8102	32717000
Apr 24, 2026	658.5100	664.5100	656.5300	663.8800	662.4609	45563100
Apr 23, 2026	653.5500	656.9200	645.5200	651.4200	650.0275	40099800
Apr 22, 2026	650.1500	655.3300	648.5200	655.1100	653.7097	37368400
Apr 21, 2026	648.4100	650.2000	642.2100	644.3300	642.9527	39580500
Apr 20, 2026	648.0400	648.7600	642.5200	646.7900	645.4074	37138500
Apr 17, 2026	645.5900	650.0000	644.0700	648.8500	647.4630	53488900
Apr 16, 2026	639.2100	642.1800	635.2600	640.4700	639.1010	42320600
Apr 15, 2026	629.0800	637.8300	628.2000	637.4000	636.0375	50102400
Apr 14, 2026	620.2200	628.6000	620.1000	628.6000	627.2563	49921100
Apr 13, 2026	609.4800	626.7400	608.1100	617.3900	616.0703	32972100
Apr 10, 2026	611.8400	613.6700	609.5800	611.0700	609.7639	34038500
Apr 09, 2026	605.9300	610.5000	603.0300	610.1900	608.8857	37837500
Apr 08, 2026	608.7100	609.9000	602.1200	606.0900	604.7945	63086000
Apr 07, 2026	585.6400	588.9800	578.4000	588.5900	587.3319	49948200
Apr 06, 2026	586.2300	590.6100	584.6900	588.5000	587.2421	35108500
Apr 02, 2026	573.9700	586.0500	571.9200	584.9800	583.7296	50941700
Apr 01, 2026	581.4800	587.7400	580.4200	584.3100	583.0610	79435100
Mar 31, 2026	564.2900	578.6400	564.2100	577.1800	575.9462	95878000
Mar 30, 2026	567.3800	568.0500	555.6000	558.2800	557.0867	70602600
Mar 27, 2026	570.8100	571.0200	561.5700	562.5800	561.3775	82702200
Mar 26, 2026	582.6000	584.6300	573.4300	573.7900	572.5635	81492100
Mar 25, 2026	589.1400	591.3700	585.6900	587.8200	586.5635	60475500
Mar 24, 2026	584.8100	587.9300	581.9300	583.9800	582.7317	57750900
Mar 23, 2026	590.5200	595.0800	585.9600	588.0000	586.7432	89936100
Mar 20, 2026	591.0600	591.1700	578.5400	582.0600	580.0844	91964700
Mar 19, 2026	589.5100	595.8000	587.0800	593.0200	591.0072	75597600
Mar 18, 2026	601.4900	603.1600	594.5600	594.9000	592.8809	56128000
Mar 17, 2026	603.1400	605.9000	601.8700	603.3100	601.2623	47106600
Mar 16, 2026	600.0400	603.8600	599.1100	600.3800	598.3422	49077200
Mar 13, 2026	599.7300	603.6000	592.5700	593.7200	591.7048	63145500
Mar 12, 2026	602.7600	604.1400	597.0500	597.2600	595.2328	71836600
Mar 11, 2026	608.9500	612.4300	605.0300	607.6900	605.6273	60114800
Mar 10, 2026	607.7800	613.2900	605.4200	607.7700	605.7072	64078900
Mar 09, 2026	594.2300	609.2700	591.3300	607.7600	605.6971	93068200
Mar 06, 2026	600.3100	606.0000	598.3300	599.7500	597.7144	86302300
Mar 05, 2026	607.4000	612.7600	602.2600	608.9100	606.8433	89602400
Mar 04, 2026	604.1600	612.8800	603.4300	610.7500	608.6769	70943900
Mar 03, 2026	596.3300	603.9600	591.8700	601.5800	599.5381	97015500
Mar 02, 2026	598.8600	609.9200	597.9900	608.0900	606.0261	75264600
Feb 27, 2026	602.9800	608.3200	602.1900	607.2900	605.2288	68125200
Feb 26, 2026	615.5900	615.5900	603.9800	609.2400	607.1721	96178900
Feb 25, 2026	611.0700	616.8300	611.0000	616.6800	614.5869	55710700
Feb 24, 2026	602.4000	608.9900	599.7300	607.8700	605.8068	55023700
Feb 23, 2026	606.6100	608.0100	599.0500	601.4100	599.3687	63859100
Feb 20, 2026	600.1200	610.3500	599.2300	608.8100	606.7435	74127300
Feb 19, 2026	602.8100	605.8200	600.7500	603.4700	601.4216	60960800
Feb 18, 2026	602.1100	609.7700	600.7200	605.7900	603.7339	64250700
Feb 17, 2026	598.3800	603.9500	593.3400	601.3000	599.2590	69013800
Feb 13, 2026	600.4300	606.4800	596.4200	601.9200	599.8770	69237500
Feb 12, 2026	614.7100	615.8100	599.5700	600.6400	598.6013	81378900
Feb 11, 2026	616.3800	617.5200	607.6900	613.1100	611.0290	58575100
Feb 10, 2026	615.3100	617.0200	611.0100	611.4700	609.3945	53938900
Feb 09, 2026	607.5400	616.4600	605.0700	614.3200	612.2349	56797600
Feb 06, 2026	600.1900	611.4100	598.7700	609.6500	607.5807	78019300
Feb 05, 2026	600.2100	604.8100	594.7600	597.0300	595.0036	89354500
Feb 04, 2026	615.0200	615.1000	600.4700	605.7500	603.6939	81850700
Feb 03, 2026	628.3000	629.9800	610.9600	616.5200	614.4274	81234000
Feb 02, 2026	618.7000	628.4900	618.6600	626.1400	624.0148	49020300
Jan 30, 2026	625.7100	628.2600	619.3000	621.8700	619.7592	65650700
Jan 29, 2026	632.6500	633.6700	618.2700	629.4300	627.2936	79944000
Jan 28, 2026	635.4600	636.6000	631.8100	633.2200	631.0707	50691700
Jan 27, 2026	628.9100	632.0400	627.3400	631.1300	628.9879	38997200
Jan 26, 2026	623.2100	627.6100	622.1200	625.4600	623.3371	35983000
Jan 23, 2026	619.7300	625.4000	618.6500	622.7200	620.6064	43645800
Jan 22, 2026	622.3500	622.4600	617.7800	620.7600	618.6530	42254800
Jan 21, 2026	609.4700	620.4200	607.8600	616.2800	614.1882	79837900
Jan 20, 2026	610.5300	615.0600	607.0500	608.0600	605.9962	81988900
Jan 16, 2026	625.5000	626.0800	618.8800	621.2600	619.1514	61058100
Jan 15, 2026	626.6000	630.0000	620.7500	621.7800	619.6696	53934900
Jan 14, 2026	622.2400	623.4500	614.5600	619.5500	617.4471	72598700
Jan 13, 2026	627.2700	629.4700	623.7000	626.2400	624.1144	44481400
Jan 12, 2026	622.3100	628.8500	622.2600	627.1700	625.0413	37388700
Jan 09, 2026	621.4100	627.8900	619.0600	626.6500	624.5231	49688700
Jan 08, 2026	623.0300	623.4200	617.8000	620.4700	618.3640	50435900
Jan 07, 2026	623.0400	627.9400	622.5600	624.0200	621.9020	44880300
Jan 06, 2026	619.2300	624.0200	618.5400	623.4200	621.3040	43137500
Jan 05, 2026	619.3200	620.8100	616.7200	617.9900	615.8924	46828400
Jan 02, 2026	620.0600	622.8500	610.1500	613.1200	611.0389	61859200
Dec 31, 2025	619.6500	619.9600	614.0500	614.3100	612.2249	40746500
Dec 30, 2025	619.8400	622.1800	619.2200	619.4300	617.3275	31226800
Dec 29, 2025	620.1000	622.7800	618.7300	620.8700	618.7626	32458300
Dec 26, 2025	624.6600	625.5200	623.1400	623.8900	621.7725	28959800
Dec 24, 2025	621.9900	624.2800	621.7200	623.9300	621.8123	18468700
Dec 23, 2025	618.2000	622.4100	617.7800	622.1100	619.9984	41120400
Dec 22, 2025	621.3500	621.6500	617.7700	619.2100	617.1083	43703100
Dec 19, 2025	611.9500	617.6200	611.8700	617.0500	614.1642	60369800
Dec 18, 2025	609.8000	612.9300	606.9200	609.1100	606.2614	78875800
Dec 17, 2025	613.0600	613.6500	600.2800	600.4100	597.6021	70654300
Dec 16, 2025	608.2600	613.5100	606.9100	611.7500	608.8891	55152800
Dec 15, 2025	618.3700	618.4200	609.3200	610.5400	607.6848	49538200
Dec 12, 2025	622.0800	623.5400	611.3600	613.6200	610.7504	75158700
Dec 11, 2025	623.8200	625.7800	617.7200	625.5800	622.6545	58272800
Dec 10, 2025	623.8500	629.2100	620.9900	627.6100	624.6750	55031400
Dec 09, 2025	623.0100	625.8700	621.0000	625.0500	622.1269	37156000
Dec 08, 2025	627.2100	628.8400	621.6900	624.2800	621.3605	43462400
Dec 05, 2025	624.3800	628.9200	623.7100	625.4800	622.5549	53614200
Dec 04, 2025	624.9300	624.9400	619.5400	622.9400	620.0268	47067800
Dec 03, 2025	619.6200	624.2200	618.0300	623.5200	620.6041	47841600
Dec 02, 2025	619.4600	623.7500	617.5900	622.0000	619.0911	54541800
Dec 01, 2025	613.6300	619.4400	612.5200	617.1700	614.2838	40957600
Nov 28, 2025	616.1100	619.3200	615.4200	619.2500	616.3541	23034400
Nov 26, 2025	612.5100	616.1900	610.3900	614.2700	611.3973	42393600
Nov 25, 2025	603.5100	610.2600	597.3200	608.8900	606.0425	57560900
Nov 24, 2025	595.2800	606.6800	595.1600	605.1600	602.3299	60168100
Nov 21, 2025	587.4700	596.9800	580.7400	590.0700	587.3105	103344200
Nov 20, 2025	611.6200	614.0300	584.7500	585.6700	582.9311	117743200
Nov 19, 2025	597.0700	606.1600	594.5900	599.8700	597.0647	73111500
Nov 18, 2025	599.6200	602.3100	591.3400	596.3100	593.5213	83327300
Nov 17, 2025	606.3000	612.4800	599.8700	603.6600	600.8369	63850400
Nov 14, 2025	599.5500	613.3500	597.1700	608.8600	606.0126	80087300
Nov 13, 2025	617.5400	618.1200	606.0800	608.4000	605.5548	71333600
Nov 12, 2025	624.8400	624.8600	617.8100	621.0800	618.1755	47444400
Nov 11, 2025	620.5700	622.7200	617.5200	621.5700	618.6632	44868800
Nov 10, 2025	618.9200	624.3100	616.8900	623.2300	620.3154	55919900
Nov 07, 2025	608.3100	609.9500	598.6700	609.7400	606.8885	81835400
Nov 06, 2025	621.7900	622.0400	610.3000	611.6700	608.8095	72115100
Nov 05, 2025	618.4900	626.6000	617.2100	623.2800	620.3652	48688500
Nov 04, 2025	623.2800	626.9500	618.4600	619.2500	616.3541	63830800
Nov 03, 2025	635.1100	635.8200	629.8500	632.0800	629.1241	37154300
Oct 31, 2025	634.1700	634.2000	626.6900	629.0700	626.1282	66305100
Oct 30, 2025	632.1700	633.5000	625.9400	626.0500	623.1222	61628600
Oct 29, 2025	635.5900	637.0100	630.2500	635.7700	632.7968	67422800
Oct 28, 2025	630.3600	634.6800	629.2500	632.9200	629.9601	61195700
Oct 27, 2025	624.5200	628.5500	624.0300	628.0900	625.1528	54098600
Oct 24, 2025	615.9900	618.4200	615.1300	617.1000	614.2140	47632500
Oct 23, 2025	604.9100	611.3700	604.5200	610.5800	607.7246	42844300
Oct 22, 2025	610.8200	611.4100	599.7400	605.4900	602.6584	61478800
Oct 21, 2025	611.6400	612.7200	609.3200	611.3800	608.5209	44538200
Oct 20, 2025	607.1400	612.8000	607.0700	611.5400	608.6801	45761700
Oct 17, 2025	597.9500	605.5100	596.3700	603.9300	601.1057	72024900
Oct 16, 2025	605.1100	608.3100	595.5000	599.9900	597.1841	70982000
Oct 15, 2025	604.0100	606.7000	595.9300	602.2200	599.4037	62805500
Oct 14, 2025	595.3100	602.6900	590.1300	598.0000	595.2034	69203200
Oct 13, 2025	599.6800	602.9500	597.2300	602.0100	599.1946	65872600
Oct 10, 2025	611.4000	613.1800	589.0500	589.5000	586.7432	97614800
Oct 09, 2025	611.4800	611.6100	607.4800	610.7000	607.8440	45551000
Oct 08, 2025	605.4100	611.7500	605.2600	611.4400	608.5806	50629800
Oct 07, 2025	609.0200	609.7100	603.0300	604.5100	601.6830	58209500
Oct 06, 2025	608.4500	609.3600	605.9700	607.7100	604.8680	41962100
Oct 03, 2025	606.5100	607.3300	601.3900	603.1800	600.3592	46482100
Oct 02, 2025	607.0600	607.1600	602.9300	605.7300	602.8973	43765400
Oct 01, 2025	597.1700	603.7900	596.3400	603.2500	600.4288	46899600
Sep 30, 2025	598.4300	600.7100	596.1000	600.3700	597.5623	46533800
Sep 29, 2025	599.1100	602.0500	597.4100	598.7300	595.9300	48332900
Sep 26, 2025	594.3500	596.3000	591.0600	595.9700	593.1829	54337400
Sep 25, 2025	592.2000	595.1200	588.5000	593.5300	590.7543	70920200
Sep 24, 2025	599.5800	599.9000	593.3600	596.1000	593.3123	49850300
Sep 23, 2025	602.3700	602.5700	596.9800	598.2000	595.4025	64635500
Sep 22, 2025	597.7400	602.8700	597.7200	602.2000	599.3838	57154800
Sep 19, 2025	597.3300	600.0500	595.8500	599.3500	595.8563	58196100
Sep 18, 2025	594.9100	598.1400	592.9600	595.3200	591.8499	61069300
Sep 17, 2025	591.1000	591.7500	584.3700	590.0000	586.5609	69384800
Sep 16, 2025	592.6100	592.8600	590.4900	591.1800	587.7339	36942100
Sep 15, 2025	588.4400	591.7900	588.2900	591.6800	588.2310	44360300
Sep 12, 2025	585.0400	587.8600	584.1000	586.6600	583.2403	50745900
Sep 11, 2025	583.2400	584.8800	581.6200	584.0800	580.6754	44745800
Sep 10, 2025	583.7400	583.7700	578.5500	580.7000	577.3151	49308000
Sep 09, 2025	579.6700	580.9400	577.0400	580.5100	577.1262	44007600
Sep 08, 2025	578.3700	580.8400	577.7700	578.8700	575.4957	46371400
Sep 05, 2025	580.4900	581.1200	571.5300	576.0600	572.7021	68342500
Sep 04, 2025	570.7400	575.6000	569.0300	575.2300	571.8769	47526300
Sep 03, 2025	569.2300	571.7000	566.7300	570.0700	566.7470	54230200
Sep 02, 2025	561.3100	565.9700	559.5400	565.6200	562.3229	65876800
Aug 29, 2025	574.6600	575.0300	568.5400	570.4000	567.0751	56030400
Aug 28, 2025	574.1100	578.0000	572.4600	577.0800	573.7162	46787900
Aug 27, 2025	571.5900	574.4100	570.3700	573.4900	570.1472	36927100
Aug 26, 2025	569.8300	572.9200	568.8000	572.6100	569.2722	34103000
Aug 25, 2025	570.4000	573.2900	569.1600	570.3200	566.9957	34044700
Aug 22, 2025	564.6700	573.9900	563.2700	571.9700	568.6359	51502100
Aug 21, 2025	564.3500	566.4900	560.9800	563.2800	559.9966	46436900
Aug 20, 2025	568.3300	568.4500	558.8400	565.9000	562.6014	76781100
Aug 19, 2025	576.3900	576.5600	568.2500	569.2800	565.9616	53752600
Aug 18, 2025	576.4400	577.7700	575.2400	577.1100	573.7460	29831000
Aug 15, 2025	579.8000	579.8400	575.5700	577.3400	573.9747	49480200
Aug 14, 2025	578.2800	581.8800	577.9100	579.8900	576.5097	45425000
Aug 13, 2025	582.7600	583.3200	578.9400	580.3400	576.9572	41209300
Aug 12, 2025	575.1600	580.3500	572.4900	580.0500	576.6688	42143300
Aug 11, 2025	574.6900	576.8000	571.5700	572.8500	569.5108	33112900
Aug 08, 2025	570.4500	574.7700	570.1500	574.5500	571.2009	35255500
Aug 07, 2025	571.6700	573.3200	565.1100	569.2400	565.9219	44463000
Aug 06, 2025	561.1100	567.7600	560.6300	567.3200	564.0131	41823700
Aug 05, 2025	565.3900	566.5600	559.7300	560.2700	557.0042	48666600
Aug 04, 2025	559.0500	564.3200	558.9500	564.1000	560.8118	47669800
Aug 01, 2025	558.8300	559.0200	551.6800	553.8800	550.6514	69400800
Jul 31, 2025	574.5400	574.6300	563.8700	565.0100	561.7166	64613600
Jul 30, 2025	568.1800	570.6200	565.0500	568.0200	564.7090	43433800
Jul 29, 2025	570.7600	572.1100	566.5300	567.2600	563.9534	45463300
Jul 28, 2025	567.7400	569.0400	566.8700	568.1400	564.8284	31498700
Jul 25, 2025	564.9300	567.7000	564.2700	566.3700	563.0686	30630800
Jul 24, 2025	565.1300	566.2400	563.2900	565.0100	561.7166	42275500
Jul 23, 2025	562.3400	563.8500	559.5800	563.8100	560.5236	40215300
Jul 22, 2025	564.3000	564.3500	558.6100	561.2500	557.9785	43270600
Jul 21, 2025	562.0900	566.0600	562.0600	564.1700	560.8813	39595200
Jul 18, 2025	563.1200	564.7300	559.9800	561.2600	557.9883	50484700
Jul 17, 2025	558.0200	562.3100	557.2100	561.8000	558.5252	40423800
Jul 16, 2025	557.2800	560.2100	551.5600	557.2900	554.0415	52314700
Jul 15, 2025	560.2500	560.8000	556.6600	556.7200	553.4749	43277700
Jul 14, 2025	553.9900	556.9500	551.6300	556.2100	552.9678	36453300
Jul 11, 2025	553.3000	555.7900	552.0500	554.2000	550.9695	39618600
Jul 10, 2025	556.8900	557.3000	552.7500	555.4500	552.2122	34710900
Jul 09, 2025	554.4800	557.6300	553.1000	556.2500	553.0076	43045500
Jul 08, 2025	553.3800	554.0100	551.1000	552.3400	549.1204	36153300
Jul 07, 2025	553.5200	554.3400	549.5800	552.0300	548.8123	45349300
Jul 03, 2025	553.1800	557.2000	553.1800	556.2200	552.9777	26443500
Jul 02, 2025	546.1600	551.0000	546.1200	550.8000	547.5894	36538300
Jul 01, 2025	549.7300	550.7100	544.6600	546.9900	543.8015	56166700
Jun 30, 2025	551.2600	552.8000	549.0100	551.6400	548.4245	45548700
Jun 27, 2025	547.2600	549.9900	544.5400	548.0900	544.8951	57577100
Jun 26, 2025	543.3500	546.6700	541.5200	546.2200	543.0360	43811400
Jun 25, 2025	542.0600	543.3100	539.3800	541.1600	538.0055	44804200
Jun 24, 2025	536.8900	540.7000	536.2700	539.7800	536.6337	45442000
Jun 23, 2025	526.8100	532.1700	523.6500	531.6500	528.5510	50666100
Jun 20, 2025	532.2600	533.5600	524.8800	526.8300	523.1716	61643500
Jun 18, 2025	530.1000	532.5500	527.4000	528.9900	525.3165	43983500
Jun 17, 2025	531.7100	533.3300	527.9100	529.0800	525.4059	42180900
Jun 16, 2025	530.5000	535.3700	530.4500	534.2900	530.5797	37622100
Jun 13, 2025	527.6800	531.8700	525.7300	526.9600	523.3006	55814400
Jun 12, 2025	531.0900	534.6400	530.8400	533.6600	529.9540	34104900
Jun 11, 2025	535.6200	536.7800	530.1100	532.4100	528.7127	53701000
Jun 10, 2025	531.1700	534.9000	528.8900	534.2100	530.5003	40664800
Jun 09, 2025	530.1400	532.3500	529.0100	530.7000	527.0146	33688700
Jun 06, 2025	530.0000	531.8000	528.2100	529.9200	526.2399	42467000
Jun 05, 2025	530.1800	533.0500	522.6600	524.7900	521.1456	61031200
Jun 04, 2025	528.0100	529.8400	525.9700	528.7700	525.0981	41359300
Jun 03, 2025	523.5600	528.7400	522.6900	527.3000	523.6382	44070300
Jun 02, 2025	517.2400	523.4500	515.9700	523.2100	519.5767	44762800
May 30, 2025	519.4400	520.6800	511.9300	519.1100	515.5051	67662800
May 29, 2025	526.3300	526.4800	517.3200	519.9300	516.3194	58513300
May 28, 2025	522.1800	523.6800	518.3900	518.9100	515.3065	46637200
May 27, 2025	516.1500	521.7100	514.5900	521.2200	517.6005	47226300
May 23, 2025	506.1800	511.8400	505.5800	509.2400	505.7036	58368100
May 22, 2025	513.6600	517.7100	512.3000	514.0000	510.4306	55607200
May 21, 2025	516.2700	523.0000	511.2400	513.0400	509.4773	71292800
May 20, 2025	519.4700	520.9300	516.6600	520.2700	516.6571	42517600
May 19, 2025	514.2400	522.5300	514.2400	522.0100	518.3849	52536200
May 16, 2025	520.6600	521.7000	517.1000	521.5100	517.8884	48394600
May 15, 2025	516.5200	521.9300	515.1700	519.2500	515.6441	50153300
May 14, 2025	516.7700	519.2300	515.7500	518.6800	515.0781	47014500
May 13, 2025	509.1600	517.3900	508.4200	515.5900	512.0096	53269600
May 12, 2025	506.9900	507.8900	501.4800	507.8500	504.3233	45090600
May 09, 2025	490.2100	491.5400	486.2000	487.9700	484.5814	27767400
May 08, 2025	488.5300	492.7000	484.1700	488.2900	484.8992	39577600
May 07, 2025	482.0800	485.8000	476.7800	483.3000	479.9438	38006300
May 06, 2025	479.5600	485.0500	478.1900	481.4100	478.0669	32786300
May 05, 2025	484.6000	489.0300	484.1000	485.9300	482.5555	28309500
May 02, 2025	486.5400	490.9100	484.8300	488.8300	485.4354	39218100
May 01, 2025	483.4100	487.1800	480.7400	481.6800	478.3350	43316500
Apr 30, 2025	467.1300	477.2000	462.4300	475.4700	472.1682	46810600
Apr 29, 2025	470.1700	476.4200	469.5900	475.5300	472.2277	30613100
Apr 28, 2025	473.0300	474.8100	466.0300	472.4100	469.1294	33550800
Apr 25, 2025	466.9700	473.0900	465.3900	472.5600	469.2784	38697100
Apr 24, 2025	456.4800	467.6600	455.8300	467.3500	464.1046	45956100
Apr 23, 2025	458.1700	463.3800	452.8800	454.5600	451.4034	55801100
Apr 22, 2025	438.8200	447.5800	437.6200	444.4800	441.3934	52304400
Apr 21, 2025	438.2300	439.0800	427.9300	433.1100	430.1023	44149300
Apr 17, 2025	447.1700	447.7500	441.3600	444.1000	441.0160	44837000
Apr 16, 2025	449.0300	452.6200	437.7600	444.1800	441.0955	48980600
Apr 15, 2025	458.5400	462.3800	456.1500	457.9900	454.8096	35404200
Apr 14, 2025	464.4600	465.0500	452.6300	457.4800	454.3031	43941200
Apr 11, 2025	444.6500	455.7900	441.3300	454.4000	451.2444	52483800
Apr 10, 2025	453.5600	455.5900	432.6300	446.1800	443.0816	108384100
Apr 09, 2025	415.5700	467.8300	415.4300	466.0000	462.7639	142876900
Apr 08, 2025	438.1600	443.1400	409.7900	416.0600	413.1707	101248100
Apr 07, 2025	408.6600	443.1400	402.3900	423.6900	420.7478	161557000
Apr 04, 2025	438.1400	440.3700	422.6700	422.6700	419.7348	117088400
Apr 03, 2025	456.4400	460.0700	450.1400	450.6600	447.5305	70456300
Apr 02, 2025	466.1200	479.5600	465.8600	476.1500	472.8434	49894500
Apr 01, 2025	467.3000	473.6300	464.4200	472.7000	469.4174	41156200
Mar 31, 2025	461.9200	469.8600	457.3300	468.9200	465.6637	53000300
Mar 28, 2025	479.8100	480.5200	468.0500	468.9400	465.6835	46363800
Mar 27, 2025	482.4100	486.5800	480.2500	481.6200	478.2755	33469800
Mar 26, 2025	492.3000	493.1600	482.8200	484.3800	481.0163	34627100
Mar 25, 2025	491.3900	493.6200	490.4200	493.4600	490.0332	26035200
Mar 24, 2025	487.7400	491.5100	484.4000	490.6600	487.2527	34567200
Mar 21, 2025	474.0800	481.6100	472.9100	480.8400	476.7899	42234900
Mar 20, 2025	476.8800	484.5500	476.1800	479.2600	475.2232	36780500
Mar 19, 2025	476.8100	485.3300	474.8700	480.8900	476.8395	40430300
Mar 18, 2025	479.4100	479.6100	472.4100	474.5400	470.5429	39072300
Mar 17, 2025	479.6100	485.8400	477.8000	482.7700	478.7036	41744400
Mar 14, 2025	473.7300	480.5600	473.1200	479.6600	475.6198	43563000
Mar 13, 2025	476.2500	476.2800	466.4300	468.3400	464.3951	46563300
Mar 12, 2025	479.1600	481.0600	471.7900	476.9200	472.9029	46971100
Mar 11, 2025	472.3500	478.8100	467.0100	471.6000	467.6277	68760800
Mar 10, 2025	483.4500	483.9700	468.6600	472.7300	468.7482	76668000
Mar 07, 2025	487.1600	493.2800	480.5300	491.7900	487.6476	54714700
Mar 06, 2025	493.6900	498.5800	486.2000	488.2000	484.0879	57574300
Mar 05, 2025	496.2000	503.6300	491.2600	502.0100	497.7816	46323700
Mar 04, 2025	494.1800	503.7400	487.7400	495.5500	491.3759	67875400
Mar 03, 2025	511.5200	513.0400	493.5800	497.0500	492.8633	44587200
Feb 28, 2025	500.1300	508.7800	496.9300	508.1700	503.8897	47654000
Feb 27, 2025	518.1300	519.0700	500.0500	500.2700	496.0562	52448000
Feb 26, 2025	515.5300	519.6600	511.3700	514.5600	510.2258	34457600
Feb 25, 2025	519.2400	519.3200	509.4400	513.3200	508.9963	48940000
Feb 24, 2025	527.8800	529.0700	519.5300	519.8700	515.4910	39268400
Feb 21, 2025	538.3800	538.4000	525.7100	526.0800	521.6488	47093800
Feb 20, 2025	538.7300	539.1000	532.4600	537.2300	532.7048	26550800
Feb 19, 2025	538.5700	540.8100	536.4600	539.5200	534.9756	19666900
Feb 18, 2025	539.7300	540.0000	536.0400	539.3700	534.8268	20565000
Feb 14, 2025	536.0100	538.8400	535.6700	538.1500	533.6172	17862600
Feb 13, 2025	529.9800	536.2200	529.1900	535.9000	531.3862	28714800
Feb 12, 2025	522.3000	529.1900	521.9500	528.3000	523.8501	25009400
Feb 11, 2025	525.9600	529.9200	525.8300	527.9900	523.5427	19325500
Feb 10, 2025	527.2200	530.3600	526.7500	529.2500	524.7922	20852800
Feb 07, 2025	530.1400	532.1000	522.1900	522.9200	518.5154	29605500
Feb 06, 2025	527.3600	529.8100	525.7400	529.6000	525.1391	19434500
Feb 05, 2025	521.8200	527.0100	520.6200	526.8500	522.4123	21134100
Feb 04, 2025	518.6300	525.1100	518.2300	524.4700	520.0524	26046800
Feb 03, 2025	513.4700	520.8500	511.0500	518.1100	513.7460	40580800
Jan 31, 2025	526.9200	531.5200	521.1900	522.2900	517.8907	38755200
Jan 30, 2025	523.7100	526.1000	518.2100	523.0500	518.6443	27431300
Jan 29, 2025	522.4600	522.5900	516.9000	520.8300	516.4431	26649000
Jan 28, 2025	515.2200	523.0000	511.7800	521.8100	517.4148	33194200
Jan 27, 2025	511.0000	517.9900	510.1500	514.2100	509.8788	60771700
Jan 24, 2025	533.0200	533.7900	528.1500	529.6300	525.1689	19878300
Jan 23, 2025	529.0400	532.7600	528.4500	532.6400	528.1536	23096600
Jan 22, 2025	529.5700	533.8200	529.2600	531.5100	527.0330	33593000
Jan 21, 2025	524.4800	525.9700	520.0600	524.8000	520.3796	23628000
Jan 17, 2025	522.8500	524.0700	513.1100	521.7400	517.3453	51837900
Jan 16, 2025	518.9800	519.0600	512.9500	513.0800	508.7583	28229000
Jan 15, 2025	513.0300	517.8500	511.4600	516.7000	512.3478	34957600
Jan 14, 2025	508.7400	510.1600	501.5900	505.0800	500.8257	33737200
Jan 13, 2025	501.2000	506.0200	499.7000	505.5600	501.3017	31694200
Jan 10, 2025	511.4800	511.5800	503.9200	507.1900	502.9179	40532500
Jan 08, 2025	515.0800	516.9200	510.5700	515.2700	510.9299	30777800
Jan 07, 2025	525.5900	525.9900	513.2800	515.1800	510.8405	36690300
Jan 06, 2025	524.0200	527.9200	522.0300	524.5400	520.1218	36109700
Jan 03, 2025	513.3500	519.6500	512.5300	518.5800	514.2120	29059500
Jan 02, 2025	514.3000	516.6400	505.7100	510.2300	505.9323	36389800
Dec 31, 2024	516.9000	517.6600	510.2600	511.2300	506.9239	29117000
Dec 30, 2024	515.5100	519.3600	511.8300	515.6100	511.2669	34584000
Dec 27, 2024	526.0100	526.4500	517.8600	522.5600	518.1585	33839600
Dec 26, 2024	528.3200	531.2400	526.3100	529.6000	525.1391	19090500
Dec 24, 2024	524.8300	530.0500	524.1900	529.9600	525.4962	17558200
Dec 23, 2024	519.5500	523.2500	516.1300	522.8700	518.4658	29672800
Dec 20, 2024	510.4400	524.8200	509.2900	518.6600	513.4633	60530000
Dec 19, 2024	521.1900	521.7600	513.8300	514.1700	509.0182	46441800
Dec 18, 2024	535.1500	536.8800	515.0100	516.4700	511.2953	54703200
Dec 17, 2024	536.3600	537.4800	534.1300	535.8000	530.4315	28579100
Dec 16, 2024	533.0800	539.1500	533.0000	538.1700	532.7779	31979900
Dec 13, 2024	530.4600	533.1700	527.3000	530.5300	525.2145	28780400
Dec 12, 2024	527.6800	528.9600	526.0200	526.5000	521.2248	23577500
Dec 11, 2024	525.0000	530.6100	524.5900	529.9200	524.6104	32168600
Dec 10, 2024	523.6200	525.3800	519.1600	520.6000	515.3839	24350000
Dec 09, 2024	525.5500	526.3500	521.2200	522.3800	517.1461	20674400
Dec 06, 2024	522.4800	526.7200	522.3500	526.4800	521.2049	23762600
Dec 05, 2024	523.3100	524.0400	521.4200	521.8100	516.5817	18169600
Dec 04, 2024	520.3200	523.5200	519.6000	523.2600	518.0173	26086200
Dec 03, 2024	513.9500	517.1500	513.3700	516.8700	511.6913	18597900
Dec 02, 2024	511.0100	516.2600	510.6200	515.2900	510.1270	25147200
Nov 29, 2024	505.9300	510.3400	505.3100	509.7400	504.6327	15334000
Nov 27, 2024	508.1700	508.2400	501.9300	505.3000	500.2372	24957400
Nov 26, 2024	508.0800	510.1400	507.2300	509.3100	504.2070	26557100
Nov 25, 2024	509.9000	511.4500	504.2600	506.5900	501.5143	26375200
Nov 22, 2024	504.4200	506.5300	502.7800	505.7900	500.7223	23826600
Nov 21, 2024	506.2400	506.9600	497.5600	504.9800	499.9204	34526700
Nov 20, 2024	503.1600	503.4800	496.5600	503.1700	498.1285	29565500
Nov 19, 2024	497.4200	503.9500	497.0800	503.4600	498.4156	24523000
Nov 18, 2024	498.1300	502.1400	496.7300	500.0200	495.0101	27080800
Nov 15, 2024	502.9400	503.3300	494.4900	496.5700	491.5947	51461100
Nov 14, 2024	511.9100	512.7900	507.7700	508.6900	503.5932	28679500
Nov 13, 2024	512.4000	514.9800	509.9500	512.2500	507.1175	24567400
Nov 12, 2024	513.7700	514.6600	509.8300	512.9100	507.7709	25835300
Nov 11, 2024	515.3700	515.5800	510.9200	513.8400	508.6917	24167500
Nov 08, 2024	513.0400	514.9200	512.4100	514.1400	508.9886	22924500
Nov 07, 2024	508.4000	514.3300	508.3400	513.5400	508.3946	32853100
Nov 06, 2024	500.5600	506.4100	499.6000	505.5800	500.5144	43082200
Nov 05, 2024	487.6100	492.8800	487.5200	492.2100	487.2784	24353600
Nov 04, 2024	486.8200	489.3800	484.2500	486.0100	481.1405	23291600
Nov 01, 2024	485.5000	490.7500	485.2000	487.4300	482.5462	33655800
Oct 31, 2024	492.3800	492.4300	483.7500	483.8500	479.0021	41245200
Oct 30, 2024	499.3900	500.3500	495.8900	496.3800	491.4066	29756000
Oct 29, 2024	495.7200	501.3500	493.8500	500.1600	495.1487	28014100
Oct 28, 2024	498.4600	498.5200	495.1000	495.4000	490.4363	20477800
Oct 25, 2024	495.1400	500.2800	494.4300	495.3200	490.3572	38762100
Oct 24, 2024	492.1100	493.0000	489.4400	492.3200	487.3872	22024900
Oct 23, 2024	493.5900	494.2500	485.0500	488.3600	483.4669	39346600
Oct 22, 2024	492.7300	497.4500	491.9700	495.9600	490.9908	26685800
Oct 21, 2024	493.2500	496.2300	491.3100	495.4200	490.4562	30336500
Oct 18, 2024	494.0600	495.5700	493.3000	494.4700	489.5157	25335000
Oct 17, 2024	496.4400	496.4900	491.1900	491.2500	486.3279	27210700
Oct 16, 2024	491.1800	491.6900	487.5700	490.9100	485.9915	22996800
Oct 15, 2024	497.8300	498.5000	488.6800	490.8500	485.9320	34784500
Oct 14, 2024	495.7700	498.8300	495.2600	497.5000	492.5154	26060100
Oct 11, 2024	490.7400	494.3900	490.1700	493.3600	488.4168	20644500
Oct 10, 2024	490.8500	494.4700	489.5300	492.5900	487.6545	25750400
Oct 09, 2024	489.0000	493.7300	487.9500	493.1500	488.2089	24995000
Oct 08, 2024	484.6600	489.9900	483.8500	489.3000	484.3975	28272000
Oct 07, 2024	485.3900	486.5700	480.8700	482.1000	477.2697	24975100
Oct 04, 2024	487.4500	487.8800	482.3900	487.3200	482.4373	30686600
Oct 03, 2024	479.7400	484.5500	478.9900	481.5900	476.7648	25337200
Oct 02, 2024	480.3600	483.8800	477.7200	481.9500	477.1212	23744000
Oct 01, 2024	487.7000	488.0000	477.4000	481.2700	476.4479	42735400
Sep 30, 2024	485.7800	488.4100	482.9200	488.0700	483.1799	30281100
Sep 27, 2024	490.5000	490.6400	485.5600	486.7500	481.8731	22851100
Sep 26, 2024	493.3700	493.7000	485.8000	489.4700	484.5658	32020200
Sep 25, 2024	484.7400	487.7900	484.5600	485.8200	480.9524	26549900
Sep 24, 2024	484.4600	486.3300	480.1700	485.3700	480.5069	25952600
Sep 23, 2024	482.9500	484.1400	481.6000	483.0400	478.2002	24843000
Sep 20, 2024	482.4900	483.6900	478.3000	482.4400	476.9360	34577700
Sep 19, 2024	482.6100	486.2300	480.4900	483.3600	477.8455	52782500
Sep 18, 2024	474.7000	478.8300	470.8300	471.4400	466.0615	39909200
Sep 17, 2024	476.2900	477.6000	470.9700	473.4900	468.0882	30084400
Sep 16, 2024	473.1900	473.8600	469.8900	473.2400	467.8410	22585600
Sep 13, 2024	472.4800	476.5300	472.2500	475.3400	469.9170	29111800
Sep 12, 2024	468.6500	474.0400	466.8500	473.2200	467.8213	40067800
Sep 11, 2024	459.9100	469.3700	451.2800	468.6200	463.2737	57843000
Sep 10, 2024	456.2400	459.1700	452.2300	458.6600	453.4273	29680300
Sep 09, 2024	453.0600	455.4600	449.8200	454.4600	449.2753	32981200
Sep 06, 2024	460.3300	461.2200	448.1900	448.6900	443.5711	50624400
Sep 05, 2024	458.9700	465.3600	457.9400	461.0400	455.7802	34452400
Sep 04, 2024	458.6700	464.4500	457.7300	460.6100	455.3551	32505100
Sep 03, 2024	473.2000	473.3300	459.4100	461.8100	456.5414	44985200
Aug 30, 2024	475.0400	476.9000	470.5100	476.2700	470.8364	33466500
Aug 29, 2024	473.2800	477.9300	469.3700	470.6600	465.2904	41081500
Aug 28, 2024	476.2900	477.0200	467.8900	471.3500	465.9726	37372400
Aug 27, 2024	473.6900	477.8400	471.7100	476.7600	471.3209	27510000
Aug 26, 2024	479.4500	480.3800	473.2400	475.3400	469.9170	27452600
Aug 23, 2024	479.2400	482.7400	475.2800	480.0000	474.5238	36061500
Aug 22, 2024	484.8400	485.5400	473.8100	474.8500	469.4326	37739600
Aug 21, 2024	481.0500	484.3700	479.3200	482.5000	476.9953	25658800
Aug 20, 2024	480.3500	482.9400	478.5500	480.2600	474.7809	29209300
Aug 19, 2024	475.1700	481.3100	473.3700	481.2700	475.7793	23737700
Aug 16, 2024	472.6200	476.4100	471.6500	475.0300	469.6105	38383600
Aug 15, 2024	468.7600	474.8200	468.3800	474.4200	469.0075	38280600
Aug 14, 2024	463.5100	465.1100	458.4000	462.7300	457.4509	34733700
Aug 13, 2024	455.8200	462.8500	455.6800	462.5800	457.3026	40084500
Aug 12, 2024	451.3900	454.3700	448.5500	451.3800	446.2304	27795000
Aug 09, 2024	446.7400	452.0600	445.6100	450.4100	445.2714	33574000
Aug 08, 2024	441.0600	448.9900	437.1500	448.0700	442.9582	47890100
Aug 07, 2024	446.4900	449.0000	434.3700	434.7700	429.8099	54929200
Aug 06, 2024	437.2300	447.0700	434.5600	439.5300	434.5155	63164400
Aug 05, 2024	424.7100	442.2900	423.4500	435.3700	430.4030	87483500
Aug 02, 2024	450.8900	453.5700	444.4700	448.7500	443.6304	66323200
Aug 01, 2024	471.7600	475.5500	455.9800	459.6600	454.4159	56653900
Jul 31, 2024	467.8700	472.7900	466.4100	471.0700	465.6957	44552100
Jul 30, 2024	465.8500	466.5600	454.1500	457.5300	452.3102	41317200
Jul 29, 2024	465.7100	467.9100	461.6200	463.9000	458.6075	28218500
Jul 26, 2024	462.6500	465.9300	459.7700	462.9700	457.6881	39992100
Jul 25, 2024	463.7200	467.9400	455.6300	458.2700	453.0418	59256800
Jul 24, 2024	473.8200	474.1900	462.5100	463.3800	458.0934	58818600
Jul 23, 2024	481.4100	484.4300	480.1400	480.6200	475.1368	23282500
Jul 22, 2024	481.1600	483.3500	477.7100	482.3200	476.8174	40300000
Jul 19, 2024	479.1500	481.6900	473.9400	475.2400	469.8181	42042900
Jul 18, 2024	485.5300	485.7100	476.2700	479.4900	474.0197	49347400
Jul 17, 2024	488.2800	488.8000	481.7000	481.7700	476.2737	56268800
Jul 16, 2024	497.6200	498.4400	493.1500	496.3400	490.6774	25950600
Jul 15, 2024	496.6100	501.0100	494.0900	496.1500	490.4896	31151400
Jul 12, 2024	492.5100	499.6200	492.0400	494.8200	489.1748	37109400
Jul 11, 2024	503.0700	503.2800	490.7300	491.9300	486.3177	49966600
Jul 10, 2024	499.7100	503.5200	498.3900	502.9600	497.2219	28046900
Jul 09, 2024	498.8700	500.0000	496.2400	497.7700	492.0912	25614500
Jul 08, 2024	496.5300	497.9000	495.5000	497.3400	491.6660	22109400
Jul 05, 2024	491.8900	496.6000	491.5900	496.1600	490.4995	28495900
Jul 03, 2024	486.2200	491.1700	486.2200	491.0400	485.4379	18064900
Jul 02, 2024	480.4100	487.0400	480.2800	486.9800	481.4243	26723600
Jul 01, 2024	480.0400	482.4900	476.2600	481.9200	476.4219	24898300
Jun 28, 2024	482.4100	487.2000	478.4600	479.1100	473.6440	34881600
Jun 27, 2024	480.1200	483.1000	479.3000	481.6100	476.1154	26222100
Jun 26, 2024	478.5500	480.9200	478.1300	480.3700	474.8896	22737100
Jun 25, 2024	476.0700	479.6800	475.1200	479.3800	473.9109	29014700
Jun 24, 2024	478.1800	479.9300	473.8200	473.9600	468.5528	37751000
Jun 21, 2024	481.1900	482.5400	478.6700	480.1800	473.9485	37456800
Jun 20, 2024	486.4200	486.8400	479.6200	481.4700	475.2218	33918700
Jun 18, 2024	485.0100	485.9000	483.4300	485.2100	478.9132	24438600
Jun 17, 2024	479.4600	486.8600	478.1400	485.0600	478.7652	37054500
Jun 14, 2024	476.5200	479.2600	476.0500	479.1900	472.9714	23372600
Jun 13, 2024	477.7200	478.3900	474.4200	476.7200	470.5333	25859000
Jun 12, 2024	471.9900	476.5000	471.2900	474.1500	467.9967	34532600
Jun 11, 2024	463.5400	468.1400	462.0300	468.0200	461.9463	22053300
Jun 10, 2024	461.8200	465.1900	461.5300	464.8300	458.7977	20660800
Jun 07, 2024	463.0000	465.7400	461.8400	462.9600	456.9520	25829700
Jun 06, 2024	464.2200	464.5400	462.1900	463.3700	457.3566	21966800
Jun 05, 2024	457.9800	463.6100	454.4100	463.5300	457.5146	33817400
Jun 04, 2024	452.8700	455.5800	451.1300	454.3700	448.4734	23767400
Jun 03, 2024	454.5700	455.5800	447.9000	453.1300	447.2496	32997500
May 31, 2024	451.7800	452.4800	443.0600	450.7100	444.8610	55941300
May 30, 2024	455.5000	455.6400	450.2100	451.5500	445.6901	30536800
May 29, 2024	455.4800	458.2400	455.3400	456.4400	450.5166	29739200
May 28, 2024	459.1800	459.7400	456.6900	459.6800	453.7145	26216800
May 24, 2024	455.2900	459.2300	453.5700	457.9500	452.0070	29669500
May 23, 2024	460.5500	460.5800	451.8500	453.6600	447.7726	40899200
May 22, 2024	456.0600	456.8200	453.0800	455.7100	449.7960	25120000
May 21, 2024	453.0400	455.9900	452.8400	455.8000	449.8849	23167700
May 20, 2024	451.9800	455.5800	451.7900	454.9100	449.0064	24474200
May 17, 2024	452.1100	452.7200	449.5400	451.7600	445.8974	35803700
May 16, 2024	452.7100	454.6900	451.8100	451.9800	446.1145	34780400
May 15, 2024	448.4300	453.1500	446.9000	452.9000	447.0225	41464700
May 14, 2024	442.6500	446.4700	442.4600	445.9300	440.1430	34478300
May 13, 2024	443.9900	444.0900	441.6500	443.0800	437.3300	22994200
May 10, 2024	442.5400	444.3100	440.5000	442.0600	436.3232	27116600
May 09, 2024	440.3300	441.6000	438.4600	441.0200	435.2967	24580100
May 08, 2024	437.6700	441.4800	437.5500	440.0600	434.3492	24896700
May 07, 2024	440.7000	441.9700	439.5800	440.3200	434.6057	30996100
May 06, 2024	437.3000	440.3400	436.5200	440.2500	434.5367	30227200
May 03, 2024	434.4400	436.4800	432.6200	435.4800	429.8286	48515300
May 02, 2024	425.3000	427.8100	420.6300	426.9000	421.3599	36559000
May 01, 2024	423.1500	430.1400	420.6600	421.5200	416.0497	52251700
Apr 30, 2024	431.1500	432.5600	424.5100	424.5900	419.0799	43665900
Apr 29, 2024	433.1300	433.7600	429.9800	432.7500	427.1340	30022200
Apr 26, 2024	427.6200	432.5500	426.9200	431.0000	425.4067	41874900
Apr 25, 2024	419.2400	425.3200	418.1400	424.4500	418.9417	57392200
Apr 24, 2024	428.2000	429.7300	424.2000	426.5100	420.9750	48440300
Apr 23, 2024	420.7700	426.2800	418.8700	425.0700	419.5537	44384700
Apr 22, 2024	417.3100	421.1800	413.9400	418.8200	413.3848	47807700
Apr 19, 2024	422.2200	422.7500	413.0700	414.6500	409.2689	75231000
Apr 18, 2024	426.4900	428.2400	422.8300	423.4100	417.9153	46549400
Apr 17, 2024	433.1000	433.1200	424.9000	425.8400	420.3137	56880500
Apr 16, 2024	430.9000	433.7600	429.7000	431.1000	425.5054	47619000
Apr 15, 2024	442.0600	442.1500	430.2100	431.0600	425.4660	63453600
Apr 12, 2024	441.1000	442.2400	436.8800	438.2700	432.5824	53665000
Apr 11, 2024	440.2600	446.3300	437.9600	445.3700	439.5902	45474600
Apr 10, 2024	437.0000	439.2400	436.2800	438.3700	432.6811	61502200
Apr 09, 2024	442.9600	443.2400	437.4400	442.2300	436.4911	39443600
Apr 08, 2024	441.4100	442.5000	439.2000	440.6000	434.8821	28144900
Apr 05, 2024	436.7800	443.1700	435.9600	440.4700	434.7538	54744600
Apr 04, 2024	446.3300	446.9500	435.1100	435.3400	429.6904	57267700
Apr 03, 2024	438.9600	444.0000	438.9500	442.1000	436.3626	39949800
Apr 02, 2024	440.0800	441.4300	438.0300	441.1100	435.3855	44259700
Apr 01, 2024	444.9700	447.5300	443.0200	444.9500	439.1757	38729000
Mar 28, 2024	444.7800	445.6400	443.6500	444.0100	438.2479	36839600
Mar 27, 2024	446.4400	446.5400	441.9300	444.8300	439.0572	41359200
Mar 26, 2024	446.3000	447.2300	443.0900	443.3200	437.5668	34142000
Mar 25, 2024	443.5500	446.2600	442.5400	444.7600	438.9882	27789200
Mar 22, 2024	445.3500	447.4900	444.4900	446.3800	440.5871	28253900
Mar 21, 2024	448.8800	449.3400	445.6700	445.8700	440.0838	39345700
Mar 20, 2024	439.7800	444.1100	438.0600	443.7700	438.0110	43653500
Mar 19, 2024	435.4500	438.9800	433.3300	438.5700	432.8784	43004100
Mar 18, 2024	438.7300	441.0400	437.2400	437.4800	431.8027	47323800
Mar 15, 2024	436.0700	438.8700	432.7400	433.9200	427.7233	73069800
Mar 14, 2024	441.5000	442.0300	436.3900	439.1400	432.8688	52195200
Mar 13, 2024	442.6500	442.6700	439.1200	440.2500	433.9629	37928700
Mar 12, 2024	439.7300	444.0200	436.4600	443.6600	437.3242	55300900
Mar 11, 2024	437.5100	438.6600	435.4400	437.3900	431.1438	45860000
Mar 08, 2024	445.8100	448.6400	438.3400	439.0200	432.7504	72096000
Mar 07, 2024	442.4200	446.7200	440.8600	445.4500	439.0886	44526700
Mar 06, 2024	440.3200	441.9900	436.8900	438.7900	432.5237	46234500
Mar 05, 2024	440.9400	440.9500	433.6500	436.0500	429.8228	57917100
Mar 04, 2024	445.6100	446.0400	443.7700	444.0200	437.6789	34325700
Mar 01, 2024	439.9000	446.5800	439.8400	445.6100	439.2463	43853000
Feb 29, 2024	438.2300	440.0900	435.0200	439.0000	432.7307	42495200
Feb 28, 2024	435.4300	436.6700	434.3000	435.2700	429.0540	32938800
Feb 27, 2024	437.6700	437.9900	435.0300	437.6000	431.3507	33713200
Feb 26, 2024	437.6000	438.6000	436.3600	436.5500	430.3157	33043200
Feb 23, 2024	439.6500	440.5900	435.7900	436.7800	430.5424	39853900
Feb 22, 2024	434.4900	439.1200	433.7100	438.0700	431.8140	53887800
Feb 21, 2024	424.5500	425.7000	421.6300	425.6100	419.5319	49779000
Feb 20, 2024	428.5500	430.0800	423.5000	427.3200	421.2175	53999500
Feb 16, 2024	434.8900	434.9900	429.8500	430.5700	424.4211	53716500
Feb 15, 2024	433.9200	434.9800	431.3300	434.5100	428.3048	38796100
Feb 14, 2024	431.2600	433.6500	428.8800	433.2200	427.0333	45092700
Feb 13, 2024	427.2800	431.2700	425.3300	428.5500	422.4300	64491700
Feb 12, 2024	436.9400	439.1400	434.6500	435.3400	429.1230	33203300
Feb 09, 2024	433.9400	437.8500	433.1400	437.0500	430.8086	36943900
Feb 08, 2024	432.1100	433.5600	431.4200	432.7900	426.6094	29889900
Feb 07, 2024	430.4100	432.8300	429.0900	431.9900	425.8208	37712700
Feb 06, 2024	429.6100	430.2200	425.2200	427.5900	421.4836	35846100
Feb 05, 2024	429.0700	429.6100	425.0000	428.4500	422.3314	39889200
Feb 02, 2024	423.8000	430.2400	422.7900	429.0100	422.8834	59602400
Feb 01, 2024	418.7900	422.3800	417.8100	421.8800	415.8552	51008600
Jan 31, 2024	420.8500	422.8700	416.7900	416.9700	411.0153	64010600
Jan 30, 2024	427.1000	427.6800	424.3800	425.3000	419.2264	36739000
Jan 29, 2024	424.2700	428.3500	423.6100	428.1500	422.0357	38694700
Jan 26, 2024	424.4400	426.2100	423.1500	423.8100	417.7576	37137000
Jan 25, 2024	428.3600	429.0400	423.9800	426.3500	420.2614	44367200
Jan 24, 2024	427.4400	429.8500	425.3300	425.8300	419.7488	46948000
Jan 23, 2024	422.4300	423.7000	420.5700	423.4800	417.4323	33003800
Jan 22, 2024	423.4100	424.7300	421.1200	421.7300	415.7073	44880600
Jan 19, 2024	415.2200	421.3400	414.6300	421.1800	415.1652	70325100
Jan 18, 2024	410.5200	413.5800	409.1600	412.9900	407.0921	59562500
Jan 17, 2024	406.1700	407.5900	402.9200	407.2100	401.3947	54386000
Jan 16, 2024	408.3100	411.1200	406.8300	409.5200	403.6717	43903000
Jan 12, 2024	410.4000	411.2500	408.1500	409.5600	403.7112	39595000
Jan 11, 2024	409.7900	411.2000	404.2400	409.3500	403.5041	54536200
Jan 10, 2024	406.0700	409.5200	405.1700	408.5000	402.6663	33962800
Jan 09, 2024	401.9100	406.6900	401.7100	405.7500	399.9556	39132900
Jan 08, 2024	397.9900	405.2400	397.8400	404.9500	399.1670	42473800
Jan 05, 2024	396.4500	399.5600	395.3400	396.7500	391.0840	44922800
Jan 04, 2024	396.4400	399.5900	396.0600	396.2800	390.6208	39432800
Jan 03, 2024	399.9300	401.0000	397.8900	398.3300	392.6415	47002800
Jan 02, 2024	405.8400	406.0900	400.2400	402.5900	396.8406	58026900
Dec 29, 2023	411.2800	411.6400	407.5800	409.5200	403.6717	42662100
Dec 28, 2023	412.6700	412.9200	410.9400	411.3000	405.4263	27029200
Dec 27, 2023	410.9500	411.7900	410.0800	411.5000	405.6234	31980500
Dec 26, 2023	409.2500	411.5600	409.1500	410.8800	404.7994	22722500
Dec 22, 2023	409.0000	409.9700	406.4800	408.3800	402.3364	34314000
Dec 21, 2023	407.0600	408.1400	404.4700	407.7700	401.7354	45568900
Dec 20, 2023	408.3500	410.4700	402.9000	403.0800	397.1148	54042400
Dec 19, 2023	407.5400	409.2800	407.3500	409.1600	403.1049	35711900
Dec 18, 2023	404.9300	407.9900	404.6000	407.0800	401.0556	46610000
Dec 15, 2023	404.1800	406.5400	403.5700	405.3400	398.5453	62896600
Dec 14, 2023	404.9800	406.3000	400.3400	403.3900	396.6280	55447800
Dec 13, 2023	399.6200	404.3600	398.8400	403.7400	396.9721	55408100
Dec 12, 2023	395.5600	398.7900	394.4100	398.6700	391.9871	39221200
Dec 11, 2023	391.7400	395.7900	391.5300	395.5200	388.8899	41198000
Dec 08, 2023	388.6700	392.6200	388.4800	392.1700	385.5961	46687500
Dec 07, 2023	388.0700	391.2700	386.9600	390.4300	383.8852	49593500
Dec 06, 2023	390.2700	390.3700	384.7000	385.0500	378.5954	41994100
Dec 05, 2023	384.3900	388.5000	384.2100	387.2900	380.7978	42933000
Dec 04, 2023	386.0900	386.6000	382.6600	386.3200	379.8441	51186900
Dec 01, 2023	387.7500	390.5400	386.0700	389.9400	383.4034	40490100
Nov 30, 2023	390.0800	390.5500	385.8200	388.8300	382.3121	52834400
Nov 29, 2023	392.6900	394.1400	389.4600	389.8100	383.2757	38811700
Nov 28, 2023	388.4100	390.7800	388.0500	390.1900	383.6493	35491100
Nov 27, 2023	389.0100	391.1500	388.2800	389.1700	382.6464	34139700
Nov 24, 2023	389.6500	390.2500	388.5000	389.5100	382.9807	15718800
Nov 22, 2023	390.5700	393.0700	389.0400	390.0600	383.5215	44121000
Nov 21, 2023	389.0100	389.2300	386.7000	388.4700	381.9581	43337000
Nov 20, 2023	386.0500	391.4100	386.0500	390.7400	384.1900	44429600
Nov 17, 2023	385.2100	387.0700	384.2900	386.0400	379.5689	46571900
Nov 16, 2023	384.8400	386.1900	383.5600	385.9500	379.4803	45343500
Nov 15, 2023	387.2500	387.7500	384.2400	385.6200	379.1559	54141400
Nov 14, 2023	383.7100	386.2600	383.1800	385.3300	378.8707	67792600
Nov 13, 2023	376.7900	378.2800	375.2400	377.2100	370.8868	40733500
Nov 10, 2023	371.8200	378.5400	371.2800	378.3900	372.0471	58309800
Nov 09, 2023	373.6400	374.8000	369.5700	370.0700	363.8665	53859400
Nov 08, 2023	373.0800	373.7900	370.6200	372.9400	366.6884	35663400
Nov 07, 2023	370.2700	373.5800	369.0500	372.7000	366.4525	50777400
Nov 06, 2023	368.4900	369.7800	366.9100	369.2100	363.0209	38848700
Nov 03, 2023	364.7500	369.0200	364.5200	367.7100	361.5461	53280500
Nov 02, 2023	361.5400	363.6800	360.3000	363.4400	357.3477	58162400
Nov 01, 2023	351.7200	357.5300	351.6200	356.9600	350.9763	58992700
Oct 31, 2023	349.2300	351.2500	346.6200	350.8700	344.9884	47671900
Oct 30, 2023	347.8300	350.5400	346.4500	349.2000	343.3464	55298500
Oct 27, 2023	346.4300	348.8400	344.0800	345.3100	339.5216	63476700
Oct 26, 2023	349.1200	350.0700	342.3500	343.6600	337.8992	78621400
Oct 25, 2023	356.7000	356.8800	349.7500	350.3400	344.4673	71190500
Oct 24, 2023	357.5100	359.9100	355.7900	359.1300	353.1100	47082100
Oct 23, 2023	353.2600	359.2600	351.1200	355.6700	349.7079	60665200
Oct 20, 2023	359.4600	360.0400	354.3700	354.6000	348.6558	72559700
Oct 19, 2023	364.8100	366.0200	359.1600	359.9700	353.9359	72274200
Oct 18, 2023	365.6700	367.9100	362.0200	363.3700	357.2788	54280500
Oct 17, 2023	365.8100	369.9200	363.6600	368.2000	362.0279	50999100
Oct 16, 2023	366.6200	370.4800	366.4700	369.4100	363.2176	44201100
Oct 13, 2023	370.5700	371.1600	363.8600	365.2800	359.1569	52469900
Oct 12, 2023	371.7300	373.7400	367.5000	369.9300	363.7288	49587900
Oct 11, 2023	369.9400	371.4100	368.1900	371.2200	364.9973	38215100
Oct 10, 2023	366.9000	371.2800	366.3900	368.5900	362.4114	46968800
Oct 09, 2023	362.3000	367.1100	360.7800	366.5600	360.4154	45304800
Oct 06, 2023	355.6500	365.9100	354.8500	364.7000	358.5865	75049100
Oct 05, 2023	359.7400	360.1500	355.1400	358.6900	352.6772	45897400
Oct 04, 2023	355.7700	360.6100	355.3000	359.7500	353.7195	54786700
Oct 03, 2023	358.7800	361.0100	353.2800	354.9200	348.9705	60478500
Oct 02, 2023	358.5400	362.6800	357.9200	361.2600	355.2043	51625100
Sep 29, 2023	361.5400	362.9500	357.0200	358.2700	352.2643	64829600
Sep 28, 2023	354.1100	360.1700	353.2400	358.0100	352.0087	56453300
Sep 27, 2023	355.3800	356.9800	351.3600	355.0400	349.0885	56066000
Sep 26, 2023	356.9900	357.5400	353.2100	354.2100	348.2724	53657700
Sep 25, 2023	356.9300	359.7000	355.9300	359.6100	353.5818	39168000
Sep 22, 2023	359.6300	361.8000	357.5900	357.9100	351.9104	51589700
Sep 21, 2023	360.8000	361.6000	357.6900	357.8600	351.8612	69734800
Sep 20, 2023	370.9500	371.3100	364.4600	364.5400	358.4292	45514200
Sep 19, 2023	369.3200	370.6800	366.8000	369.8700	363.6699	37621700
Sep 18, 2023	369.3200	371.7900	369.0300	370.6600	364.4466	36903500
Sep 15, 2023	375.9100	376.3200	369.8600	370.8100	364.0671	69811200
Sep 14, 2023	375.9900	378.2700	373.8900	377.2700	370.4096	48039400
Sep 13, 2023	373.0300	375.8400	371.8800	374.2100	367.4053	46300700
Sep 12, 2023	375.2700	376.9500	372.5000	372.7900	366.0112	41391000
Sep 11, 2023	375.6600	377.4900	373.6600	376.9700	370.1151	39936600
Sep 08, 2023	372.0100	374.8500	371.6000	372.5800	365.8049	35800100
Sep 07, 2023	370.2100	372.8500	369.1500	372.0600	365.2944	52060700
Sep 06, 2023	377.2800	377.6300	372.7000	374.7400	367.9257	42998700
Sep 05, 2023	376.7700	379.3100	375.8300	378.0700	371.1951	32344200
Sep 01, 2023	380.4000	380.8300	376.0800	377.5900	370.7238	39801200
Aug 31, 2023	376.9400	379.7200	376.8700	377.9900	371.1166	35730700
Aug 30, 2023	374.8800	377.4500	373.8600	376.8600	370.0071	41731500
Aug 29, 2023	366.5600	375.1300	366.2300	374.7700	367.9551	58492400
Aug 28, 2023	366.9900	367.7100	364.2500	366.7600	360.0908	40910000
Aug 25, 2023	362.0700	365.7400	358.5800	364.0200	357.4006	69960500
Aug 24, 2023	372.6400	372.7400	361.0100	361.2200	354.6515	66842500
Aug 23, 2023	364.5800	370.2200	364.3600	369.1100	362.3980	51770600
Aug 22, 2023	366.5500	366.5600	362.6800	363.3800	356.7722	44530200
Aug 21, 2023	359.6200	364.5900	359.1500	363.9000	357.2827	50696500
Aug 18, 2023	355.2600	359.4100	354.7100	358.1300	351.6177	61191400
Aug 17, 2023	363.9600	364.3100	358.1600	358.5800	352.0595	62604300
Aug 16, 2023	365.8700	367.4300	362.4400	362.5400	355.9474	53190500
Aug 15, 2023	369.3600	370.1700	365.7400	366.4200	359.7570	45539900
Aug 14, 2023	365.4300	370.4700	364.7000	370.3500	363.6155	42130800
Aug 11, 2023	365.9900	368.0000	364.6900	366.2400	359.5802	48707200
Aug 10, 2023	370.9700	374.3600	367.0400	368.5900	361.8875	72035300
Aug 09, 2023	372.2900	372.4500	367.1400	367.9100	361.2199	51150900
Aug 08, 2023	372.6400	372.6600	368.8200	372.0000	365.2355	44726500
Aug 07, 2023	373.8800	375.2900	371.5100	375.1900	368.3675	37230400
Aug 04, 2023	375.7500	378.1000	371.5300	372.0400	365.2748	61702800
Aug 03, 2023	371.9400	375.9500	371.7700	373.7900	366.9929	47666400
Aug 02, 2023	379.2600	379.2600	373.1300	374.3900	367.5820	72687100
Aug 01, 2023	382.3100	383.5600	380.6900	382.7900	375.8293	41060600
Jul 31, 2023	383.7900	384.8800	382.3400	383.6800	376.7031	44019900
Jul 28, 2023	380.7400	384.5200	380.2200	383.4800	376.5067	56902900
Jul 27, 2023	383.0700	384.7100	375.3100	376.6200	369.7715	63940200
Jul 26, 2023	377.7200	379.2400	375.1800	377.5200	370.6551	47075700
Jul 25, 2023	376.9500	380.4700	376.9300	378.7800	371.8922	38894400
Jul 24, 2023	376.6200	377.5800	374.3400	376.2300	369.3886	40380100
Jul 21, 2023	379.1800	379.9200	375.1900	375.6300	368.7994	60499600
Jul 20, 2023	382.6100	384.1000	375.7200	376.7600	369.9089	71941700
Jul 19, 2023	386.8200	387.9800	384.3000	385.6500	378.6373	54093000
Jul 18, 2023	381.9600	387.1300	380.0000	385.7400	378.7256	55262000
Jul 17, 2023	379.8000	383.5000	379.3100	382.6100	375.6525	40868900
Jul 14, 2023	379.5900	382.8600	378.1800	379.0700	372.1769	55148500
Jul 13, 2023	376.0500	379.9900	375.4600	379.1500	372.2555	46960000
Jul 12, 2023	372.3400	374.1900	370.3000	372.8200	366.0406	61975400
Jul 11, 2023	366.7900	368.6300	364.6200	368.1700	361.4752	38214100
Jul 10, 2023	365.9600	367.0500	363.4100	366.3600	359.6980	48498800
Jul 07, 2023	367.2300	370.4800	366.0100	366.2400	359.5802	47133700
Jul 06, 2023	366.5100	367.9100	364.5200	367.4600	360.7780	49374700
Jul 05, 2023	368.7000	372.0100	368.6600	370.2800	363.5468	34460900
Jul 03, 2023	370.0700	370.9300	368.9700	370.2900	363.5566	19432900
Jun 30, 2023	367.5500	370.4900	367.2300	369.4200	362.7024	58712500
Jun 29, 2023	364.2400	364.8900	362.1400	363.8100	357.1944	46151000
Jun 28, 2023	361.9800	366.5200	361.9000	364.5400	357.9111	46498000
Jun 27, 2023	359.2500	364.5700	358.5100	363.8300	357.2141	49428100
Jun 26, 2023	362.0000	364.8400	357.5900	357.6800	351.1759	52685500
Jun 23, 2023	362.2100	364.8800	360.8200	362.5400	355.9474	48922900
Jun 22, 2023	360.6300	366.3300	360.2200	366.1700	359.5114	47603000
Jun 21, 2023	365.7400	366.1800	360.9600	361.9000	355.3192	53378300
Jun 20, 2023	365.9500	368.3200	363.8900	366.9000	360.2282	49204700
Jun 16, 2023	372.7200	372.8500	367.4800	367.9300	360.7446	80932000
Jun 15, 2023	364.6100	371.7700	363.9800	370.2600	363.0292	71138800
Jun 14, 2023	363.2700	366.1900	360.4200	365.9000	358.7542	69525600
Jun 13, 2023	363.2900	364.1100	360.0300	363.2600	356.1659	57097800
Jun 12, 2023	356.1900	360.5900	355.2000	360.4900	353.4500	44606500
Jun 09, 2023	354.6300	357.6600	353.0300	354.5000	347.5769	53196900
Jun 08, 2023	349.1200	353.6200	348.8900	353.1500	346.2533	47153900
Jun 07, 2023	355.1300	357.1200	348.1800	348.8200	342.0079	69225900
Jun 06, 2023	354.2800	355.8200	352.9300	354.8400	347.9103	41390400
Jun 05, 2023	354.4300	357.5000	353.8500	354.9000	347.9691	47266200
Jun 02, 2023	353.8000	355.8300	352.0100	354.6500	347.7241	53372100
Jun 01, 2023	347.7300	353.3600	346.6600	352.0100	345.1356	50488600
May 31, 2023	348.3700	350.6000	346.5100	347.9900	341.1940	65105400
May 30, 2023	352.7100	353.9300	348.5300	349.9800	343.1452	72652200
May 26, 2023	340.7600	349.2500	340.6600	348.4000	341.5961	63007000
May 25, 2023	339.1400	341.0100	336.6700	339.7200	333.0856	66862800
May 24, 2023	331.3700	332.9100	329.5600	331.6500	325.1732	62891200
May 23, 2023	335.8900	337.0600	333.0000	333.3600	326.8497	48216700
May 22, 2023	336.2500	338.6700	336.2400	337.6400	331.0462	43015900
May 19, 2023	337.4900	338.2100	335.4300	336.5100	329.9383	61554900
May 18, 2023	331.5200	337.4900	331.5000	337.2700	330.6834	64213500
May 17, 2023	328.2400	331.7100	327.0400	331.1200	324.6536	47486100
May 16, 2023	326.0600	328.9000	326.0200	327.1600	320.7708	40019200
May 15, 2023	325.5100	327.0300	323.9600	326.7900	320.4081	33375600
May 12, 2023	326.7400	327.1700	322.9400	325.0300	318.6825	48432800
May 11, 2023	325.7000	326.7500	324.1200	326.2000	319.8296	44278500
May 10, 2023	324.1200	326.0100	321.6000	325.1400	318.7903	60446600
May 09, 2023	322.0000	322.8800	321.3200	321.6400	315.3586	31768800
May 08, 2023	322.4200	324.0400	321.3200	323.6900	317.3686	36465800
May 05, 2023	318.4700	323.7600	316.2100	322.8900	316.5842	51806100
May 04, 2023	317.0600	318.2300	315.1200	316.1700	309.9955	50224500
May 03, 2023	319.7500	322.4700	317.1800	317.2900	311.0935	59882100
May 02, 2023	322.1200	322.4500	317.6100	319.3800	313.1428	56519400
May 01, 2023	322.0900	323.6300	321.0900	322.1900	315.8979	41013400
Apr 28, 2023	320.1100	322.6500	318.9600	322.5600	316.2607	59712600
Apr 27, 2023	315.7000	320.8600	315.0500	320.3500	314.0938	65430400
Apr 26, 2023	313.4400	314.9400	311.3400	311.8700	305.7794	55400500
Apr 25, 2023	314.2900	314.9700	309.8900	309.9900	303.9361	57121600
Apr 24, 2023	316.3800	317.7400	313.7400	315.9500	309.7797	44043100
Apr 21, 2023	315.9100	317.4000	314.1000	316.6100	310.4269	59002300
Apr 20, 2023	315.6900	319.2700	314.9700	316.2800	310.1034	62462100
Apr 19, 2023	316.4100	319.7900	316.2800	318.7100	312.4859	38960100
Apr 18, 2023	320.9900	321.4200	317.6400	318.8600	312.6328	46746900
Apr 17, 2023	318.1500	319.2000	316.0400	318.8400	312.6133	43007000
Apr 14, 2023	317.5900	320.3600	315.6100	318.5700	312.3486	56278300
Apr 13, 2023	314.8300	319.6500	313.6300	319.1700	312.9369	54613800
Apr 12, 2023	317.8200	318.4200	312.5700	313.0400	306.9266	62813300
Apr 11, 2023	317.8300	317.8900	315.3100	315.8300	309.6621	40113600
Apr 10, 2023	315.0700	317.9200	313.2500	317.8700	311.6623	45134700
Apr 06, 2023	314.2400	318.5500	312.8200	318.0500	311.8388	46916500
Apr 05, 2023	318.1000	319.0600	314.0700	315.9200	309.7504	62795700
Apr 04, 2023	320.6000	321.6300	317.8300	319.0700	312.8388	45875400
Apr 03, 2023	318.7700	320.4200	317.4200	320.1500	313.8977	47126800
Mar 31, 2023	315.9100	321.1700	315.6000	320.9300	314.6625	62138100
Mar 30, 2023	315.2400	316.3200	312.8100	315.6800	309.5150	58354800
Mar 29, 2023	310.8800	313.3500	310.0500	312.7200	306.6129	53274300
Mar 28, 2023	308.1700	308.2000	304.7700	307.1200	301.1222	48585900
Mar 27, 2023	311.6000	312.7000	307.8900	308.7600	302.7302	50287400
Mar 24, 2023	309.3200	310.9900	306.9500	310.8900	304.8185	57195200
Mar 23, 2023	309.9200	314.1500	307.0100	309.7500	303.7008	74576000
Mar 22, 2023	310.2700	315.2500	305.9500	306.1200	300.1417	75791900
Mar 21, 2023	307.9400	310.8000	306.4000	310.3400	304.2793	49757000
Mar 20, 2023	304.2600	306.3000	302.0100	305.9700	299.9947	56359500
Mar 17, 2023	306.7200	309.1500	303.3700	305.3600	298.9338	89923700
Mar 16, 2023	298.0000	307.1800	297.1900	306.8100	300.3533	98198100
Mar 15, 2023	294.7100	299.2700	293.2400	298.9300	292.6391	83631500
Mar 14, 2023	294.3100	297.9300	293.4500	297.3700	291.1119	73602500
Mar 13, 2023	286.7300	294.4700	285.1900	290.6900	284.5725	97123600
Mar 10, 2023	292.8300	294.3500	287.3800	288.5500	282.4776	98593600
Mar 09, 2023	298.3300	300.9800	291.8300	292.6600	286.5010	71456700
Mar 08, 2023	296.7700	298.4300	294.8800	297.8200	291.5525	50876300
Mar 07, 2023	300.0700	301.0100	295.7200	296.3400	290.1036	65955800
Mar 06, 2023	300.9400	304.0000	299.8200	300.0200	293.7062	56736300
Mar 03, 2023	295.3900	299.9200	294.8700	299.6800	293.3733	60511500
Mar 02, 2023	288.6600	294.4300	288.3700	293.6100	287.4310	53565900
Mar 01, 2023	293.2600	293.9300	290.2000	291.2000	285.0718	58287000
Feb 28, 2023	293.3000	296.1200	292.9600	293.5600	287.3821	48243100
Feb 27, 2023	295.0700	296.4900	293.3400	293.9400	287.7542	48995000
Feb 24, 2023	291.7600	292.9700	290.0500	291.8500	285.7081	74332000
Feb 23, 2023	297.9700	298.1300	292.5500	296.8200	290.5735	69294400
Feb 22, 2023	294.6200	296.3600	292.5600	294.2500	288.0576	51389200
Feb 21, 2023	297.2600	298.7300	293.8900	294.0300	287.8422	46526700
Feb 17, 2023	301.0700	301.9300	298.1000	301.1600	294.8222	58230700
Feb 16, 2023	304.3800	308.4300	303.1500	303.3000	296.9172	59498600
Feb 15, 2023	304.9000	309.2700	304.2000	309.1000	302.5950	43100600
Feb 14, 2023	302.8900	307.7200	300.9100	306.7500	300.2946	64079100
Feb 13, 2023	301.1300	305.1000	299.9300	304.5000	298.0920	39636700
Feb 10, 2023	299.4800	301.5700	297.2500	299.7000	293.3929	50050100
Feb 09, 2023	308.8400	308.9900	300.2000	301.6800	295.3312	49137800
Feb 08, 2023	308.5400	309.5000	303.6700	304.3700	297.9646	56720900
Feb 07, 2023	303.4600	311.0300	302.3200	309.8800	303.3587	67584000
Feb 06, 2023	303.5100	305.9100	302.2200	303.5900	297.2010	40802300
Feb 03, 2023	304.9400	312.3900	304.5400	306.1800	299.7365	76170800
Feb 02, 2023	307.5700	313.6800	306.7300	311.7200	305.1599	83070600
Feb 01, 2023	294.4100	303.4300	292.3000	300.9200	294.5872	67562200
Jan 31, 2023	290.3100	294.7200	290.2000	294.6200	288.4198	46705100
Jan 30, 2023	292.9300	294.3800	289.8900	290.2700	284.1614	49405800
Jan 27, 2023	292.0000	298.2600	291.8800	296.2600	290.0253	56441900
Jan 26, 2023	291.2200	293.5200	288.5200	293.3400	287.1667	51596300
Jan 25, 2023	283.7700	288.3600	281.1800	287.7300	281.6749	50872000
Jan 24, 2023	287.3100	289.5500	286.7800	288.3700	282.3013	44875100
Jan 23, 2023	283.5400	290.2100	282.7300	288.9600	282.8789	52799900
Jan 20, 2023	276.7900	283.0200	275.7100	282.6800	276.7310	60613600
Jan 19, 2023	276.2200	277.3800	273.8900	275.1500	269.3596	44150400
Jan 18, 2023	283.1100	284.6900	277.6700	277.8800	272.0321	47754500
Jan 17, 2023	280.7700	282.8500	279.5800	281.5400	275.6151	36269700
Jan 13, 2023	276.5000	281.2200	276.1600	280.9700	275.0571	44802900
Jan 12, 2023	278.1200	280.1000	273.7400	279.0500	273.1775	60600000
Jan 11, 2023	273.9200	277.6600	273.1200	277.5500	271.7090	44077000
Jan 10, 2023	269.4900	272.9400	268.9700	272.8300	267.0884	35247800
Jan 09, 2023	270.8300	275.2900	269.9200	270.5400	264.8467	45568700
Jan 06, 2023	263.3500	269.9400	260.3400	268.8000	263.1432	54659700
Jan 05, 2023	264.0400	264.2100	261.2600	261.5800	256.0751	45396700
Jan 04, 2023	266.6400	267.4500	262.5300	265.7400	260.1476	47754900
Jan 03, 2023	268.6500	270.1500	262.1300	264.4800	258.9141	42335300
Dec 30, 2022	263.6200	266.4100	262.2900	266.2800	260.6762	37858300
Dec 29, 2022	262.9600	267.4000	262.2500	266.4400	260.8329	45893600
Dec 28, 2022	263.1700	265.4700	259.7300	260.1000	254.6263	47139000
Dec 27, 2022	266.7400	266.8500	263.0300	263.5800	258.0331	38009000
Dec 23, 2022	265.4700	268.0400	263.5300	267.3600	261.7334	39373600
Dec 22, 2022	270.3800	270.5100	262.4600	266.7600	261.1461	60278400
Dec 21, 2022	270.6000	274.7800	269.7400	273.4500	267.6954	46394700
Dec 20, 2022	268.5600	271.3200	266.9500	269.5400	263.8676	51064200
Dec 19, 2022	273.8700	273.9600	268.4900	269.7500	264.0732	44167900
Dec 16, 2022	276.2000	277.7700	272.6100	274.2500	267.8372	68300400
Dec 15, 2022	282.3300	283.0100	275.6700	276.8900	270.4156	60554100
Dec 14, 2022	288.0500	291.4100	283.1900	286.5100	279.8106	64984400
Dec 13, 2022	296.6500	296.8800	285.9100	288.6500	281.9006	80667700
Dec 12, 2022	282.2200	285.6400	281.1600	285.5800	278.9023	35732500
Dec 09, 2022	282.8100	285.6400	281.5900	282.0400	275.4451	47860500
Dec 08, 2022	281.9100	284.8400	279.7900	283.8500	277.2128	42594900
Dec 07, 2022	280.4700	282.5700	278.7800	280.5300	273.9703	45614300
Dec 06, 2022	287.4800	287.6200	280.2600	281.6800	275.0935	53937600
Dec 05, 2022	290.3800	291.6800	286.1500	287.6400	280.9142	41482100
Dec 02, 2022	288.5400	293.4500	288.3600	292.5500	285.7094	53583200
Dec 01, 2022	293.6900	295.7500	290.8800	293.7200	286.8521	51547300
Nov 30, 2022	280.8400	293.4700	279.9700	293.3600	286.5004	74718100
Nov 29, 2022	282.9400	283.3500	279.1700	280.5700	274.0096	35618900
Nov 28, 2022	284.9000	286.9600	281.7600	282.7100	276.0995	38714200
Nov 25, 2022	287.1900	287.9100	286.4200	286.9200	280.2110	15498800
Nov 23, 2022	285.9700	289.4600	285.7900	288.8200	282.0666	46390000
Nov 22, 2022	282.6400	286.1100	280.4600	285.9500	279.2637	41873400
Nov 21, 2022	283.4000	284.5800	281.0400	281.8900	275.2986	40083500
Nov 18, 2022	287.8900	287.9900	282.3200	284.8200	278.1602	53588600
Nov 17, 2022	280.8800	286.3200	280.7200	284.8100	278.1504	55462100
Nov 16, 2022	287.3900	289.4800	284.6000	285.4400	278.7656	48859800
Nov 15, 2022	292.2100	293.2600	285.9700	289.3900	282.6233	73985400
Nov 14, 2022	285.8600	289.2100	284.4400	285.4400	278.7656	55290700
Nov 11, 2022	282.5600	288.6400	281.1900	287.9600	281.2267	66961800
Nov 10, 2022	276.0100	283.0500	273.8500	282.7500	276.1385	99256700
Nov 09, 2022	267.7600	268.5600	263.0300	263.3200	257.1629	64862100
Nov 08, 2022	269.1400	272.8500	265.5200	269.5400	263.2375	63213800
Nov 07, 2022	265.7500	268.1400	263.5700	267.5900	261.3330	47333800
Nov 04, 2022	265.5300	266.6100	259.0800	264.6800	258.4911	78313200
Nov 03, 2022	263.0100	264.5000	260.1000	260.4900	254.3990	70038900
Nov 02, 2022	275.0800	278.2100	265.6100	265.6800	259.4677	79803100
Nov 01, 2022	281.5000	282.0700	274.7400	275.1100	268.6772	45895900
Oct 31, 2022	278.9200	279.7600	275.9900	277.9500	271.4508	47742000
Oct 28, 2022	272.2300	281.7000	272.0600	281.2200	274.6443	62651300
Oct 27, 2022	276.7900	278.2800	272.3400	272.8700	266.4895	57760300
Oct 26, 2022	278.4600	283.9800	277.4300	277.9300	271.4312	63492400
Oct 25, 2022	279.4100	284.6000	277.9000	284.2100	277.5644	59014500
Oct 24, 2022	275.6900	279.4000	271.9700	278.4500	271.9391	63963600
Oct 21, 2022	267.9800	275.9700	266.8200	275.4200	268.9799	77897700
Oct 20, 2022	269.5800	274.8400	267.9200	269.1100	262.8174	60605500
Oct 19, 2022	269.9300	273.6800	268.0700	270.4900	264.1651	53115400
Oct 18, 2022	276.5300	277.2100	268.7400	271.4800	265.1321	69781000
Oct 17, 2022	266.8400	270.2400	266.7400	269.3500	263.0519	64576500
Oct 14, 2022	271.2000	271.8100	260.1400	260.7400	254.6431	77244300
Oct 13, 2022	255.1600	270.1700	254.2600	268.8200	262.5343	112894100
Oct 12, 2022	263.4000	265.3600	261.9500	262.6600	256.5182	50580200
Oct 11, 2022	264.7000	267.6300	261.0300	262.7500	256.6062	66522500
Oct 10, 2022	269.3000	269.7000	263.6400	266.4100	260.1806	60393000
Oct 07, 2022	275.0200	275.1500	267.7400	269.1000	262.8077	71354700
Oct 06, 2022	280.9600	284.1800	279.4300	279.7600	273.2184	53489400
Oct 05, 2022	278.2800	283.8100	275.4200	281.9800	275.3866	55766300
Oct 04, 2022	278.9900	282.8500	278.9900	282.1300	275.5331	66696900
Oct 03, 2022	269.0700	275.1600	267.5300	273.5300	267.1341	61267400
Sep 30, 2022	271.0300	275.1900	267.1000	267.2600	261.0107	78482400
Sep 29, 2022	275.8600	276.2500	268.8400	271.8700	265.5129	81216000
Sep 28, 2022	274.4600	281.2500	272.9500	279.9400	273.3943	79652100
Sep 27, 2022	277.8100	280.2100	272.1100	274.4800	268.0619	69780100
Sep 26, 2022	275.0300	279.4900	273.5600	274.3700	267.9545	71176700
Sep 23, 2022	277.5500	277.8500	272.0200	275.5100	269.0679	74815200
Sep 22, 2022	282.0000	283.0300	278.8200	280.0700	273.5212	62757100
Sep 21, 2022	289.5900	293.9500	283.4200	283.5600	276.9296	82931000
Sep 20, 2022	288.4900	291.0700	286.3800	288.7300	281.9787	51271100
Sep 19, 2022	286.1000	291.2100	286.0400	291.0500	284.2444	52613800
Sep 16, 2022	287.7200	289.7200	285.6200	289.3200	282.0480	79920400
Sep 15, 2022	294.0700	296.5300	289.4600	291.1000	283.7833	65299400
Sep 14, 2022	294.8700	296.9300	293.0600	296.0300	288.5894	54907200
Sep 13, 2022	301.8000	303.0200	292.7900	293.7000	286.3180	79562200
Sep 12, 2022	308.5000	311.0800	308.1800	310.7400	302.9296	45905700
Sep 09, 2022	302.8300	307.6000	300.5200	307.0900	299.3714	56125200
Sep 08, 2022	296.8500	301.8700	295.4500	300.5200	292.9665	55649800
Sep 07, 2022	293.5400	299.9900	293.2700	298.9700	291.4555	49260400
Sep 06, 2022	295.6600	296.6000	290.8700	293.0500	285.6843	57005400
Sep 02, 2022	302.3400	303.7500	293.5200	295.1700	287.7510	64666800
Sep 01, 2022	296.7200	299.7800	292.9500	299.4000	291.8746	57990700
Aug 31, 2022	303.9900	304.9100	299.1600	299.2700	291.7479	50044000
Aug 30, 2022	306.1000	306.7300	298.4400	301.0200	293.4539	51184500
Aug 29, 2022	304.6200	307.2200	303.2800	304.4100	296.7587	48321900
Aug 26, 2022	320.2800	321.5100	307.3500	307.4400	299.7126	69047700
Aug 25, 2022	316.8300	320.6000	315.7600	320.5800	312.5223	38098300
Aug 24, 2022	313.6100	316.8700	312.9900	315.0100	307.0923	38057100
Aug 23, 2022	314.1200	317.0000	313.3300	314.1000	306.2052	39497100
Aug 22, 2022	318.5000	318.7400	313.5300	314.3600	306.4587	51098900
Aug 19, 2022	326.1700	326.8400	322.0800	322.8600	314.7450	51770600
Aug 18, 2022	328.4400	330.4900	326.7900	329.2800	321.0037	41937200
Aug 17, 2022	329.0700	331.4300	326.3600	328.4900	320.2335	47842200
Aug 16, 2022	332.0600	334.4200	329.1600	332.2800	323.9283	41186900
Aug 15, 2022	329.4200	333.5700	329.4000	333.0600	324.6886	38266600
Aug 12, 2022	326.1800	330.5900	325.1000	330.3900	322.0858	40928400
Aug 11, 2022	328.3100	330.3600	323.3600	324.0800	315.9344	45897700
Aug 10, 2022	324.5900	326.2300	322.0600	325.9300	317.7379	51459600
Aug 09, 2022	318.7700	319.0300	315.4200	317.0800	309.1103	39764200
Aug 08, 2022	322.6900	326.4700	319.2100	320.7100	312.6490	43878500
Aug 05, 2022	319.1900	323.8300	318.3900	321.7500	313.6629	53894000
Aug 04, 2022	322.9700	324.7200	320.7700	324.4000	316.2462	38973700
Aug 03, 2022	316.0500	323.7300	315.9900	322.8900	314.7742	53735700
Aug 02, 2022	312.9200	318.5500	311.8400	314.3300	306.4294	48676500
Aug 01, 2022	313.6500	318.8100	312.5300	315.2700	307.3458	46358800
Jul 29, 2022	311.3900	316.3900	309.9300	315.4600	307.5309	57501000
Jul 28, 2022	306.5900	310.4000	302.7500	309.8100	302.0230	55139900
Jul 27, 2022	299.0400	308.5400	298.4600	306.8100	299.0984	69304400
Jul 26, 2022	298.5300	298.7900	293.5400	294.3700	286.9712	50074100
Jul 25, 2022	302.0200	302.5000	298.2200	300.2700	292.7228	40582400
Jul 22, 2022	306.4300	308.5500	300.1200	301.9900	294.3995	57127700
Jul 21, 2022	303.5000	307.4400	300.7800	307.3800	299.6541	55049400
Jul 20, 2022	298.7300	304.2400	297.9300	303.0300	295.4134	67769400
Jul 19, 2022	293.1100	298.6000	291.4700	298.3000	290.8022	55172600
Jul 18, 2022	294.7200	296.1600	288.2000	289.4000	282.1261	59519600
Jul 15, 2022	289.7300	291.9800	288.0800	291.8700	284.5340	63818100
Jul 14, 2022	282.9900	287.5600	279.8000	286.6700	279.4647	63741800
Jul 13, 2022	280.6000	288.0500	280.0200	285.6500	278.4703	73939400
Jul 12, 2022	290.3200	292.2800	284.6100	286.2400	279.0454	55797100
Jul 11, 2022	292.8800	293.1100	288.1400	289.0400	281.7751	55273900
Jul 08, 2022	292.0800	296.7500	291.1200	295.3500	287.9265	59895500
Jul 07, 2022	289.6300	295.7000	289.6300	294.9800	287.5659	56620100
Jul 06, 2022	287.3500	290.9500	285.5900	288.8000	281.5411	63194700
Jul 05, 2022	278.3100	287.0800	276.7500	286.9600	279.7474	61829300
Jul 01, 2022	278.9500	282.5300	277.0300	282.1300	275.0388	56675100
Jun 30, 2022	280.7500	283.9400	275.7800	280.2800	273.2352	79313600
Jun 29, 2022	283.4000	285.3400	280.8400	283.8000	276.6667	57302700
Jun 28, 2022	293.0000	295.6500	283.3500	283.5400	276.4133	61609800
Jun 27, 2022	296.0000	296.5800	291.2900	292.4500	285.0994	54151500
Jun 24, 2022	287.7400	295.0400	287.5000	294.6100	287.2051	58422300
Jun 23, 2022	283.2100	285.7200	280.3100	284.8500	277.6904	57457800
Jun 22, 2022	278.5200	285.1800	277.9100	280.6700	273.6154	67472900
Jun 21, 2022	278.7500	283.4500	278.6400	281.0800	274.0152	51633700
Jun 17, 2022	272.1800	277.1900	270.5100	274.6900	267.2720	82703400
Jun 16, 2022	275.5900	276.0600	269.2800	271.3900	264.0611	81910300
Jun 15, 2022	279.4200	286.8300	276.6100	282.8000	275.1630	86051400
Jun 14, 2022	277.6600	278.6600	273.3400	275.9100	268.4590	64697500
Jun 13, 2022	279.7500	282.3400	274.5300	275.4100	267.9726	94442000
Jun 10, 2022	293.6500	294.8700	288.3800	288.8400	281.0399	85963500
Jun 09, 2022	305.9100	309.0500	299.2300	299.4000	291.3147	55900500
Jun 08, 2022	309.0500	311.7200	306.7700	307.6400	299.3322	38342100
Jun 07, 2022	303.8100	310.6700	302.6900	309.8700	301.5020	44900300
Jun 06, 2022	310.7500	312.3500	305.6200	307.2200	298.9236	51785000
Jun 03, 2022	309.0300	310.4700	304.9200	306.2000	297.9310	60914700
Jun 02, 2022	304.8500	314.5600	303.4000	314.3800	305.8901	59291300
Jun 01, 2022	310.4700	312.6500	303.7300	306.0000	297.7365	65341700
May 31, 2022	309.0700	311.3300	304.3300	308.2800	299.9549	60968300
May 27, 2022	302.5400	309.2500	302.4200	309.1000	300.7527	66985600
May 26, 2022	290.4400	300.9200	290.1500	299.3300	291.2466	59462200
May 25, 2022	285.7100	293.3900	285.5000	291.2600	283.3946	67144500
May 24, 2022	288.1300	288.8600	282.2500	287.2400	279.4831	73491100
May 23, 2022	289.7500	293.8700	287.2900	293.4800	285.5546	63648400
May 20, 2022	293.1300	293.8000	280.2100	288.6800	280.8842	91764200
May 19, 2022	289.2900	294.3900	287.5800	289.5800	281.7599	79920700
May 18, 2022	301.5400	302.2500	289.8500	291.1400	283.2777	79477100
May 17, 2022	304.4500	306.5600	300.5500	306.1700	297.9019	62715300
May 16, 2022	300.1500	302.2600	297.1300	298.4400	290.3806	59190400
May 13, 2022	295.7200	303.0000	294.0800	301.9400	293.7861	83684900
May 12, 2022	287.4500	295.7500	284.9400	291.1500	283.2875	120910900
May 11, 2022	298.4400	304.0900	290.9500	291.8400	283.9589	140326100
May 10, 2022	304.5100	305.7600	296.5700	300.7600	292.6380	124124600
May 09, 2022	303.4800	309.3500	295.7200	297.1500	289.1255	113387300
May 06, 2022	310.9500	315.0900	305.1100	309.2500	300.8987	139572800
May 05, 2022	325.1700	325.2500	309.6200	313.0000	304.5474	154607400
May 04, 2022	319.3100	330.2900	313.8900	329.6000	320.6991	116083400
May 03, 2022	318.5000	321.1700	315.9800	318.8200	310.2102	78185500
May 02, 2022	312.8300	318.7200	309.6500	318.4800	309.8795	115511800
Apr 29, 2022	323.7000	327.2300	312.6000	313.2500	304.7906	91977900
Apr 28, 2022	321.8500	329.8900	317.5200	328.0100	319.1520	99450000
Apr 27, 2022	317.2400	322.8800	315.0000	316.7600	308.2059	111204200
Apr 26, 2022	327.4700	327.6600	316.8600	317.1400	308.5756	105819600
Apr 25, 2022	323.7300	329.9000	322.4300	329.5800	320.6797	101755900
Apr 22, 2022	334.3100	335.5600	324.9600	325.4000	316.6125	82562100
Apr 21, 2022	345.1900	347.8700	333.2000	334.1500	325.1262	75801000
Apr 20, 2022	347.0900	347.5600	339.9600	341.2100	331.9957	65500000
Apr 19, 2022	338.0300	346.8500	336.9800	346.2600	336.9092	56515700
Apr 18, 2022	337.3500	341.0400	335.7900	338.6900	329.5437	58560600
Apr 14, 2022	346.4400	346.9700	338.2100	338.4300	329.2907	73519400
Apr 13, 2022	339.8000	347.4300	339.0600	346.3500	336.9968	61367800
Apr 12, 2022	345.7600	347.6900	338.0400	339.4500	330.2831	72790200
Apr 11, 2022	344.8100	345.7500	340.5400	340.8900	331.6843	66107400
Apr 08, 2022	352.3200	353.0900	348.5000	349.1500	339.7212	61956100
Apr 07, 2022	352.2400	356.3500	348.6900	354.1000	344.5376	63777400
Apr 06, 2022	355.6500	356.7800	350.5600	353.2600	343.7203	90077100
Apr 05, 2022	367.8100	368.5400	359.9300	361.1000	351.3485	62738700
Apr 04, 2022	362.7100	369.3100	362.4400	369.3000	359.3270	45950200
Apr 01, 2022	362.8100	363.6100	358.5900	361.8500	352.0783	54527800
Mar 31, 2022	367.2400	367.6000	361.6800	362.5400	352.7496	67011400
Mar 30, 2022	369.2800	370.9800	365.5700	367.0900	357.1767	68757700
Mar 29, 2022	368.9000	371.8300	366.0600	371.1900	361.1660	68073000
Mar 28, 2022	359.3400	365.0100	358.0700	364.9100	355.0556	56833900
Mar 25, 2022	359.5900	360.6700	354.9400	359.3500	349.6457	57584200
Mar 24, 2022	353.8000	359.7000	351.5900	359.6500	349.9377	53555300
Mar 23, 2022	354.0100	357.6600	351.7700	351.8300	342.3288	70615500
Mar 22, 2022	350.5900	357.8500	350.2000	356.9600	347.3203	63345900
Mar 21, 2022	350.2000	352.4800	345.5800	350.0800	340.6261	73799100
Mar 18, 2022	342.7400	351.7900	341.5500	351.4900	341.5757	85446300
Mar 17, 2022	338.3700	344.5000	337.0400	344.4400	334.7246	67810000
Mar 16, 2022	332.1700	340.4400	328.4000	340.3200	330.7208	105243000
Mar 15, 2022	320.8800	328.9500	319.2300	328.1500	318.8940	76471000
Mar 14, 2022	323.1300	326.5900	317.4500	318.1700	309.1956	79802600
Mar 11, 2022	334.3200	334.6400	323.9000	324.4000	315.2498	66228400
Mar 10, 2022	330.8200	332.5100	326.7100	331.2700	321.9261	69362700
Mar 09, 2022	331.7500	336.3800	329.0900	334.9900	325.5411	64723400
Mar 08, 2022	324.0500	333.2100	319.9400	323.3500	314.2294	116153900
Mar 07, 2022	337.2900	338.4800	324.6500	324.8600	315.6968	89933800
Mar 04, 2022	339.8400	341.3100	334.9200	337.3000	327.7860	76936300
Mar 03, 2022	349.9300	350.0400	340.3500	342.2600	332.6060	71089400
Mar 02, 2022	343.0800	348.5900	340.2400	347.2200	337.4261	70609000
Mar 01, 2022	345.7500	348.0800	338.9000	341.4900	331.8579	67407000
Feb 28, 2022	342.5100	348.5400	341.3200	346.8000	337.0179	77515500
Feb 25, 2022	341.3100	345.9800	337.3900	345.7700	336.0170	78842100
Feb 24, 2022	318.8400	341.0400	318.2600	340.4900	330.8860	130614100
Feb 23, 2022	341.3200	342.1800	329.1000	329.4200	320.1283	86215400
Feb 22, 2022	338.4900	344.0400	334.3500	338.0800	328.5439	85967100
Feb 18, 2022	346.4100	346.8100	339.1400	341.5100	331.8772	80001500
Feb 17, 2022	352.7400	353.4600	345.0200	345.4500	335.7061	61801400
Feb 16, 2022	353.8200	357.0900	350.7100	356.0400	345.9974	58947100
Feb 15, 2022	352.9100	356.3700	351.8200	356.1300	346.0848	55128800
Feb 14, 2022	346.4900	350.9800	343.8900	347.4900	337.6886	80254400
Feb 11, 2022	358.4300	360.0700	345.8000	347.0600	337.2707	101569100
Feb 10, 2022	359.5200	366.4900	356.5400	358.4300	348.3200	112468500
Feb 09, 2022	363.7600	366.8100	362.1200	366.7300	356.3859	55766400
Feb 08, 2022	353.9600	360.2400	352.8000	359.1200	348.9905	64720900
Feb 07, 2022	358.6200	361.0500	353.8400	355.1300	345.1131	58198100
Feb 04, 2022	354.0800	361.4000	351.9700	358.0100	347.9118	86318300
Feb 03, 2022	358.5300	361.9300	352.4600	353.5500	343.5776	95384800
Feb 02, 2022	369.7600	370.1000	364.2900	368.4900	358.0962	78777100
Feb 01, 2022	364.4300	366.1900	359.1400	365.5200	355.2100	74433000
Jan 31, 2022	353.2000	363.6500	351.5200	363.0500	352.8097	94326400
Jan 28, 2022	343.0300	352.0200	337.9500	351.8000	341.8770	108167900
Jan 27, 2022	349.4000	351.2700	340.0500	341.1000	331.4788	95255700
Jan 26, 2022	352.9100	356.8800	340.7800	344.5700	334.8509	146559500
Jan 25, 2022	346.6700	351.0300	341.6800	345.1100	335.3757	124398400
Jan 24, 2022	345.9100	353.9800	334.1500	353.3000	343.3347	198685800
Jan 21, 2022	359.4700	362.1800	351.4000	351.6900	341.7701	143388900
Jan 20, 2022	369.7900	373.8700	361.1700	361.7200	351.5171	88610700
Jan 19, 2022	372.1500	374.6900	366.2100	366.4800	356.1429	81791500
Jan 18, 2022	374.0400	376.2200	369.7700	370.5500	360.0981	75450900
Jan 14, 2022	375.0700	380.3500	374.8600	380.0100	369.2913	80121200
Jan 13, 2022	388.7700	389.4700	376.7000	377.6600	367.0076	77994000
Jan 12, 2022	388.4600	390.2000	385.0100	387.3500	376.4242	54576400
Jan 11, 2022	379.3600	385.9900	377.2200	385.8200	374.9374	68295700
Jan 10, 2022	374.8200	380.6400	369.3100	380.1100	369.3885	91770500
Jan 07, 2022	384.0300	385.7600	378.0400	379.8600	369.1455	72652300
Jan 06, 2022	382.4200	387.3500	380.1300	384.0200	373.1881	70814300
Jan 05, 2022	394.7400	395.8900	384.0300	384.2900	373.4505	75739800
Jan 04, 2022	402.2400	402.2800	393.2900	396.4700	385.2870	58027200
Jan 03, 2022	399.0500	401.9400	396.8800	401.6800	390.3500	40575900
Dec 31, 2021	399.6600	401.0600	397.3400	397.8500	386.6281	34752900
Dec 30, 2021	401.3300	403.5700	399.7500	400.3500	389.0575	23850100
Dec 29, 2021	401.7500	403.0500	399.1100	401.5500	390.2237	32248500
Dec 28, 2021	404.4000	404.5800	400.7100	401.6100	390.2820	33113700
Dec 27, 2021	398.2500	403.4800	398.2200	403.4800	392.0993	32820700
Dec 23, 2021	394.3100	398.4300	394.1400	396.9200	385.7242	29595500
Dec 22, 2021	388.9100	394.1600	388.2300	393.9500	382.8381	37042200
Dec 21, 2021	384.0500	389.5300	380.2000	389.2100	378.2317	48899500
Dec 20, 2021	379.5700	381.5000	377.4700	380.6900	369.9521	65336800
Dec 17, 2021	383.3300	389.1900	381.7700	384.9100	373.5760	80492500
Dec 16, 2021	398.0400	398.4800	385.2100	386.8400	375.4491	82591400
Dec 15, 2021	387.9400	397.4200	383.8800	397.0500	385.3584	73858000
Dec 14, 2021	387.3000	390.0900	383.6300	388.2000	376.7690	75199200
Dec 13, 2021	398.0000	398.3300	391.8800	392.2600	380.7095	50166400
Dec 10, 2021	396.6200	398.2800	393.3600	398.0100	386.2902	52545800
Dec 09, 2021	398.3500	400.2000	393.5300	393.7300	382.1363	49973700
Dec 08, 2021	398.1700	399.8200	396.2200	399.6100	387.8431	39204000
Dec 07, 2021	393.0300	398.4600	392.9900	397.8300	386.1155	56005300
Dec 06, 2021	383.6300	387.6000	379.3000	386.2000	374.8279	67588800
Dec 03, 2021	391.3100	392.3400	378.9000	383.1300	371.8483	105349100
Dec 02, 2021	385.8000	391.7400	384.3400	389.9100	378.4287	84416600
Dec 01, 2021	398.2800	400.4800	386.6400	387.1200	375.7208	77766500
Nov 30, 2021	398.7800	401.1900	391.7500	393.8200	382.2235	81332700
Nov 29, 2021	395.8900	400.7300	395.1400	399.6900	387.9207	54447100
Nov 26, 2021	396.1100	397.5400	389.7700	391.2000	379.6807	51533300
Nov 24, 2021	394.9300	399.0500	392.5400	398.7600	387.0181	46954400
Nov 23, 2021	398.1100	400.2300	392.9200	397.4800	385.7758	70098700
Nov 22, 2021	405.5700	408.7100	399.1900	399.3000	387.5422	61715400
Nov 19, 2021	403.4300	405.3000	402.5800	403.9900	392.0941	45191700
Nov 18, 2021	399.7300	402.2700	397.4500	401.7500	389.9200	45721500
Nov 17, 2021	397.7500	399.7200	396.6400	397.6300	385.9214	28703300
Nov 16, 2021	393.8600	397.9300	393.6600	397.4200	385.7176	27872900
Nov 15, 2021	395.9100	396.2400	392.1000	394.6100	382.9903	33716900
Nov 12, 2021	391.7700	395.2500	390.1300	394.7000	383.0776	34730600
Nov 11, 2021	392.5700	392.7500	390.2400	390.5900	379.0887	32243000
Nov 10, 2021	392.4700	395.3600	387.5300	389.5100	378.0405	54937400
Nov 09, 2021	399.1600	399.5700	393.9200	395.3200	383.6794	50490700
Nov 08, 2021	398.5700	399.6200	397.4000	398.0600	386.3386	29256300
Nov 05, 2021	400.0400	400.9900	397.1600	398.6000	386.8628	43383800
Nov 04, 2021	394.4800	399.2000	393.9200	398.2200	386.4941	40265300
Nov 03, 2021	389.5500	393.6100	388.4800	393.1800	381.6024	33748900
Nov 02, 2021	386.8000	389.5400	386.7500	389.0500	377.5940	25135300
Nov 01, 2021	386.5600	387.5600	384.4200	387.4300	376.0217	30765300
Oct 29, 2021	381.0600	386.2800	380.7000	386.1100	374.7406	37310100
Oct 28, 2021	381.9500	384.4800	381.1600	384.2200	372.9062	38007000
Oct 27, 2021	379.5800	383.1500	379.3100	380.0000	368.8105	45760500
Oct 26, 2021	380.2300	382.7100	377.9100	379.1200	367.9564	47191300
Oct 25, 2021	375.5600	378.8700	373.5600	377.9300	366.8015	32597800
Oct 22, 2021	375.9800	376.9700	372.3900	374.1000	363.0843	36275800
Oct 21, 2021	374.1600	377.4700	373.8500	377.2700	366.1609	25469300
Oct 20, 2021	375.9400	376.5700	373.4600	374.9800	363.9383	31390300
Oct 19, 2021	373.7500	375.5200	372.7000	375.4700	364.4139	29091000
Oct 18, 2021	367.6100	372.8700	366.9900	372.6500	361.6768	34513500
Oct 15, 2021	367.8800	369.0600	366.8200	368.9400	358.0762	40419900
Oct 14, 2021	363.6900	366.8500	363.0100	366.6300	355.8342	43433900
Oct 13, 2021	359.5100	360.6900	357.4300	360.0000	349.3994	40120800
Oct 12, 2021	359.8800	360.3300	356.4800	357.1400	346.6237	43905100
Oct 11, 2021	359.5800	363.2000	358.3000	358.3900	347.8369	34847200
Oct 08, 2021	364.0800	364.3200	360.6100	361.1600	350.5252	41822300
Oct 07, 2021	362.8000	365.6900	362.2500	362.9700	352.2820	39411200
Oct 06, 2021	354.0800	359.9500	353.1500	359.6700	349.0792	56806500
Oct 05, 2021	353.7100	359.6900	353.4800	357.3800	346.8566	47232900
Oct 04, 2021	358.5200	358.8600	350.3200	352.6200	342.2367	76766000
Oct 01, 2021	358.6000	361.2500	354.3800	360.1800	349.5742	56375500
Sep 30, 2021	360.9700	362.6800	357.1000	357.9600	347.4195	61384600
Sep 29, 2021	361.1700	363.3700	358.6400	359.2800	348.7006	58076600
Sep 28, 2021	365.6700	370.3000	359.3500	359.8700	349.2733	97701600
Sep 27, 2021	370.2000	371.2500	367.7300	370.3500	359.4446	43338100
Sep 24, 2021	370.6500	373.7600	370.2700	373.3300	362.3369	36056800
Sep 23, 2021	370.7600	374.0400	370.1000	372.9800	361.9973	44652000
Sep 22, 2021	367.0900	371.0700	365.9600	369.5700	358.6877	46972900
Sep 21, 2021	367.5800	368.8100	364.9900	366.1500	355.3683	41927500
Sep 20, 2021	367.4600	369.2500	360.9300	365.7000	354.9316	76203200
Sep 17, 2021	377.8200	377.8700	372.7600	373.8300	362.4203	60912300
Sep 16, 2021	376.6800	378.9000	374.7000	378.3100	366.7637	35193100
Sep 15, 2021	375.7300	378.4100	373.3700	378.0500	366.5116	34097900
Sep 14, 2021	377.8600	378.6100	374.2800	375.2600	363.8067	41826600
Sep 13, 2021	378.9900	379.4300	374.2200	376.3300	364.8440	48741800
Sep 10, 2021	381.2300	381.9700	376.2500	376.5900	365.0961	40249400
Sep 09, 2021	381.0100	382.1500	379.2200	379.4700	367.8882	29399000
Sep 08, 2021	381.9300	381.9300	378.4500	380.7800	369.1582	32949200
Sep 07, 2021	381.6800	382.7800	380.4900	382.1100	370.4477	23970200
Sep 03, 2021	379.2200	381.9800	379.2000	381.5700	369.9241	24605400
Sep 02, 2021	381.9700	382.3100	379.1500	380.4000	368.7898	25453400
Sep 01, 2021	381.0400	382.7100	380.3700	380.5800	368.9643	28138300
Aug 31, 2021	380.5100	380.5800	378.3600	379.9500	368.3536	29628200
Aug 30, 2021	376.8500	380.7600	376.8300	380.2600	368.6541	27295700
Aug 27, 2021	373.0700	376.5600	372.5700	376.0400	364.5629	27104700
Aug 26, 2021	373.9200	374.6200	371.9700	372.4200	361.0534	29133300
Aug 25, 2021	374.6300	375.3900	373.8600	374.8000	363.3607	20441900
Aug 24, 2021	373.8400	374.9900	373.3600	374.3700	362.9439	21732900
Aug 23, 2021	368.8000	373.9400	368.7900	373.2300	361.8387	34034700
Aug 20, 2021	365.0600	368.1400	364.7400	367.7300	356.5065	39486000
Aug 19, 2021	360.2200	365.6800	359.9600	363.9600	352.8517	48499400
Aug 18, 2021	365.1800	366.6200	361.8700	362.2100	351.1551	38541900
Aug 17, 2021	366.1500	367.1500	363.2300	365.7300	354.5677	44793900
Aug 16, 2021	367.6700	369.0200	363.7000	368.9800	357.7185	34856900
Aug 13, 2021	367.8900	369.1600	367.3800	368.8200	357.5633	19336200
Aug 12, 2021	365.6900	367.9000	364.3000	367.5300	356.3127	25969200
Aug 11, 2021	368.1400	368.6500	364.8400	366.2100	355.0330	34249800
Aug 10, 2021	369.2600	369.5600	365.6200	366.8400	355.6437	35130800
Aug 09, 2021	368.5200	369.2700	367.3900	368.7300	357.4761	25960200
Aug 06, 2021	368.3700	369.3700	366.9100	368.0500	356.8168	33332100
Aug 05, 2021	368.1800	369.9100	367.4500	369.6700	358.3873	21443900
Aug 04, 2021	366.7700	368.3200	365.6300	367.3400	356.1285	29602200
Aug 03, 2021	365.2800	366.9300	362.0000	366.8100	355.6147	35558500
Aug 02, 2021	366.2800	366.8800	363.8700	364.6000	353.4720	27334100
Jul 30, 2021	362.4400	365.1700	362.4100	364.5700	353.4431	36484600
Jul 29, 2021	365.2500	367.6800	365.2500	366.4800	355.2947	25672500
Jul 28, 2021	365.6000	367.4500	363.2400	365.8300	354.6645	42066200
Jul 27, 2021	368.2200	368.2200	360.1600	364.4300	353.3073	57933100
Jul 26, 2021	367.4900	368.8900	366.6000	368.4900	357.2433	28438100
Jul 23, 2021	365.3100	368.4900	363.9200	368.2000	356.9622	31960800
Jul 22, 2021	361.7700	363.9600	361.7700	363.9500	352.8419	30252200
Jul 21, 2021	358.3500	361.5600	358.1200	361.5600	350.5248	30259900
Jul 20, 2021	355.6300	360.2800	353.8000	358.7900	347.8394	42183700
Jul 19, 2021	354.0500	355.1800	352.0400	354.6700	343.8452	64404600
Jul 16, 2021	361.4000	362.4100	357.2400	357.6000	346.6857	47262000
Jul 15, 2021	362.9800	363.1900	358.4600	360.5200	349.5166	53391600
Jul 14, 2021	364.8300	365.4900	362.2200	363.0700	351.9888	35336400
Jul 13, 2021	362.0300	365.4700	361.5400	362.4200	351.3586	39723000
Jul 12, 2021	362.4500	362.8900	360.8300	362.4200	351.3586	25717700
Jul 09, 2021	358.1700	361.5000	357.5700	361.0100	349.9917	35184500
Jul 08, 2021	355.7400	359.6500	354.4200	358.7700	347.8200	50890000
Jul 07, 2021	362.4500	362.7600	358.9400	360.9500	349.9335	35265200
Jul 06, 2021	359.2600	360.4800	356.4900	360.1900	349.1967	38842400
Jul 02, 2021	356.5200	358.9700	356.2800	358.6400	347.6940	32727200
Jul 01, 2021	354.0700	355.0900	352.6800	354.5700	343.7482	29290000
Jun 30, 2021	354.8300	355.2300	353.8300	354.4300	343.6125	32724000
Jun 29, 2021	353.5300	355.0200	352.6700	354.9900	344.1554	29426000
Jun 28, 2021	350.7800	353.8500	350.7200	353.7100	342.9144	39130300
Jun 25, 2021	350.4700	350.7200	348.8400	349.4600	338.7942	28682800
Jun 24, 2021	349.7300	351.4600	349.1700	349.8900	339.2110	32581600
Jun 23, 2021	347.5100	348.9200	346.8800	347.7400	337.1267	27188500
Jun 22, 2021	344.1500	348.0300	343.8400	347.5700	336.9619	28941600
Jun 21, 2021	342.4300	344.6900	340.1500	344.3600	333.8498	32992600
Jun 18, 2021	343.6300	344.8100	341.8600	342.6300	331.7878	55414900
Jun 17, 2021	339.9700	346.3800	339.9200	345.3400	334.4120	59722700
Jun 16, 2021	342.7400	343.8400	337.4500	341.0100	330.2190	55399500
Jun 15, 2021	344.1500	344.4700	341.5200	342.2600	331.4294	35963800
Jun 14, 2021	341.6800	344.5200	340.4600	344.5100	333.6082	27827700
Jun 11, 2021	340.3600	341.2500	339.6900	341.2400	330.4418	21222800
Jun 10, 2021	337.1900	340.4600	336.7300	340.3500	329.5799	33702100
Jun 09, 2021	338.1700	338.9700	336.6500	336.8400	326.1809	21485300
Jun 08, 2021	338.4000	339.2900	335.0300	336.7600	326.1035	27282800
Jun 07, 2021	335.0500	336.6600	334.3400	336.6000	325.9486	32611900
Jun 04, 2021	331.8500	336.0600	331.7800	335.6000	324.9802	38736500
Jun 03, 2021	330.5500	331.8600	328.2800	330.0000	319.5574	37057800
Jun 02, 2021	333.2500	334.3400	331.7000	333.4700	322.9176	22047900
Jun 01, 2021	335.3000	335.7900	331.4300	332.8200	322.2882	31145400
May 28, 2021	334.1200	335.5700	333.6000	333.9300	323.3631	29927400
May 27, 2021	333.6700	334.5400	332.6700	332.8800	322.3463	27931700
May 26, 2021	333.6600	334.6100	332.9500	334.1300	323.5567	25444900
May 25, 2021	334.0700	334.8100	331.7600	332.9700	322.4335	31280300
May 24, 2021	329.3700	333.6700	326.9000	332.5100	321.9880	32475800
May 21, 2021	330.4300	330.8600	326.6400	327.0100	316.6620	50330400
May 20, 2021	324.1200	329.7100	323.8900	328.8300	318.4244	46466100
May 19, 2021	316.6600	322.9000	316.3000	322.5900	312.3819	66319100
May 18, 2021	325.3900	326.6500	321.9400	322.2200	312.0237	36528500
May 17, 2021	324.6300	326.3700	321.4500	324.4100	314.1443	39395000
May 14, 2021	322.6000	327.3300	322.0800	326.3900	316.0616	44370000
May 13, 2021	319.9200	322.4000	316.9000	319.3400	309.2348	69877800
May 12, 2021	320.2300	322.6200	316.0000	316.8900	306.8623	91164900
May 11, 2021	319.7000	326.1300	319.0200	325.3100	315.0159	71963600
May 10, 2021	332.7800	332.9600	325.5500	325.7600	315.4516	60700500
May 07, 2021	334.3700	336.6500	331.6900	334.2000	323.6245	53324500
May 06, 2021	328.7600	331.6700	326.4500	331.5100	321.0197	46814300
May 05, 2021	332.2500	333.1400	328.2300	329.0300	318.6180	46219300
May 04, 2021	333.5600	333.8900	326.2100	330.1400	319.6931	65147000
May 03, 2021	339.2300	340.0000	335.7300	336.1900	325.5515	29729700
Apr 30, 2021	337.7000	340.2600	337.0500	337.9900	327.2946	38263400
Apr 29, 2021	342.3700	342.8000	336.9000	340.2200	329.4540	37708900
Apr 28, 2021	339.8100	340.8500	338.3300	339.0000	328.2726	33615700
Apr 27, 2021	341.9300	342.1500	339.1700	340.1500	329.3863	33187200
Apr 26, 2021	339.6700	341.9200	338.9000	341.6300	330.8194	30812000
Apr 23, 2021	335.8500	340.7700	335.8500	339.4200	328.6794	36381900
Apr 22, 2021	338.8900	339.9000	334.0100	335.2000	324.5929	45936100
Apr 21, 2021	335.0900	339.4800	333.9700	339.2900	328.5535	36598100
Apr 20, 2021	338.2000	339.5200	334.3800	336.4100	325.7646	38081800
Apr 19, 2021	340.3900	341.5800	336.9000	338.8800	328.1564	34533100
Apr 16, 2021	342.1500	342.2300	340.0800	342.0100	331.1873	40860100
Apr 15, 2021	339.4700	342.0100	336.2200	341.6100	330.8000	36342800
Apr 14, 2021	340.8500	340.9800	335.6700	336.5100	325.8615	42564300
Apr 13, 2021	338.2400	341.0800	338.0200	340.6000	329.8220	30374000
Apr 12, 2021	336.0400	337.1000	334.7300	336.6700	326.0164	25833000
Apr 09, 2021	333.6800	337.3200	332.9200	337.1100	326.4424	36664900
Apr 08, 2021	334.5600	335.2700	333.7400	335.0800	324.4767	29940800
Apr 07, 2021	330.3300	332.4800	329.3700	331.6200	321.1261	32046400
Apr 06, 2021	330.7300	332.8300	330.0200	330.8200	320.3515	33537200
Apr 05, 2021	327.1300	331.8400	326.8800	331.0500	320.5742	42172500
Apr 01, 2021	323.0700	324.7100	322.8100	324.5700	314.2993	55685600
Mar 31, 2021	316.1600	320.7400	315.8100	319.1300	309.0313	55032500
Mar 30, 2021	313.8900	314.9100	311.5400	314.3200	304.3736	44635700
Mar 29, 2021	315.4500	316.9900	312.4700	315.9100	305.9132	54608000
Mar 26, 2021	311.1100	316.3300	309.6700	316.0000	306.0004	63519600
Mar 25, 2021	309.9700	312.8900	307.3900	311.3300	301.4782	78729000
Mar 24, 2021	318.6300	318.6700	311.7200	311.8700	302.0010	64803700
Mar 23, 2021	319.7300	321.0900	316.3800	317.2200	307.1818	53455400
Mar 22, 2021	315.2100	320.7400	315.2100	318.6100	308.5279	56194800
Mar 19, 2021	311.8700	314.7300	309.6600	313.1400	302.8484	78446200
Mar 18, 2021	316.8700	317.8800	311.5700	312.0400	301.7847	82718100
Mar 17, 2021	317.4500	323.8500	315.6800	321.9000	311.3206	78258700
Mar 16, 2021	321.0900	324.2000	319.1000	320.5800	310.0439	54925900
Mar 15, 2021	315.7900	319.0000	314.1000	318.8300	308.3514	42955700
Mar 12, 2021	313.8600	318.2300	311.3900	315.4600	305.0921	69315600
Mar 11, 2021	315.7700	319.8600	314.8500	318.0400	307.5875	53484800
Mar 10, 2021	316.1600	316.4700	310.1700	310.8800	300.6628	76798100
Mar 09, 2021	307.4700	313.7300	306.9200	311.7700	301.5234	80391100
Mar 08, 2021	308.1200	310.0600	299.5100	299.9400	290.0823	88409800
Mar 05, 2021	306.8000	309.6100	297.4500	308.6800	298.5351	121523700
Mar 04, 2021	308.7800	312.0400	300.1100	304.1000	294.1055	139131600
Mar 03, 2021	317.2700	318.2400	309.1000	309.1600	298.9993	86301100
Mar 02, 2021	324.2500	324.3300	318.1400	318.4000	307.9356	48370000
Mar 01, 2021	319.2700	323.9400	317.9400	323.5900	312.9550	49164500
Feb 26, 2021	315.8500	319.1100	310.8800	314.1400	303.8156	104739800
Feb 25, 2021	321.3900	324.0300	311.2400	312.8300	302.5487	110182600
Feb 24, 2021	318.7400	324.4500	315.9600	324.1300	313.4773	58206300
Feb 23, 2021	317.0000	323.2000	311.0000	321.4800	310.9144	97241900
Feb 22, 2021	326.5000	327.8000	322.2300	322.4400	311.8428	47256900
Feb 19, 2021	333.8600	333.9900	329.9700	331.0200	320.1407	39157700
Feb 18, 2021	330.2300	333.8700	328.3600	332.4700	321.5431	32236200
Feb 17, 2021	332.4700	335.6600	330.1700	333.9300	322.9552	31360300
Feb 16, 2021	337.2700	338.1900	334.3400	335.5400	324.5122	27080800
Feb 12, 2021	333.7100	336.6200	332.6300	336.4500	325.3923	20346800
Feb 11, 2021	334.3300	335.0000	332.1200	334.5800	323.5838	22046100
Feb 10, 2021	334.9900	335.4600	329.5000	332.7500	321.8140	28068700
Feb 09, 2021	332.6200	334.8100	332.6100	333.5100	322.5490	17597500
Feb 08, 2021	333.1000	333.7400	331.4100	333.5800	322.6167	20462800
Feb 05, 2021	331.2200	332.4000	329.5300	331.3600	320.4697	22732000
Feb 04, 2021	327.8200	330.3300	326.4600	330.2400	319.3864	22350900
Feb 03, 2021	329.8200	330.2000	326.3200	326.3800	315.6533	24824500
Feb 02, 2021	325.4800	328.8700	325.3100	327.6800	316.9106	33930800
Feb 01, 2021	318.1100	323.5400	316.0200	322.4200	311.8234	35646000
Jan 29, 2021	319.5800	320.7200	312.7600	314.5600	304.2218	55259000
Jan 28, 2021	320.6700	326.4200	320.0300	321.3200	310.7596	42836300
Jan 27, 2021	326.2600	326.2700	317.3600	319.4300	308.9317	55264000
Jan 26, 2021	328.8500	329.7600	327.2200	328.5900	317.7907	25498100
Jan 25, 2021	328.9100	330.3200	321.4100	328.1100	317.3263	39080600
Jan 22, 2021	325.2900	326.4600	324.7100	325.4200	314.7249	21609400
Jan 21, 2021	325.1500	327.1300	323.7300	326.3600	315.6339	25130600
Jan 20, 2021	320.1400	324.7400	316.5100	323.7700	313.1291	30728100
Jan 19, 2021	314.2500	316.9300	313.1200	316.4100	306.0110	24537000
Jan 15, 2021	314.1300	315.1200	310.5800	311.8600	301.6106	35118700
Jan 14, 2021	316.5000	317.5300	313.8600	314.3500	304.0186	23500100
Jan 13, 2021	314.1900	316.8600	313.5700	316.0400	305.6531	22898400
Jan 12, 2021	314.4600	315.5800	311.2000	313.9200	303.6029	29266800
Jan 11, 2021	315.9800	317.1900	313.7500	314.4200	304.0864	32746400
Jan 08, 2021	317.3400	319.3900	315.0800	319.0300	308.5449	33955800
Jan 07, 2021	310.2800	315.8400	310.2500	314.9800	304.6280	30394800
Jan 06, 2021	307.0000	311.8800	305.9800	307.5400	297.4325	52809600
Jan 05, 2021	308.2900	312.1400	308.2900	311.8600	301.6106	29323400
Jan 04, 2021	315.1100	315.2900	305.1800	309.3100	299.1443	45305900
Dec 31, 2020	312.8700	314.2400	311.7600	313.7400	303.4287	21611400
Dec 30, 2020	314.1600	314.4900	312.3300	312.9700	302.6840	18138100
Dec 29, 2020	314.0500	314.6900	312.0300	312.9600	302.6744	25871900
Dec 28, 2020	312.2500	313.1700	310.3600	312.6800	302.4036	22497700
Dec 24, 2020	308.4700	310.0200	308.3900	309.5600	299.3862	16785000
Dec 23, 2020	309.8100	310.1800	308.0400	308.2000	298.0709	21201300
Dec 22, 2020	309.8500	310.7100	306.8500	309.7600	299.5795	26176300
Dec 21, 2020	306.4600	309.4700	303.6000	308.9200	298.7672	37095500
Dec 18, 2020	311.6600	311.9800	307.6100	310.0600	299.3271	41173400
Dec 17, 2020	310.6300	311.2400	309.3900	311.0000	300.2346	23730500
Dec 16, 2020	307.7000	309.7900	306.6200	308.9800	298.2845	25461900
Dec 15, 2020	306.3700	307.2900	304.1100	307.2900	296.6530	25709000
Dec 14, 2020	303.0800	306.0500	303.0100	304.0400	293.5155	28804800
Dec 11, 2020	300.8100	301.9800	298.4700	301.8500	291.4013	26760400
Dec 10, 2020	299.2100	303.6800	298.0900	302.5200	292.0482	27519500
Dec 09, 2020	308.0700	308.3600	300.2100	301.3100	290.8799	48839300
Dec 08, 2020	306.7600	308.6000	304.9500	308.2900	297.6184	18341500
Dec 07, 2020	305.7100	307.6300	305.5200	307.2500	296.6143	20851000
Dec 04, 2020	304.3300	305.6700	303.6300	305.5200	294.9442	19332100
Dec 03, 2020	304.1700	305.8800	303.5300	304.2800	293.7473	22828700
Dec 02, 2020	302.2500	304.2000	300.3500	303.8500	293.3321	23620000
Dec 01, 2020	301.9700	305.1400	300.8300	303.4600	292.9556	27521300
Nov 30, 2020	299.3400	299.9700	294.7800	299.6200	289.2485	27836200
Nov 27, 2020	298.3100	300.1700	297.9000	299.0100	288.6596	17163100
Nov 25, 2020	295.5700	296.9400	294.5900	296.2800	286.0241	23326800
Nov 24, 2020	291.4900	294.9800	289.6300	294.4700	284.2767	24516800
Nov 23, 2020	291.4100	292.7500	288.0700	290.3900	280.3380	26875600
Nov 20, 2020	292.3000	293.0700	290.2900	290.3800	280.3284	25907300
Nov 19, 2020	289.5400	292.7000	288.8500	292.3800	282.2591	22718400
Nov 18, 2020	291.7000	293.3700	290.0200	290.1100	280.0677	28069600
Nov 17, 2020	293.4000	293.7400	291.6100	292.2700	282.1529	21843500
Nov 16, 2020	290.6200	293.5100	289.9900	293.2000	283.0508	30168400
Nov 13, 2020	290.1700	291.5700	287.8700	290.9300	280.8594	24806900
Nov 12, 2020	290.7600	292.0700	287.2500	288.4000	278.4168	34414600
Nov 11, 2020	286.0300	290.2500	283.3800	289.7600	279.7298	36102900
Nov 10, 2020	285.1700	286.6600	280.6200	283.4200	273.6093	69024900
Nov 09, 2020	297.6500	299.1400	288.1200	288.5900	278.6003	86537100
Nov 06, 2020	293.7100	295.3600	289.8300	294.6100	284.4119	40959800
Nov 05, 2020	293.5300	295.3900	292.0000	294.3900	284.1995	52054200
Nov 04, 2020	283.5900	288.7700	281.8700	286.9100	276.9785	75728200
Nov 03, 2020	271.9600	276.8200	270.8400	274.6500	265.1429	43604100
Nov 02, 2020	271.8500	273.5200	266.9700	269.9800	260.6345	39987400
Oct 30, 2020	274.3400	275.2400	267.0700	269.3800	260.0552	65838300
Oct 29, 2020	273.0000	279.4900	272.5200	276.3900	266.8226	43246300
Oct 28, 2020	278.0100	278.6400	271.3800	271.6400	262.2370	53413500
Oct 27, 2020	281.5000	283.5100	280.2000	282.6600	272.8756	30559100
Oct 26, 2020	282.3800	285.3000	276.7600	280.4700	270.7614	38421100
Oct 23, 2020	284.7700	284.9100	281.7800	284.7400	274.8836	24658500
Oct 22, 2020	285.0500	285.9800	280.8200	284.1800	274.3430	32196200
Oct 21, 2020	284.6700	287.3200	283.6900	284.1900	274.3526	29306100
Oct 20, 2020	284.5600	287.6200	282.9500	284.4100	274.5651	32195400
Oct 19, 2020	290.4900	291.4800	282.7900	283.8000	273.9762	36756800
Oct 16, 2020	291.8000	293.2700	288.1500	288.5100	278.5231	40570700
Oct 15, 2020	287.2000	290.7100	286.5400	290.1000	280.0580	42514200
Oct 14, 2020	295.3500	296.3500	290.2600	292.0600	281.9501	36949100
Oct 13, 2020	296.3900	297.0500	293.1100	294.5200	284.3251	64240000
Oct 12, 2020	290.5500	297.4600	289.4700	294.5300	284.3347	79370700
Oct 09, 2020	283.1100	285.7900	282.7100	285.7100	275.8200	30201100
Oct 08, 2020	282.4000	282.4700	280.3100	281.4100	271.6689	25443300
Oct 07, 2020	277.8900	280.7400	277.2800	279.9200	270.2304	27539700
Oct 06, 2020	279.4500	281.1900	274.2500	275.1600	265.6353	49704200
Oct 05, 2020	276.3400	280.4900	276.2300	280.1600	270.4622	28184600
Oct 02, 2020	276.0200	282.2400	273.4400	274.3100	264.8146	75497400
Oct 01, 2020	281.7900	282.8800	279.8400	282.2500	272.4798	50020200
Sep 30, 2020	276.1500	281.0900	275.8700	277.8400	268.2224	49380800
Sep 29, 2020	276.6200	277.7100	275.3700	275.9500	266.3979	27050000
Sep 28, 2020	276.5800	277.2000	271.6700	277.2000	267.6046	58438300
Sep 25, 2020	265.9100	272.4000	264.3000	271.5600	262.1597	55242400
Sep 24, 2020	261.3900	268.7000	261.2200	265.3900	256.2034	70631700
Sep 23, 2020	272.1500	272.3400	263.2500	264.1600	255.0159	48837300
Sep 22, 2020	269.9900	273.0800	266.5400	272.4800	263.0480	41128900
Sep 21, 2020	262.4700	267.6500	260.1100	267.5100	258.2500	57168600
Sep 18, 2020	271.7900	272.0900	262.6300	266.8700	257.6321	86251100
Sep 17, 2020	267.5500	274.4000	266.6800	270.3200	260.9628	81570800
Sep 16, 2020	279.8800	280.3600	274.2500	274.6100	265.1042	42321000
Sep 15, 2020	279.0300	280.4500	275.1300	279.0600	269.4002	41849900
Sep 14, 2020	274.3600	277.2200	272.9600	275.1600	265.6353	38525200
Sep 11, 2020	274.1500	275.2200	266.9000	270.4500	261.0883	71809000
Sep 10, 2020	280.9400	282.2000	270.5600	272.3400	262.9129	69667500
Sep 09, 2020	275.6400	280.0500	273.0000	277.8800	268.2610	64837900
Sep 08, 2020	272.2200	278.2200	269.6600	269.9500	260.6054	99568600
Sep 04, 2020	285.5600	288.9300	271.8000	283.5800	273.7637	123959000
Sep 03, 2020	298.1000	298.6200	284.4100	287.4100	277.4612	110083300
Sep 02, 2020	303.2800	303.5000	296.8900	302.7600	292.2798	50836800
Sep 01, 2020	297.6200	300.0400	295.7900	299.9200	289.5381	36216200
Aug 31, 2020	293.0700	296.7500	292.6200	294.8800	284.6726	36321000
Aug 28, 2020	292.3300	293.1800	290.9300	292.5300	282.4039	28021000
Aug 27, 2020	292.9700	293.8500	288.7100	291.0500	280.9752	49482700
Aug 26, 2020	287.1500	292.2200	285.8300	291.9600	281.8537	42216700
Aug 25, 2020	282.8300	286.0600	282.3700	285.8600	275.9648	34866600
Aug 24, 2020	285.2500	286.0000	281.2700	283.6300	273.8120	36418500
Aug 21, 2020	280.1300	282.3400	279.4600	281.8700	272.1128	34748900
Aug 20, 2020	275.2800	280.4300	274.8600	279.9300	270.2401	27723400
Aug 19, 2020	277.9300	279.0200	275.5700	276.1000	266.5426	31999400
Aug 18, 2020	276.4200	278.4600	274.9100	277.9700	268.3479	23529500
Aug 17, 2020	273.9300	275.8400	272.2000	275.3200	265.7896	24803000
Aug 14, 2020	273.1200	273.4000	270.7200	272.1600	262.7390	30799500
Aug 13, 2020	272.6600	274.8300	271.5100	272.4800	263.0480	31895700
Aug 12, 2020	267.4200	272.8400	267.3700	271.8600	262.4494	38773400
Aug 11, 2020	269.1100	270.4400	264.6300	265.1900	256.0103	43104300
Aug 10, 2020	271.7700	271.9800	266.6700	270.3100	260.9530	35088400
Aug 07, 2020	274.0800	274.8800	269.2500	271.4700	262.0729	44969400
Aug 06, 2020	270.8500	274.9800	270.1900	274.6400	265.1332	28048200
Aug 05, 2020	270.8800	271.5200	269.9600	271.0500	261.6674	21612100
Aug 04, 2020	268.8600	270.4800	268.0900	270.3800	261.0207	24911300
Aug 03, 2020	268.0000	270.1500	267.8700	269.3800	260.0552	32081600
Jul 31, 2020	265.9100	265.9500	260.8500	265.7900	256.5895	53686300
Jul 30, 2020	257.7400	261.7100	256.5500	261.1300	252.0908	41774500
Jul 29, 2020	258.4000	260.6600	257.9100	259.7700	250.7780	27556900
Jul 28, 2020	259.3100	259.8500	256.5100	256.8100	247.9203	31302400
Jul 27, 2020	257.2600	260.5200	256.4500	260.1200	251.1158	36445700
Jul 24, 2020	254.0400	256.9300	251.3200	255.5600	246.7137	54054500
Jul 23, 2020	264.5100	265.2400	256.5500	258.0100	249.0789	51363500
Jul 22, 2020	264.5100	265.8900	262.5500	264.9300	255.7593	29865500
Jul 21, 2020	268.4000	268.4100	263.1300	264.0000	254.8615	43243800
Jul 20, 2020	260.0800	267.4300	258.7900	266.7800	257.5453	40610100
Jul 17, 2020	259.5900	260.3100	257.1700	259.4200	250.4401	35137900
Jul 16, 2020	258.0200	259.7800	255.6200	259.1200	250.1504	47594100
Jul 15, 2020	261.8300	262.6900	257.4900	260.9000	251.8688	54523900
Jul 14, 2020	255.9300	260.7900	252.7600	260.3700	251.3571	72230500
Jul 13, 2020	266.9100	269.7900	257.6900	258.5400	249.5905	64108100
Jul 10, 2020	262.0300	264.2300	259.2600	263.9700	254.8325	32885300
Jul 09, 2020	261.9700	262.8700	257.6300	262.1800	253.1046	40312900
Jul 08, 2020	257.9800	260.0200	256.5000	259.9900	250.9903	30426300
Jul 07, 2020	258.1300	260.8800	256.3000	256.6100	247.7272	36578200
Jul 06, 2020	255.4500	258.9300	255.4300	258.3900	249.4457	34589000
Jul 02, 2020	253.0200	254.2700	251.7100	252.1900	243.4603	31956500
Jul 01, 2020	247.6400	251.5200	247.0800	250.4900	241.8192	34689200
Jun 30, 2020	242.7700	248.1600	242.5800	247.6000	239.0292	38909200
Jun 29, 2020	239.9700	242.8500	237.3500	242.8400	234.4340	34377800
Jun 26, 2020	245.7800	245.9600	239.6800	240.2200	231.9047	52824600
Jun 25, 2020	243.8000	246.3400	241.1400	246.0300	237.5135	36940800
Jun 24, 2020	248.0600	249.3300	242.1600	243.7100	235.2739	46032400
Jun 23, 2020	248.3900	251.1500	247.8200	248.8400	240.2262	32767400
Jun 22, 2020	243.6800	246.8700	243.3800	246.7400	238.1990	24068700
Jun 19, 2020	246.7300	247.0000	242.4500	244.2400	235.3762	49422100
Jun 18, 2020	243.2900	244.5300	242.4900	244.2800	235.4147	30578600
Jun 17, 2020	244.4000	245.5000	242.7300	243.6200	234.7787	34749300
Jun 16, 2020	243.7800	244.3900	239.1000	242.8500	234.0366	48890100
Jun 15, 2020	232.4400	239.4500	231.4700	238.7500	230.0854	45307400
Jun 12, 2020	239.0900	240.4000	231.7400	235.8800	227.3195	72034800
Jun 11, 2020	242.1600	243.5900	233.9600	234.0200	225.5271	72919400
Jun 10, 2020	245.0500	247.8200	244.5100	246.2200	237.2843	58084400
Jun 09, 2020	240.6600	244.1800	240.4700	243.3000	234.4703	35046300
Jun 08, 2020	239.5400	241.6800	237.9100	241.5500	232.7838	32937300
Jun 05, 2020	236.2200	240.3000	235.6300	239.6900	230.9913	47365600
Jun 04, 2020	236.3300	237.7900	233.6800	235.0300	226.5005	38716100
Jun 03, 2020	236.2600	237.4700	235.3500	236.6900	228.1002	37228700
Jun 02, 2020	234.5000	235.6900	232.0100	235.6300	227.0787	33383400
Jun 01, 2020	232.4600	234.4500	232.0000	234.0600	225.5656	25776000
May 29, 2020	230.3800	233.6000	228.7600	233.3600	224.8911	50691800
May 28, 2020	229.1100	233.4700	229.0500	229.9900	221.6433	42784300
May 27, 2020	228.6900	230.4100	223.9400	230.2900	221.9325	55665600
May 26, 2020	233.3600	233.5700	228.7900	229.0400	220.7278	33055300
May 22, 2020	228.4500	229.8700	227.5000	229.6600	221.3253	28762400
May 21, 2020	231.4400	232.1400	228.3400	228.8700	220.5640	43642900
May 20, 2020	229.5000	231.7600	229.4800	231.3900	222.9925	37417000
May 19, 2020	227.7000	229.8500	226.7100	226.8600	218.6270	36237300
May 18, 2020	226.2800	228.6800	225.4700	227.4300	219.1763	42398100
May 15, 2020	218.7800	223.3300	218.3300	223.2700	215.1672	55747200
May 14, 2020	217.9700	221.8700	215.9900	221.8300	213.7795	51549300
May 13, 2020	222.6600	224.6100	216.7100	219.3400	211.3798	65521200
May 12, 2020	227.4900	228.1000	222.0900	222.1200	214.0590	41054100
May 11, 2020	223.4900	227.9300	223.2500	226.8700	218.6366	35714100
May 08, 2020	223.5500	225.0000	222.4800	224.8600	216.6995	31852300
May 07, 2020	221.8200	222.7300	220.4200	221.8200	213.7699	38624800
May 06, 2020	219.4000	221.0400	218.1100	219.0000	211.0522	36455200
May 05, 2020	217.4400	220.1400	216.8500	217.6600	209.7608	37783100
May 04, 2020	211.4600	215.4500	211.1200	215.2200	207.4094	32841000
May 01, 2020	214.5000	216.6700	211.6800	212.7400	205.0194	48795000
Apr 30, 2020	219.9500	220.0400	217.3500	218.9100	210.9655	43359500
Apr 29, 2020	216.1900	219.9700	215.1400	219.0000	211.0522	48716400
Apr 28, 2020	217.3200	217.3200	211.2100	211.5000	203.8244	46862800
Apr 27, 2020	216.1900	216.6300	214.5000	215.5600	207.7370	36451700
Apr 24, 2020	210.9700	214.3000	209.5000	213.8400	206.0794	34231900
Apr 23, 2020	211.7900	214.4400	210.1000	210.5200	202.8799	43278500
Apr 22, 2020	209.1000	212.3500	208.3300	210.9700	203.3136	40089100
Apr 21, 2020	210.6000	211.1600	203.6300	204.8900	197.4543	72932800
Apr 20, 2020	213.3600	215.8800	212.5700	212.7400	205.0194	38249100
Apr 17, 2020	216.1700	216.5100	212.0800	215.2900	207.4768	62863200
Apr 16, 2020	211.6900	214.3700	209.6900	213.2500	205.5109	64657400
Apr 15, 2020	208.4800	211.8300	207.1200	209.4300	201.8295	47036000
Apr 14, 2020	207.2300	212.5000	206.4200	211.8600	204.1713	63959600
Apr 13, 2020	200.0000	203.4200	198.7500	203.0300	195.6618	42853900
Apr 09, 2020	202.3500	203.2200	199.0300	200.8600	193.5705	68252600
Apr 08, 2020	198.1500	201.1700	196.1700	200.5700	193.2910	45940400
Apr 07, 2020	202.3700	202.6600	196.0000	196.4000	189.2724	69904500
Apr 06, 2020	190.4800	197.6500	189.1900	196.4800	189.3494	64763500
Apr 03, 2020	185.5500	187.0700	181.2900	183.3700	176.7152	47487600
Apr 02, 2020	181.2400	190.1000	180.9700	186.0100	179.2594	56465300
Apr 01, 2020	184.7700	187.6600	180.8600	182.3100	175.6937	53715400
Mar 31, 2020	191.7200	195.2500	189.2000	190.4000	183.4901	62659300
Mar 30, 2020	187.0600	192.4900	186.3400	192.0400	185.0706	49356900
Mar 27, 2020	186.9300	190.5100	184.6600	185.3000	178.5752	58845000
Mar 26, 2020	183.8700	192.7200	183.6100	191.9000	184.9357	79887600
Mar 25, 2020	184.4200	189.5100	179.9800	182.3000	175.6841	88754900
Mar 24, 2020	179.9100	183.8300	177.9500	183.6600	176.9947	94881800
Mar 23, 2020	170.9200	174.2100	164.9300	170.4600	164.2737	124639800
Mar 20, 2020	181.7400	182.8700	170.1000	170.7000	164.1552	118983900
Mar 19, 2020	175.6900	183.4900	171.6300	177.6600	170.8484	120896500
Mar 18, 2020	171.6100	179.2200	166.8000	176.6000	169.8290	114156300
Mar 17, 2020	175.4700	184.3900	169.7800	182.1400	175.1566	121257100
Mar 16, 2020	174.1500	184.6800	169.1600	169.3000	162.8089	92054400
Mar 13, 2020	187.0700	194.4800	178.1300	192.3400	184.9655	134882000
Mar 12, 2020	182.0900	190.7800	176.9400	177.3200	170.5215	137820700
Mar 11, 2020	199.3500	200.7500	192.7300	195.2200	187.7351	89168800
Mar 10, 2020	201.1100	204.3000	193.6800	204.1100	196.2842	100599200
Mar 09, 2020	193.4800	201.1600	192.1100	193.5700	186.1484	116424000
Mar 06, 2020	204.6700	209.1500	202.9100	208.0200	200.0444	89828400
Mar 05, 2020	212.6900	216.3600	210.1000	211.5900	203.4775	78705500
Mar 04, 2020	213.3200	218.3300	211.3700	218.2200	209.8533	73086200
Mar 03, 2020	217.1100	219.6100	207.6200	209.4800	201.4484	131953500
Mar 02, 2020	208.8800	216.5700	205.9400	216.4200	208.1223	112933900
Feb 28, 2020	198.6400	207.1700	198.1700	205.8000	197.9095	148173700
Feb 27, 2020	210.9000	216.4200	205.5000	205.6400	197.7556	121822600
Feb 26, 2020	216.7100	220.2800	214.9000	216.4800	208.1800	79537700
Feb 25, 2020	223.2500	223.9900	214.7400	215.3700	207.1126	97743000
Feb 24, 2020	221.6800	224.2500	220.2600	221.3900	212.9017	84522600
Feb 21, 2020	233.6100	234.0100	229.3200	230.2700	221.4413	66017200
Feb 20, 2020	236.4600	236.9500	231.8800	234.7800	225.7784	42604000
Feb 19, 2020	236.1300	237.4700	235.8500	236.9800	227.8940	22230500
Feb 18, 2020	233.5000	235.1700	233.2500	234.7300	225.7303	24394500
Feb 14, 2020	234.3400	234.8600	233.5500	234.6400	225.6438	23438500
Feb 13, 2020	232.6400	234.9300	232.3600	233.9700	224.9994	22773200
Feb 12, 2020	233.3800	234.3800	232.8000	234.2700	225.2879	24471300
Feb 11, 2020	233.2500	234.0200	231.4000	232.0100	223.1146	30198000
Feb 10, 2020	228.4400	231.9800	228.3800	231.9700	223.0761	21478900
Feb 07, 2020	229.1600	230.4400	228.5400	229.2000	220.4123	25884900
Feb 06, 2020	228.7900	230.2500	227.9800	230.1900	221.3643	22467100
Feb 05, 2020	230.2100	230.2500	226.8500	228.2200	219.4699	38534800
Feb 04, 2020	225.4200	227.8600	224.6500	227.4700	218.7486	30691200
Feb 03, 2020	220.1400	222.8900	219.9900	222.3800	213.8539	25408600
Jan 31, 2020	223.5300	223.5600	218.2900	219.0700	210.6707	52015800
Jan 30, 2020	220.3800	222.7000	219.6900	222.6000	214.0653	39568100
Jan 29, 2020	222.6800	222.9300	220.8300	221.8100	213.3056	28924500
Jan 28, 2020	219.6400	221.9600	219.0600	221.4500	212.9595	26731900
Jan 27, 2020	217.6700	219.2800	217.1800	218.1000	209.7379	42264400
Jan 24, 2020	225.6400	225.8800	221.6700	222.7000	214.1615	37436500
Jan 23, 2020	223.7400	224.6900	222.7000	224.5900	215.9790	26496100
Jan 22, 2020	224.4100	225.1500	223.5900	223.8700	215.2867	20736400
Jan 21, 2020	222.7600	223.8400	222.6600	223.2800	214.7193	21146300
Jan 17, 2020	223.2800	223.5600	222.1200	223.3800	214.8154	24325200
Jan 16, 2020	221.2700	222.3200	220.8000	222.2800	213.7576	18805000
Jan 15, 2020	220.2000	221.2000	219.4500	220.1700	211.7285	25742100
Jan 14, 2020	220.8400	221.2100	219.7400	220.0800	211.6420	24418100
Jan 13, 2020	219.3300	220.9800	218.9800	220.9500	212.4786	22756900
Jan 10, 2020	219.8500	219.8700	218.0400	218.4300	210.0552	21898500
Jan 09, 2020	218.9400	219.4100	217.7100	218.9900	210.5937	23547000
Jan 08, 2020	215.5000	218.1400	215.1600	217.1500	208.8243	26397300
Jan 07, 2020	215.6400	216.1400	214.8500	215.5300	207.2664	22139300
Jan 06, 2020	212.5000	215.5900	212.2400	215.5600	207.2952	21655300
Jan 03, 2020	213.3000	215.4700	213.2800	214.1800	205.9682	27518900
Jan 02, 2020	214.4000	216.1600	213.9800	216.1600	207.8723	30969400
Dec 31, 2019	211.5300	212.7600	211.2000	212.6100	204.4584	18170900
Dec 30, 2019	213.5000	213.6300	211.1600	212.2100	204.0737	21815500
Dec 27, 2019	214.5400	214.5600	213.0400	213.6100	205.4200	18134100
Dec 26, 2019	212.2600	213.8100	212.2300	213.7900	205.5931	17067500
Dec 24, 2019	212.0000	212.0900	211.4400	211.9200	203.7949	7089000
Dec 23, 2019	212.0000	212.1500	211.6300	211.8100	203.6890	23774700
Dec 20, 2019	211.8600	212.5200	211.2700	211.7100	203.1525	27672600
Dec 19, 2019	209.6400	210.9300	209.6200	210.8600	202.3368	17865900
Dec 18, 2019	209.5700	210.1300	209.3300	209.5500	201.0798	15443300
Dec 17, 2019	209.5400	209.7100	209.0400	209.3900	200.9262	15996100
Dec 16, 2019	208.5500	209.5300	208.4800	209.2700	200.8111	21296600
Dec 13, 2019	206.4000	207.9100	205.9600	207.1900	198.8151	32519400
Dec 12, 2019	204.7700	207.3200	204.4900	206.5100	198.1626	32612000
Dec 11, 2019	204.3600	205.1900	204.0400	204.9800	196.6945	18780800
Dec 10, 2019	204.1700	204.8800	203.4400	203.9000	195.6581	21799800
Dec 09, 2019	204.6300	205.5900	203.9800	204.0700	195.8212	13984100
Dec 06, 2019	204.3100	205.1500	204.1500	205.0000	196.7136	16555300
Dec 05, 2019	203.1500	203.1500	201.8400	202.8300	194.6314	14962300
Dec 04, 2019	202.4400	202.9100	202.1400	202.4300	194.2475	15300100
Dec 03, 2019	200.2100	201.4900	199.2300	201.4100	193.2688	31104100
Dec 02, 2019	205.1100	205.1800	201.7800	203.0000	194.7945	28007000
Nov 29, 2019	205.5200	205.8300	205.0000	205.1000	196.8096	9854600
Nov 27, 2019	205.1400	206.0500	204.8900	206.0400	197.7116	16963100
Nov 26, 2019	204.3500	204.8700	204.0500	204.6100	196.3394	14780600
Nov 25, 2019	202.7000	204.2600	202.6700	204.2200	195.9652	17752800
Nov 22, 2019	202.2000	202.3200	200.7400	201.8300	193.6718	17189600
Nov 21, 2019	201.9300	202.0700	201.0700	201.7000	193.5471	17883600
Nov 20, 2019	202.8400	203.4500	200.6200	202.1500	193.9789	36629000
Nov 19, 2019	203.8400	203.8400	202.5900	203.3700	195.1496	16923300
Nov 18, 2019	202.5900	203.3900	201.7700	203.0700	194.8616	18365900
Nov 15, 2019	202.6500	202.9100	202.0000	202.9100	194.7081	18427900
Nov 14, 2019	200.8300	201.5600	200.2200	201.4300	193.2880	16945400
Nov 13, 2019	200.8400	201.7800	200.7100	201.5900	193.4415	15774600
Nov 12, 2019	201.1300	202.2100	200.8200	201.5400	193.3935	14778300
Nov 11, 2019	200.2100	201.0400	199.9400	200.9600	192.8370	10147600
Nov 08, 2019	200.0700	201.2500	199.5400	201.2300	193.0961	15258800
Nov 07, 2019	200.7600	201.7200	199.8500	200.4300	192.3284	17832400
Nov 06, 2019	199.9800	200.0000	198.7900	199.7600	191.6854	19725500
Nov 05, 2019	200.3500	200.5500	199.5500	200.2100	192.1173	15048900
Nov 04, 2019	200.1900	200.5300	198.8700	200.1000	192.0117	19015900
Nov 01, 2019	197.9300	198.8800	197.6300	198.8700	190.8315	22131900
Oct 31, 2019	197.5600	197.6500	195.9400	197.0800	189.1138	26801800
Oct 30, 2019	196.4200	197.3200	195.2900	196.9900	189.0274	21764300
Oct 29, 2019	197.2400	197.5400	196.0100	196.0400	188.1158	18569700
Oct 28, 2019	196.5500	197.8300	196.5500	197.5700	189.5840	18818700
Oct 25, 2019	193.0900	195.7400	193.0500	195.6400	187.7320	21507100
Oct 24, 2019	193.5900	194.2100	192.7400	194.0900	186.2446	18998500
Oct 23, 2019	191.4600	192.2600	191.1500	192.2200	184.4502	14828400
Oct 22, 2019	194.1500	194.4200	191.7900	191.8500	184.0952	22392300
Oct 21, 2019	192.7100	193.5200	192.1400	193.3900	185.5730	15801200
Oct 18, 2019	193.2000	193.6700	190.7100	191.6900	183.9417	27700800
Oct 17, 2019	194.2000	194.5000	192.8100	193.5500	185.7265	19045200
Oct 16, 2019	192.8600	193.5300	192.4300	193.0400	185.2371	20457100
Oct 15, 2019	191.6800	193.9700	191.5600	193.5200	185.6977	23234200
Oct 14, 2019	190.8400	191.7000	190.6500	191.0900	183.3659	14975000
Oct 11, 2019	190.8300	192.6300	190.7200	191.1100	183.3851	40976700
Oct 10, 2019	187.2800	189.4300	187.1200	188.6800	181.0533	25177700
Oct 09, 2019	186.9900	188.0800	186.4300	187.2300	179.6620	20147400
Oct 08, 2019	187.0600	187.8600	185.2700	185.4200	177.9251	32379300
Oct 07, 2019	188.2700	189.7400	187.9100	188.2400	180.6311	21216000
Oct 04, 2019	187.0800	189.0800	186.8800	188.8100	181.1780	31887600
Oct 03, 2019	184.0300	186.2100	181.8200	186.0700	178.5488	39392500
Oct 02, 2019	186.0000	186.0300	183.0200	184.0500	176.6105	48544300
Oct 01, 2019	189.5000	190.5900	186.9600	187.2700	179.7004	32367600
Sep 30, 2019	187.7900	189.1100	187.4000	188.8100	181.1780	26307700
Sep 27, 2019	189.7300	189.8300	185.7500	187.0300	179.4700	40773500
Sep 26, 2019	189.8300	190.0000	187.9800	189.3800	181.7250	26826000
Sep 25, 2019	187.7800	190.5800	186.2100	190.0800	182.3967	34704900
Sep 24, 2019	191.3700	191.7900	187.1500	187.9700	180.3721	40820700
Sep 23, 2019	190.3600	191.0700	189.7200	190.5000	182.7998	22485900
Sep 20, 2019	193.1100	193.3100	190.1600	190.8000	182.7191	29086100
Sep 19, 2019	192.8600	194.0400	192.4700	192.8400	184.6727	26039400
Sep 18, 2019	192.2000	192.6000	190.1100	192.5200	184.3663	29781300
Sep 17, 2019	191.7000	192.6000	191.2900	192.6000	184.4429	20953400
Sep 16, 2019	191.3000	192.0800	191.1100	191.6800	183.5619	20319000
Sep 13, 2019	192.9500	193.4000	192.2900	192.5400	184.3855	27669800
Sep 12, 2019	193.6100	194.7100	192.9700	193.2300	185.0462	28689900
Sep 11, 2019	191.0000	192.5300	190.5600	192.4300	184.2801	25063600
Sep 10, 2019	190.1600	190.7400	188.9100	190.6400	182.5660	23744700
Sep 09, 2019	192.1900	192.2700	190.2200	191.1900	183.0927	24407600
Sep 06, 2019	192.1000	192.1700	191.1700	191.5900	183.4757	19487800
Sep 05, 2019	190.4100	192.3300	190.3400	191.7800	183.6576	33932600
Sep 04, 2019	187.4400	188.4900	186.9000	188.3300	180.3537	21592100
Sep 03, 2019	186.2200	187.1800	185.0300	185.6500	177.7873	27964200
Aug 30, 2019	188.9300	188.9700	186.4100	187.4700	179.5302	26319800
Aug 29, 2019	187.3900	188.4600	186.6800	187.9200	179.9612	25358900
Aug 28, 2019	183.8300	185.4000	182.9100	185.0900	177.2510	21792400
Aug 27, 2019	186.1100	186.4200	183.7100	184.4300	176.6190	28012800
Aug 26, 2019	184.1400	184.8700	183.0800	184.8200	176.9924	27598900
Aug 23, 2019	186.7400	188.4500	181.5600	182.0700	174.3589	55372400
Aug 22, 2019	188.9800	189.4600	186.5400	188.0200	180.0569	24243700
Aug 21, 2019	188.6100	189.2300	187.9600	188.6300	180.6411	20418500
Aug 20, 2019	187.9600	188.6400	186.9200	186.9700	179.0514	19902900
Aug 19, 2019	188.1600	188.8300	187.5000	188.4300	180.4495	22494100
Aug 16, 2019	184.2100	185.9500	184.1000	185.4800	177.6245	32781400
Aug 15, 2019	183.0000	183.5900	181.1600	182.5500	174.8186	36685000
Aug 14, 2019	185.3600	185.9500	182.4200	182.7600	175.0197	51000500
Aug 13, 2019	184.1900	189.6800	184.0200	188.3900	180.4112	40241900
Aug 12, 2019	185.3400	185.9000	183.5000	184.3500	176.5423	24642900
Aug 09, 2019	187.3600	188.0000	185.0300	186.4900	178.5917	33608900
Aug 08, 2019	185.0800	188.3200	184.5700	188.2600	180.2868	38418100
Aug 07, 2019	181.2700	184.5100	179.8900	184.2500	176.4465	49990600
Aug 06, 2019	182.4000	183.8000	181.0700	183.2600	175.4985	41897200
Aug 05, 2019	183.4300	183.5100	179.2000	180.7300	173.0757	75040000
Aug 02, 2019	188.7200	188.9900	186.2100	187.3500	179.4153	55214000
Aug 01, 2019	191.4300	194.9800	189.2300	190.1500	182.0967	63251600
Jul 31, 2019	194.3000	194.4300	189.3200	191.1000	183.0065	41627500
Jul 30, 2019	193.1300	194.5400	192.9900	193.7800	185.5730	18705000
Jul 29, 2019	195.1100	195.1800	193.3900	194.6200	186.3774	20451700
Jul 26, 2019	194.5300	195.5500	194.4300	195.2900	187.0190	20431200
Jul 25, 2019	194.4900	194.5200	192.9300	193.3000	185.1133	23434700
Jul 24, 2019	193.0500	195.1600	193.0300	195.1500	186.8849	20422900
Jul 23, 2019	193.5800	193.8100	192.2900	193.7900	185.5826	23786700
Jul 22, 2019	191.4400	192.9400	191.4400	192.5300	184.3759	18954900
Jul 19, 2019	193.7400	193.8300	190.8100	191.0100	182.9203	29387900
Jul 18, 2019	191.2900	192.7900	190.6900	192.4200	184.2706	28877000
Jul 17, 2019	193.1500	193.4900	192.1800	192.2000	184.0599	16765100
Jul 16, 2019	193.9100	194.0900	192.5600	193.1500	184.9696	20190900
Jul 15, 2019	193.9800	194.1900	193.4400	194.1500	185.9273	15606100
Jul 12, 2019	192.6300	193.5400	192.4500	193.5300	185.3335	20211900
Jul 11, 2019	192.8500	193.3400	191.8100	192.4200	184.2706	23736100
Jul 10, 2019	191.8200	193.0900	191.4700	192.5600	184.4046	28374500
Jul 09, 2019	188.8100	190.9000	188.6500	190.6600	182.5851	19193500
Jul 08, 2019	189.8100	189.8700	188.9300	189.7100	181.6753	17598800
Jul 05, 2019	190.1300	191.4000	189.3900	191.0500	182.9586	21415600
Jul 03, 2019	190.4900	191.4400	190.2900	191.4400	183.3320	15792100
Jul 02, 2019	189.2000	190.0300	188.6600	190.0100	181.9626	18035800
Jul 01, 2019	190.3200	190.5700	188.3800	189.2600	181.2444	31025600
Jun 28, 2019	186.9500	187.1500	186.0700	186.7400	178.8311	21179200
Jun 27, 2019	186.4600	186.9400	185.9900	186.5000	178.6013	19709200
Jun 26, 2019	186.1600	187.3300	185.4900	185.7900	177.9213	22595700
Jun 25, 2019	188.0300	188.1400	184.6500	184.9300	177.0977	33921100
Jun 24, 2019	188.5300	188.7200	188.0600	188.1600	180.1910	19375200
Jun 21, 2019	188.6300	189.7700	188.1700	188.5700	180.1852	39980400
Jun 20, 2019	189.7200	189.7600	187.1600	188.8500	180.4528	40922000
Jun 19, 2019	186.6600	187.5300	185.5700	187.1100	178.7901	31672900
Jun 18, 2019	185.9100	187.7200	185.4300	186.4100	178.1213	48177300
Jun 17, 2019	183.0400	184.2500	182.8400	183.7400	175.5699	20379500
Jun 14, 2019	182.4800	183.1100	181.9400	182.6400	174.5189	22844100
Jun 13, 2019	183.1000	183.8700	182.7400	183.4200	175.2642	23715800
Jun 12, 2019	182.9000	183.2800	182.0000	182.3400	174.2322	27758100
Jun 11, 2019	185.0600	185.4000	182.7800	183.4000	175.2451	41260300
Jun 10, 2019	182.2500	184.8500	182.2100	183.1500	175.0063	41385300
Jun 07, 2019	178.5600	181.7700	178.3300	181.0400	172.9900	45888300
Jun 06, 2019	176.5100	178.0400	175.7300	177.6100	169.7125	29913200
Jun 05, 2019	176.5800	176.6100	174.3800	176.2100	168.3749	34412700
Jun 04, 2019	172.0300	174.9700	171.3700	174.9100	167.1326	47797800
Jun 03, 2019	173.4800	173.9500	169.2700	170.1200	162.5557	75842300
May 31, 2019	174.6900	175.2900	173.8700	173.9500	166.2153	45446200
May 30, 2019	176.5000	177.2700	175.7700	176.7700	168.9099	30354800
May 29, 2019	176.3900	177.0000	175.0900	176.0300	168.2028	42178800
May 28, 2019	178.6600	179.6600	177.4700	177.4900	169.5979	24763800
May 24, 2019	179.2100	179.8500	177.9400	178.1600	170.2381	25903300
May 23, 2019	178.9400	179.0200	177.1400	178.2500	170.3241	45351300
May 22, 2019	180.8200	182.0700	180.7500	181.0200	172.9710	24332600
May 21, 2019	181.5000	182.3300	180.9200	181.8300	173.7449	31613800
May 20, 2019	180.4900	181.1800	179.3400	179.9500	171.9485	38608300
May 17, 2019	183.1000	185.5800	182.8800	183.0400	174.9011	44702300
May 16, 2019	183.1700	186.0700	182.9500	184.9300	176.7070	39281200
May 15, 2019	179.3500	183.5500	179.3100	183.0900	174.9489	40944500
May 14, 2019	179.5200	181.6300	178.8600	180.5400	172.5123	43360600
May 13, 2019	180.2900	181.2600	178.0600	178.5800	170.6394	67185800
May 10, 2019	184.1100	185.8900	181.0300	185.0000	176.7740	58526400
May 09, 2019	183.7000	185.4100	182.0900	184.7700	176.5542	55351700
May 08, 2019	185.6300	187.1700	184.9600	185.7700	177.5098	37165300
May 07, 2019	187.8700	188.6700	184.5100	186.2400	177.9588	58818100
May 06, 2019	187.0500	190.2000	186.7600	189.9400	181.4943	38371800
May 03, 2019	189.6700	191.2500	189.3300	191.1100	182.6123	30386200
May 02, 2019	188.8700	189.8500	186.8700	188.1100	179.7457	44110100
May 01, 2019	190.7800	191.3200	188.8000	188.9300	180.5292	34797100
Apr 30, 2019	189.4800	189.8500	188.2100	189.5400	181.1120	31495300
Apr 29, 2019	190.6500	191.3200	190.3400	191.0200	182.5263	21716200
Apr 26, 2019	190.1800	190.6900	188.5900	190.6500	182.1727	26359500
Apr 25, 2019	191.1300	191.2200	189.4500	190.4800	182.0103	29517500
Apr 24, 2019	190.4700	190.7100	189.6500	189.7100	181.2745	24977100
Apr 23, 2019	188.4000	190.5400	188.1300	190.3100	181.8479	33665600
Apr 22, 2019	186.5700	187.9900	186.4300	187.9200	179.5642	17936000
Apr 18, 2019	187.4600	187.7900	186.2900	187.3900	179.0577	28580900
Apr 17, 2019	187.7500	187.9300	186.6000	187.1500	178.8284	29651600
Apr 16, 2019	186.5400	186.9100	185.9300	186.5000	178.2073	27195700
Apr 15, 2019	185.8400	186.0700	184.6200	185.8600	177.5957	21073000
Apr 12, 2019	185.8500	185.9500	185.0600	185.8300	177.5671	24989100
Apr 11, 2019	185.7800	185.7800	184.6900	185.0300	176.8026	20654100
Apr 10, 2019	184.7200	185.5300	184.5200	185.4700	177.2231	24563000
Apr 09, 2019	184.5000	185.1100	184.0900	184.4800	176.2771	25631900
Apr 08, 2019	184.3600	185.2800	183.6300	185.1300	176.8981	22697500
Apr 05, 2019	184.2400	184.7700	184.0200	184.6600	176.4491	25674700
Apr 04, 2019	183.8300	184.5000	182.6500	183.7100	175.5413	28530800
Apr 03, 2019	183.7600	184.9200	183.2100	183.7800	175.6082	31633500
Apr 02, 2019	182.2400	182.9100	181.7800	182.7300	174.6049	22645200
Apr 01, 2019	181.5100	182.2600	180.7700	182.0400	173.9456	30969500
Mar 29, 2019	179.6900	179.8300	178.5900	179.6600	171.6714	35205500
Mar 28, 2019	178.3600	178.9800	177.2400	178.3100	170.3815	30368200
Mar 27, 2019	179.3200	179.7200	176.6000	177.9000	169.9897	37096700
Mar 26, 2019	179.6000	180.6900	178.1400	179.0500	171.0885	33248100
Mar 25, 2019	177.9100	178.8400	176.9300	178.2200	170.2955	46336500
Mar 22, 2019	181.7800	182.2700	178.3700	178.5600	170.6203	70794500
Mar 21, 2019	179.2200	182.8300	179.2000	182.5700	174.4520	42428500
Mar 20, 2019	179.0600	180.8600	178.2400	179.7600	171.7669	50105000
Mar 19, 2019	179.1800	180.0000	178.2900	179.0500	171.0885	36893300
Mar 18, 2019	177.9500	178.9900	177.5900	178.4500	170.5152	32935100
Mar 15, 2019	177.4000	178.8800	177.2800	178.3500	170.1101	38192000
Mar 14, 2019	177.1300	177.3400	176.6600	176.7100	168.5458	23751500
Mar 13, 2019	176.6000	177.9300	176.3500	177.0100	168.8320	42426100
Mar 12, 2019	175.1900	176.1400	174.7700	175.6900	167.5730	33953500
Mar 11, 2019	171.8800	174.8500	171.8500	174.7300	166.6573	30518400
Mar 08, 2019	169.5100	171.2600	169.3400	171.1700	163.2618	39303200
Mar 07, 2019	173.1200	173.1800	170.7900	171.4300	163.5098	39407400
Mar 06, 2019	174.7200	174.7500	173.2800	173.5600	165.5414	27194600
Mar 05, 2019	174.5500	175.0900	173.6900	174.5500	166.4857	22319900
Mar 04, 2019	175.5400	175.7900	172.4700	174.4200	166.3616	38063500
Mar 01, 2019	174.4400	174.6500	173.1800	174.3900	166.3330	31431200
Feb 28, 2019	173.0500	173.8100	172.7000	173.1900	165.1885	25085500
Feb 27, 2019	172.9000	173.8000	171.7600	173.5900	165.5701	25162000
Feb 26, 2019	173.1000	174.2500	172.8100	173.7000	165.6749	21939700
Feb 25, 2019	174.2100	174.6600	173.4000	173.5200	165.5033	32608800
Feb 22, 2019	171.9900	173.0100	171.9000	172.8900	164.9023	27735400
Feb 21, 2019	171.7900	172.2600	170.7100	171.6200	163.6910	25207400
Feb 20, 2019	172.4000	173.0800	171.3200	172.2500	164.2918	32593000
Feb 19, 2019	171.4100	172.8000	171.3800	172.2800	164.3205	19487700
Feb 15, 2019	172.5200	172.5600	171.1400	171.9400	163.9962	32521700
Feb 14, 2019	170.4000	171.8300	169.8300	171.2200	163.3095	30326800
Feb 13, 2019	171.6500	172.1600	170.8200	171.0100	163.1092	26094100
Feb 12, 2019	169.6300	171.1400	169.3300	170.8900	162.9947	29722100
Feb 11, 2019	169.1700	169.5800	167.9800	168.4000	160.6198	21434100
Feb 08, 2019	166.7600	168.5900	166.5700	168.5600	160.7724	29020700
Feb 07, 2019	169.0300	169.4500	166.9500	168.2300	160.4576	42036200
Feb 06, 2019	171.0700	171.3700	169.7500	170.5200	162.6418	27970000
Feb 05, 2019	169.7600	171.2300	169.6900	171.0300	163.1283	28156400
Feb 04, 2019	167.4800	169.5300	167.3300	169.5300	161.6976	26718800
Feb 01, 2019	167.3300	168.6000	166.9900	167.4500	159.7137	32143700
Jan 31, 2019	166.7000	168.9900	166.4700	168.1600	160.3909	37258400
Jan 30, 2019	163.4000	166.2800	162.8900	165.6800	158.0255	41346500
Jan 29, 2019	163.2000	163.2400	160.9900	161.5700	154.1053	30784200
Jan 28, 2019	163.0200	163.1200	161.7500	163.1100	155.5742	33491200
Jan 25, 2019	164.5100	165.6500	163.9500	165.1500	157.5199	36515900
Jan 24, 2019	162.6800	163.4400	162.0600	163.2000	155.6600	32417800
Jan 23, 2019	162.7700	163.5100	160.3200	162.1500	154.6585	38106100
Jan 22, 2019	164.0600	164.1400	160.7600	161.9400	154.4583	56711700
Jan 18, 2019	164.7800	166.0200	163.8200	165.2500	157.6153	57183200
Jan 17, 2019	161.8300	164.3600	161.5700	163.6300	156.0701	39329000
Jan 16, 2019	162.6500	163.7800	162.2900	162.3500	154.8493	33812200
Jan 15, 2019	160.0000	162.6000	159.9100	162.3800	154.8779	40874200
Jan 14, 2019	159.3300	159.9600	158.5900	159.2700	151.9116	30710200
Jan 11, 2019	160.3300	160.8600	159.7900	160.6900	153.2660	30176600
Jan 10, 2019	159.6000	161.3700	158.7000	161.2800	153.8287	38943400
Jan 09, 2019	160.1400	161.5200	159.4700	160.8200	153.3899	46491700
Jan 08, 2019	159.5400	160.1100	157.2000	159.5200	152.1500	49388700
Jan 07, 2019	156.6200	158.8600	156.1100	158.0900	150.7860	52059300
Jan 04, 2019	152.3400	157.0000	151.7400	156.2300	149.0120	74709300
Jan 03, 2019	152.6000	153.2600	149.4900	149.8200	142.8981	74820200
Jan 02, 2019	150.9900	155.7500	150.8800	154.8800	147.7244	58576700
Dec 31, 2018	154.4700	154.9800	152.7100	154.2600	147.1330	53015300
Dec 28, 2018	154.1500	155.5900	151.7200	152.9700	145.9026	77856600
Dec 27, 2018	150.3700	153.1800	147.0800	153.0500	145.9790	85824300
Dec 26, 2018	145.0800	152.5400	144.0900	152.4600	145.4162	98982100
Dec 24, 2018	146.0800	147.9800	143.4600	143.5000	136.8701	56163300
Dec 21, 2018	153.0500	154.0900	146.7200	147.5700	140.3506	141129400
Dec 20, 2018	154.1500	155.8700	150.3900	152.2900	144.8396	99002100
Dec 19, 2018	158.1800	160.7200	153.3400	154.5300	146.9701	81856500
Dec 18, 2018	158.6500	159.9500	157.0400	158.4200	150.6698	63642100
Dec 17, 2018	160.3900	161.6700	156.1700	157.4300	149.7282	74834100
Dec 14, 2018	163.2100	163.8100	160.7000	161.0800	153.1996	56547400
Dec 13, 2018	166.1300	166.8200	164.0300	165.1000	157.0230	46378500
Dec 12, 2018	166.0000	167.6000	164.9600	165.0500	156.9754	53780000
Dec 11, 2018	165.7300	165.7700	162.2300	163.6100	155.6059	59058300
Dec 10, 2018	161.0800	163.7800	159.4100	163.0700	155.0923	73960800
Dec 07, 2018	166.1600	167.1200	160.8600	161.3800	153.4850	80432200
Dec 06, 2018	162.3800	166.9100	161.7700	166.8900	158.7254	71715500
Dec 04, 2018	171.4300	171.9100	165.5200	165.7200	157.6127	70594700
Dec 03, 2018	173.1100	173.3100	169.5100	172.3300	163.8993	50771700
Nov 30, 2018	168.3800	169.4700	167.5400	169.3700	161.0841	36722800
Nov 29, 2018	167.9900	169.2600	166.8200	168.1500	159.9238	44885700
Nov 28, 2018	164.6200	168.7000	163.4700	168.7000	160.4469	70141000
Nov 27, 2018	162.0000	163.8500	161.1800	163.4400	155.4441	36608100
Nov 26, 2018	161.4400	162.9700	160.7600	162.8900	154.9211	42012600
Nov 23, 2018	159.0900	160.8400	159.0900	159.2100	151.4211	23503700
Nov 21, 2018	161.3500	161.9700	159.2300	160.3700	152.5244	42965800
Nov 20, 2018	158.3700	161.3800	157.1300	159.1600	151.3736	102652800
Nov 19, 2018	166.7000	166.9000	161.5400	162.0600	154.1317	67280500
Nov 16, 2018	166.4500	168.3100	165.7800	167.5000	159.3056	65390700
Nov 15, 2018	164.9000	168.5400	163.4600	168.0900	159.8667	73254300
Nov 14, 2018	168.1200	168.7000	164.2500	165.2000	157.1181	75270700
Nov 13, 2018	167.1100	169.4800	166.0000	166.4700	158.3260	64128100
Nov 12, 2018	170.3200	170.6400	166.1800	166.3300	158.1928	62578400
Nov 09, 2018	172.8300	173.2500	170.1600	171.5200	163.1289	50602700
Nov 08, 2018	174.7600	175.3000	173.6300	174.4600	165.9251	40296500
Nov 07, 2018	172.2800	175.5800	171.8700	175.5800	166.9903	51169600
Nov 06, 2018	168.9700	171.1900	168.7200	170.2400	161.9115	34410400
Nov 05, 2018	169.6000	169.6600	167.0800	168.9600	160.6942	39573500
Nov 02, 2018	171.5300	172.5500	168.2200	169.3800	161.0936	75966800
Nov 01, 2018	170.0700	172.2400	168.7800	172.0600	163.6424	52706800
Oct 31, 2018	168.6200	171.2500	168.5400	169.8200	161.5121	73828600
Oct 30, 2018	162.7500	166.0400	162.0100	165.9200	157.8029	92584000
Oct 29, 2018	169.2100	169.8600	160.0900	163.2300	155.2444	111871900
Oct 26, 2018	165.2000	169.9600	164.2300	166.6600	158.5067	130970900
Oct 25, 2018	167.9100	172.0800	167.1600	171.0600	162.6914	83481100
Oct 24, 2018	173.0700	173.3600	165.0400	165.3400	157.2512	102997400
Oct 23, 2018	170.6400	174.1300	168.8200	173.2700	164.7934	77567000
Oct 22, 2018	174.0600	175.2500	172.5900	173.9100	165.4020	52909300
Oct 19, 2018	174.5800	176.0700	172.3900	173.0200	164.5555	82923700
Oct 18, 2018	176.6200	176.6800	172.4400	173.1800	164.7077	82486200
Oct 17, 2018	178.0800	178.2600	175.4700	177.2900	168.6166	66987600
Oct 16, 2018	174.0200	177.6500	173.7000	177.2200	168.5500	71979700
Oct 15, 2018	173.7100	174.0400	171.5600	172.2100	163.7852	64885300
Oct 12, 2018	174.1700	174.8600	170.9300	174.3200	165.7919	102078400
Oct 11, 2018	171.0200	173.4000	167.8100	169.6000	161.3029	143084500
Oct 10, 2018	178.5100	178.6200	171.5000	171.7300	163.3287	114471100
Oct 09, 2018	179.1800	181.0200	178.7500	179.6300	170.8421	49097900
Oct 08, 2018	179.5200	180.6400	176.9300	179.0500	170.2905	66864500
Oct 05, 2018	182.3600	182.9700	178.4300	180.1500	171.3367	83325600
Oct 04, 2018	185.2000	185.3200	181.0600	182.3800	173.4576	80557300
Oct 03, 2018	186.5300	186.9700	185.6600	185.9500	176.8529	29128700
Oct 02, 2018	186.0100	187.1800	185.3200	185.7500	176.6628	25618600
Oct 01, 2018	186.8700	187.5300	185.7000	186.1700	177.0622	27371300
Sep 28, 2018	185.3100	186.2800	184.9700	185.7900	176.7008	28076800
Sep 27, 2018	185.0200	186.4900	184.9200	185.8300	176.7388	33113300
Sep 26, 2018	184.3000	185.9900	183.9100	184.2700	175.2552	36210600
Sep 25, 2018	183.8100	184.2800	183.1800	184.1400	175.1315	25277500
Sep 24, 2018	182.0500	183.9600	181.3000	183.8900	174.8937	34945600
Sep 21, 2018	185.2200	185.4800	183.4800	183.7100	174.4087	38605400
Sep 20, 2018	183.9600	184.9700	183.5200	184.7200	175.3675	33295800
Sep 19, 2018	182.8700	183.3000	181.5100	182.7000	173.4499	31843400
Sep 18, 2018	181.4900	183.7300	181.4000	182.8400	173.5827	31877300
Sep 17, 2018	183.6800	183.8100	181.1700	181.3400	172.1587	33071200
Sep 14, 2018	184.6600	184.9500	183.2600	183.9900	174.6745	31224100
Sep 13, 2018	183.7200	184.8800	183.6400	184.5300	175.1872	31133200
Sep 12, 2018	182.8500	182.9800	181.0100	182.5800	173.3359	36204000
Sep 11, 2018	180.9900	183.4200	180.5200	183.1200	173.8486	30116500
Sep 10, 2018	182.1500	182.2500	180.7300	181.7200	172.5194	26132000
Sep 07, 2018	180.5000	182.6700	180.4400	181.1100	171.9404	46629500
Sep 06, 2018	183.5300	183.7500	180.5800	181.8100	172.6049	46091400
Sep 05, 2018	185.5200	185.5500	182.8200	183.4500	174.1619	42623300
Sep 04, 2018	186.0800	186.4000	184.8500	185.8500	176.4404	29063500
Aug 31, 2018	186.1800	187.1800	185.9800	186.6500	177.1998	28653200
Aug 30, 2018	186.3800	187.5200	185.7900	186.4100	176.9720	29315500
Aug 29, 2018	184.9300	186.8400	184.8600	186.7400	177.2854	29175600
Aug 28, 2018	184.8300	185.0200	184.2200	184.6100	175.2631	20277000
Aug 27, 2018	183.4000	184.3400	183.1100	184.3400	175.0068	29343600
Aug 24, 2018	181.4000	182.6300	181.3600	182.4800	173.2410	23136100
Aug 23, 2018	180.7400	182.0500	180.5000	180.8000	171.6460	25776200
Aug 22, 2018	179.9800	181.2700	179.7500	181.0600	171.8929	18042400
Aug 21, 2018	180.2400	181.4400	180.1300	180.3600	171.2283	26258700
Aug 20, 2018	180.2600	180.3300	179.0000	179.7000	170.6017	24939000
Aug 17, 2018	179.3500	180.3100	178.2700	179.8600	170.7536	36092600
Aug 16, 2018	180.6100	180.9900	179.4700	179.8200	170.7157	27711800
Aug 15, 2018	180.0100	180.5800	178.1200	179.2300	170.1555	58528000
Aug 14, 2018	181.0100	181.6600	180.0400	181.4500	172.2631	20913000
Aug 13, 2018	180.8500	182.0100	180.2400	180.3200	171.1903	26089200
Aug 10, 2018	180.6800	181.2200	179.8400	180.5200	171.3802	33818500
Aug 09, 2018	181.9100	182.6300	181.6400	181.9100	172.6998	18852900
Aug 08, 2018	181.5500	182.3500	181.0600	182.0200	172.8043	22680700
Aug 07, 2018	181.6500	182.1400	181.2600	181.8000	172.5954	29895700
Aug 06, 2018	179.9600	181.1900	179.7400	181.1400	171.9688	24808800
Aug 03, 2018	179.8700	180.0900	179.0800	180.0800	170.9625	28934400
Aug 02, 2018	175.8700	179.7400	175.7900	179.5300	170.4403	47178200
Aug 01, 2018	176.8600	177.6500	176.1000	177.1200	168.1524	37101900
Jul 31, 2018	175.8000	177.1300	174.8200	176.4500	167.5163	47285100
Jul 30, 2018	177.6300	177.7300	174.2700	175.1100	166.2441	60193000
Jul 27, 2018	181.1900	181.3100	176.6000	177.6200	168.6271	59456100
Jul 26, 2018	180.3400	180.9200	179.8100	180.0500	170.9340	40873500
Jul 25, 2018	180.3800	182.9300	180.2900	182.8200	173.5638	35026600
Jul 24, 2018	181.4100	182.0500	179.5600	180.3000	171.1714	36900300
Jul 23, 2018	178.4600	179.6400	177.7400	179.5600	170.4688	22184700
Jul 20, 2018	179.5700	180.1700	178.7900	178.9900	169.9277	35897300
Jul 19, 2018	179.2800	179.8800	178.8200	179.0300	169.9657	31094100
Jul 18, 2018	180.2900	180.4400	179.3800	179.9300	170.8201	23220800
Jul 17, 2018	177.2800	180.6500	177.2800	180.2700	171.1429	31034100
Jul 16, 2018	179.6500	179.9500	178.8800	179.1800	170.1080	21405300
Jul 13, 2018	179.4500	179.9000	178.9500	179.6100	170.5163	28049800
Jul 12, 2018	177.2000	179.4600	177.0800	179.4600	170.3739	27930100
Jul 11, 2018	175.9300	177.0700	175.8000	176.4200	167.4878	30280600
Jul 10, 2018	177.5200	177.7200	176.7100	177.3200	168.3423	23902500
Jul 09, 2018	176.5200	177.2300	175.8200	177.1900	168.2188	27362100
Jul 06, 2018	173.3200	175.7400	173.0000	175.6100	166.7188	37005600
Jul 05, 2018	171.9100	173.0600	171.0300	172.9200	164.1650	31626200
Jul 03, 2018	173.4500	173.4500	170.6300	170.8000	162.1524	25512700
Jul 02, 2018	170.0400	172.8500	169.6700	172.8000	164.0511	31770000
Jun 29, 2018	172.0100	172.9200	171.4000	171.6500	162.9593	36408500
Jun 28, 2018	169.5200	171.7700	169.1700	171.1900	162.5226	46407700
Jun 27, 2018	172.8000	173.5800	169.6100	169.7300	161.1365	52843500
Jun 26, 2018	172.0000	173.0600	171.3700	172.0700	163.3581	39008100
Jun 25, 2018	173.7300	173.9900	169.8100	171.3700	162.6935	77799700
Jun 22, 2018	176.3000	176.3700	174.6900	175.3200	166.4435	30073200
Jun 21, 2018	177.7000	177.8800	175.3700	175.7100	166.8138	43469400
Jun 20, 2018	176.8100	177.9800	176.6500	177.2500	168.2758	33038000
Jun 19, 2018	174.2700	176.0400	173.7100	176.0000	167.0890	38236000
Jun 18, 2018	175.4900	176.6500	174.9400	176.5000	167.5637	31633200
Jun 15, 2018	176.9300	177.3300	176.1100	176.9800	167.6606	49615700
Jun 14, 2018	176.6300	177.8900	176.5000	177.6000	168.2480	35916000
Jun 13, 2018	176.1000	177.1400	175.4300	175.8200	166.5617	37858600
Jun 12, 2018	175.1500	176.0000	174.9600	175.8300	166.5712	22511800
Jun 11, 2018	174.3100	175.3400	174.2800	174.9100	165.6996	22319700
Jun 08, 2018	173.6100	174.8800	173.1800	174.4400	165.2543	31780300
Jun 07, 2018	175.8900	175.9300	173.5500	174.4300	165.2449	39600300
Jun 06, 2018	175.0200	175.8900	174.1400	175.8600	166.5995	25036600
Jun 05, 2018	174.7100	175.1300	174.0700	174.8400	165.6333	24779300
Jun 04, 2018	173.1800	174.3400	173.0700	174.3000	165.1217	20459600
Jun 01, 2018	170.9200	172.8400	170.8700	172.7400	163.6439	45543300
May 31, 2018	170.1800	171.2000	169.6300	170.0700	161.1144	35670900
May 30, 2018	169.5800	170.4800	169.2200	170.1800	161.2186	22665800
May 29, 2018	168.9500	169.9200	167.9600	168.9700	160.0724	41220500
May 25, 2018	169.5300	170.3300	169.2100	169.7200	160.7829	27460500
May 24, 2018	169.5500	169.8500	167.8400	169.5500	160.6219	27696500
May 23, 2018	166.9000	169.6200	166.8800	169.6000	160.6692	26557800
May 22, 2018	169.1700	169.4500	167.8800	168.1800	159.3240	19477700
May 21, 2018	168.7600	169.5000	167.6800	168.4000	159.5324	22954600
May 18, 2018	167.6800	168.2600	167.2100	167.4600	158.6419	26217900
May 17, 2018	168.3900	169.6100	167.5100	168.3300	159.4661	27480200
May 16, 2018	168.0900	169.3700	168.0100	168.9800	160.0819	22941200
May 15, 2018	168.4100	168.5000	166.9800	167.8700	159.0303	49361600
May 14, 2018	169.8500	170.8200	169.4700	169.7500	160.8113	21821700
May 11, 2018	169.4200	169.8600	168.7200	169.4600	160.5366	24688800
May 10, 2018	168.4200	169.7400	168.2900	169.6200	160.6881	27067600
May 09, 2018	166.3700	168.0000	165.7800	167.8800	159.0398	29122700
May 08, 2018	165.8900	166.4300	164.8600	166.0700	157.3251	26040200
May 07, 2018	165.6400	166.7800	165.5100	166.2400	157.4862	32500200
May 04, 2018	161.1000	165.2500	160.9800	164.8700	156.1882	41543200
May 03, 2018	161.0000	162.4000	159.2200	161.8000	153.2799	60337100
May 02, 2018	163.0600	163.5700	161.6300	161.8200	153.2989	38646800
May 01, 2018	160.5200	162.8000	160.1400	162.7800	154.2084	36513500
Apr 30, 2018	162.4700	163.4800	160.5400	160.9400	152.4652	35615300
Apr 27, 2018	164.3700	164.4100	161.1700	162.0900	153.5547	51043400
Apr 26, 2018	160.7000	162.5300	160.1800	161.9900	153.4600	43005500
Apr 25, 2018	158.7400	159.3100	156.4700	158.6500	150.2958	52089300
Apr 24, 2018	162.6600	162.9100	157.3900	158.4600	150.1158	70256800
Apr 23, 2018	163.0900	163.7300	161.0200	161.8900	153.3652	33040600
Apr 20, 2018	164.4900	164.6100	161.7300	162.3000	153.7536	49197100
Apr 19, 2018	165.6000	165.9900	164.3400	164.9100	156.2262	34705700
Apr 18, 2018	166.1000	167.0000	165.3100	166.4400	157.6756	29573900
Apr 17, 2018	164.2400	166.4600	163.9100	166.1000	157.3535	35536100
Apr 16, 2018	162.5000	163.1900	161.4800	162.6000	154.0378	28180800
Apr 13, 2018	163.0200	163.2600	160.6700	161.3700	152.8726	44604900
Apr 12, 2018	161.2500	162.7700	161.1600	162.2100	153.6684	30467900
Apr 11, 2018	160.2000	162.0000	160.1000	160.2800	151.8400	41622100
Apr 10, 2018	160.2100	161.7300	159.0700	161.2100	152.7210	48296800
Apr 09, 2018	157.9800	160.8800	157.4600	157.7300	149.4242	41810400
Apr 06, 2018	158.8800	160.4600	155.8800	156.6300	148.3822	59870900
Apr 05, 2018	161.3300	161.5800	159.4800	160.6500	152.1905	43054900
Apr 04, 2018	154.2200	160.2300	154.0400	159.7400	151.3284	65768700
Apr 03, 2018	156.8700	157.9200	154.4400	157.2600	148.9790	64090000
Apr 02, 2018	158.9900	159.7400	153.8800	155.5100	147.3211	85549400
Mar 29, 2018	158.1000	161.7100	156.6300	160.1300	151.6979	68692600
Mar 28, 2018	158.1700	159.7800	156.0400	157.2500	148.9695	89369700
Mar 27, 2018	165.6200	165.6200	157.6800	159.0800	150.7032	78889100
Mar 26, 2018	161.7200	164.6000	159.1600	164.4000	155.7430	57481500
Mar 23, 2018	162.6100	163.3000	158.4300	158.5100	150.1632	80110400
Mar 22, 2018	164.6100	165.7700	162.5900	162.8000	154.2273	66607300
Mar 21, 2018	167.2100	168.7600	166.1900	166.9200	158.1303	43863500
Mar 20, 2018	167.1700	168.0400	166.6100	167.6500	158.8219	34075700
Mar 19, 2018	169.1000	169.2200	165.6400	167.1000	158.3009	71395100
Mar 16, 2018	171.8200	172.2000	170.9400	171.0200	161.7520	31176700
Mar 15, 2018	171.8000	172.5300	170.9000	171.5300	162.2344	28810400
Mar 14, 2018	172.6100	172.7400	170.9300	171.6800	162.3763	40536400
Mar 13, 2018	174.4800	175.2100	171.2700	171.7100	162.4046	55638900
Mar 12, 2018	173.6700	174.4800	173.2800	174.0800	164.6462	37635000
Mar 09, 2018	171.0700	173.1600	170.8200	173.1600	163.7761	38310500
Mar 08, 2018	169.6300	169.9800	168.9500	169.8600	160.6548	25828400
Mar 07, 2018	167.2500	169.0700	166.9600	168.9300	159.7752	34609400
Mar 06, 2018	168.6500	169.1100	167.4800	168.5400	159.4064	29480900
Mar 05, 2018	165.2100	168.2600	164.5900	167.8300	158.7349	38540200
Mar 02, 2018	162.5000	166.2800	161.9600	165.9900	156.9946	57445100
Mar 01, 2018	167.3000	168.0700	163.0000	164.4800	155.5664	76809900
Feb 28, 2018	169.2500	169.8000	167.1000	167.2100	158.1485	42936300
Feb 27, 2018	170.4500	170.7300	168.2100	168.2900	159.1699	42209900
Feb 26, 2018	168.9600	170.4000	168.8200	170.4000	161.1656	39266700
Feb 23, 2018	166.1300	168.1700	165.4500	168.1700	159.0565	50096900
Feb 22, 2018	165.5400	166.4200	164.3800	164.8000	155.8692	37074400
Feb 21, 2018	166.1000	167.7200	164.7200	164.8200	155.8880	41161800
Feb 20, 2018	164.3800	166.6800	164.3100	165.2900	156.3325	36785600
Feb 16, 2018	165.1600	166.7600	164.6800	164.9600	156.0204	62256300
Feb 15, 2018	164.1400	165.7000	162.4400	165.7000	156.7203	51633900
Feb 14, 2018	158.7500	162.9300	158.0000	162.6800	153.8640	52107400
Feb 13, 2018	157.9600	160.0100	157.7200	159.6900	151.0360	31785600
Feb 12, 2018	157.7000	159.9500	156.4600	158.8700	150.2605	63050600
Feb 09, 2018	155.6200	157.2400	150.1300	156.1000	147.6406	113836600
Feb 08, 2018	160.6200	160.8000	153.4500	153.4500	145.1342	94184800
Feb 07, 2018	161.7900	163.5500	160.2000	160.2100	151.5278	91028300
Feb 06, 2018	155.8100	162.5100	155.1000	162.3100	153.5141	118537900
Feb 05, 2018	163.0700	165.7500	158.0000	158.1200	149.5511	105372200
Feb 02, 2018	167.3000	167.7000	164.4700	164.6100	155.6894	68478100
Feb 01, 2018	168.1000	169.7300	167.4200	167.9600	158.8578	38037900
Jan 31, 2018	169.6500	169.9900	168.3400	169.4000	160.2198	42449200
Jan 30, 2018	168.5500	169.4200	167.8200	168.7000	159.5577	44987700
Jan 29, 2018	170.5700	170.9100	169.7400	170.1000	160.8819	37277800
Jan 26, 2018	169.2900	170.9500	168.9600	170.9300	161.6669	32038200
Jan 25, 2018	169.5700	169.6300	167.8100	168.3500	159.2267	28925000
Jan 24, 2018	169.8700	170.2400	167.4400	168.4100	159.2835	54287400
Jan 23, 2018	168.6400	169.6600	168.5600	169.5100	160.3239	37989700
Jan 22, 2018	166.2800	168.1200	166.0900	168.1200	159.0092	26081400
Jan 19, 2018	166.3100	166.6100	165.5400	166.3400	157.3256	38937600
Jan 18, 2018	165.5300	166.2000	165.1400	165.8200	156.8338	26432200
Jan 17, 2018	164.8000	166.0400	164.0000	165.7900	156.8055	33849900
Jan 16, 2018	165.5800	166.4200	163.5300	164.0200	155.1314	41231800
Jan 12, 2018	163.1500	164.6600	162.9400	164.4900	155.5759	37762700
Jan 11, 2018	162.4600	163.3000	162.2100	163.2900	154.4409	20473500
Jan 10, 2018	161.8400	162.2100	161.1200	162.1800	153.3911	34004000
Jan 09, 2018	162.8700	163.0400	162.0700	162.5600	153.7505	24782400
Jan 08, 2018	161.9200	162.6300	161.8600	162.5500	153.7410	23159100
Jan 05, 2018	161.0700	162.0300	160.7700	161.9200	153.1452	26992300
Jan 04, 2018	160.5800	160.7900	160.0800	160.3100	151.6224	24776100
Jan 03, 2018	158.6400	160.1700	158.6100	160.0300	151.3576	29383600
Jan 02, 2018	156.5600	158.5300	156.1700	158.4900	149.9011	32573300
Dec 29, 2017	156.8700	156.9000	155.7000	155.7600	147.3190	33186000
Dec 28, 2017	157.0400	157.0700	156.5400	156.7300	148.2364	25393800
Dec 27, 2017	156.5300	156.9600	156.3900	156.5400	148.0567	22388200
Dec 26, 2017	156.4900	156.7200	155.9500	156.5200	148.0378	21918700
Dec 22, 2017	157.3100	157.4300	156.9500	157.3700	148.8417	23330400
Dec 21, 2017	157.7500	158.2500	157.3700	157.5500	149.0120	18638700
Dec 20, 2017	158.2500	158.2800	156.9100	157.5300	148.9931	38972600
Dec 19, 2017	158.3400	158.5000	157.2600	157.7000	149.1538	31415000
Dec 18, 2017	158.3600	158.7700	158.0700	158.6400	150.0429	26844500
Dec 15, 2017	156.4900	157.8200	156.2300	157.6500	148.7954	49816200
Dec 14, 2017	156.2600	156.6600	155.7100	155.8800	147.1248	24594700
Dec 13, 2017	156.3200	156.4900	155.7600	155.9900	147.2287	24418500
Dec 12, 2017	155.8300	156.1500	155.3600	155.6900	146.9455	20310300
Dec 11, 2017	154.7700	155.9500	154.7600	155.9000	147.1437	20821500
Dec 08, 2017	155.1500	155.5300	154.4600	154.7000	146.0111	28081700
Dec 07, 2017	153.4900	154.4600	153.3300	154.0200	145.3693	32666200
Dec 06, 2017	152.2400	153.7400	152.0600	153.5000	144.8784	28647800
Dec 05, 2017	152.6800	154.5500	152.1000	152.8100	144.2272	40604200
Dec 04, 2017	155.4600	155.6300	152.5600	152.7100	144.1328	51319100
Dec 01, 2017	154.2000	155.2400	152.2600	154.4900	145.8129	59015800
Nov 30, 2017	154.5100	155.4500	154.1500	155.1500	146.4358	56595500
Nov 29, 2017	156.4100	156.4500	153.1200	153.8600	145.2182	71986300
Nov 28, 2017	156.5400	156.6900	155.7000	156.5900	147.7949	25227300
Nov 27, 2017	156.2100	156.5600	155.8300	156.1900	147.4174	22653400
Nov 24, 2017	155.8500	156.3100	155.7600	156.2600	147.4834	8280600
Nov 22, 2017	155.6400	155.8400	155.3400	155.6900	146.9455	17299000
Nov 21, 2017	154.5600	155.5700	154.4900	155.5000	146.7661	20147800
Nov 20, 2017	154.0600	154.2000	153.6100	153.8300	145.1900	21143900
Nov 17, 2017	154.5800	154.6900	153.8000	153.9500	145.3032	28725800
Nov 16, 2017	153.3600	154.8900	153.3300	154.5400	145.8601	34790600
Nov 15, 2017	152.6500	153.0000	151.7800	152.5900	144.0196	24808000
Nov 14, 2017	153.3300	153.5000	152.5700	153.3100	144.6992	25173800
Nov 13, 2017	153.1000	154.0700	153.1000	153.8700	145.2278	12522400
Nov 10, 2017	153.3300	153.8000	153.0600	153.6800	145.0484	20150800
Nov 09, 2017	153.2300	153.7700	152.1100	153.6900	145.0578	40594500
Nov 08, 2017	153.8000	154.5400	153.6200	154.5000	145.8223	17373500
Nov 07, 2017	153.6700	154.0800	153.3400	153.8800	145.2372	21333100
Nov 06, 2017	153.1500	153.8500	153.1000	153.7900	145.1522	28693900
Nov 03, 2017	152.3600	153.2900	151.8400	153.2700	144.6614	26199200
Nov 02, 2017	151.9300	151.9900	150.7700	151.8100	143.2834	31017400
Nov 01, 2017	152.7600	152.8300	151.5000	152.1000	143.5571	29481600
Oct 31, 2017	152.0700	152.3700	151.6300	152.1500	143.6043	26319300
Oct 30, 2017	151.1300	152.1900	150.9900	151.5800	143.0663	31733400
Oct 27, 2017	149.4300	151.5200	149.2000	151.2400	142.7454	60165100
Oct 26, 2017	147.3400	147.7100	146.9200	146.9600	138.7058	28230200
Oct 25, 2017	147.7000	148.1800	146.3300	147.4300	139.1494	36179100
Oct 24, 2017	148.0300	148.3000	147.4400	147.9900	139.6780	20289500
Oct 23, 2017	149.0200	149.0300	147.5300	147.7400	139.4420	29297100
Oct 20, 2017	148.9100	149.0400	148.5300	148.7100	140.3575	30173300
Oct 19, 2017	147.9900	148.3300	147.2700	148.3100	139.9800	27680300
Oct 18, 2017	149.1900	149.2100	148.6400	148.8600	140.4991	17218200
Oct 17, 2017	148.8000	149.0600	148.5700	149.0400	140.6689	13138200
Oct 16, 2017	148.7100	148.8900	148.3900	148.8500	140.4896	21809400
Oct 13, 2017	148.3700	148.5100	147.7800	148.3400	140.0083	18409900
Oct 12, 2017	147.8200	148.3500	147.6200	147.7700	139.4703	14513500
Oct 11, 2017	147.5300	148.0700	147.3400	148.0400	139.7252	12439100
Oct 10, 2017	147.9900	148.1400	146.9500	147.6000	139.3099	19223100
Oct 09, 2017	147.8500	148.0100	147.3000	147.4900	139.2060	13704800
Oct 06, 2017	146.9600	147.6600	146.9600	147.6600	139.3665	23561100
Oct 05, 2017	146.5600	147.5400	146.4100	147.4600	139.1777	31562400
Oct 04, 2017	145.6100	146.3400	145.4700	146.0300	137.8281	26381100
Oct 03, 2017	145.7700	146.0600	145.4500	145.8900	137.6959	19715200
Oct 02, 2017	145.6700	146.1700	144.9300	145.5800	137.4033	27351300
Sep 29, 2017	144.7000	145.5600	144.3200	145.4500	137.2806	43102400
Sep 28, 2017	144.1100	144.5600	143.7800	144.4100	136.2991	24149400
Sep 27, 2017	143.9300	145.0000	143.5700	144.4600	136.3463	33249400
Sep 26, 2017	143.5300	143.8000	142.6700	143.1700	135.1287	29628800
Sep 25, 2017	143.7500	143.8300	142.1000	142.8000	134.7795	54947700
Sep 22, 2017	144.0000	144.5300	143.8500	144.3200	136.2141	21702400
Sep 21, 2017	145.2500	145.2600	143.9500	144.4600	136.3463	28841800
Sep 20, 2017	145.7500	145.9100	144.2300	145.3500	137.1863	34236200
Sep 19, 2017	145.8100	146.0100	145.3100	145.8000	137.6110	20871200
Sep 18, 2017	145.9100	146.3700	145.1100	145.5500	137.3750	24858200
Sep 15, 2017	145.5300	146.5900	145.2900	146.0600	137.5553	46422400
Sep 14, 2017	145.8500	146.2900	145.4700	145.5600	137.0844	35296400
Sep 13, 2017	145.9700	146.4400	145.7300	146.4200	137.8943	28450900
Sep 12, 2017	146.2800	146.4100	145.5300	146.2200	137.7059	30256700
Sep 11, 2017	145.3400	146.1200	145.3000	145.8700	137.3764	27126300
Sep 08, 2017	145.2800	145.3500	144.0600	144.2100	135.8130	27890100
Sep 07, 2017	145.4000	145.8400	144.9400	145.4700	136.9996	22721100
Sep 06, 2017	145.0600	145.4600	144.0800	145.1300	136.6795	30722700
Sep 05, 2017	145.5700	145.8800	143.6000	144.6900	136.2650	44794300
Sep 01, 2017	146.3900	146.5900	145.6100	146.0000	137.4988	22293600
Aug 31, 2017	145.0600	146.2100	144.9800	146.2000	137.6871	38480700
Aug 30, 2017	143.0900	144.8900	143.0000	144.6500	136.2274	33642700
Aug 29, 2017	141.1900	143.2100	141.0600	142.9700	134.6452	24498300
Aug 28, 2017	142.4000	142.7400	141.9500	142.4100	134.1178	15362100
Aug 25, 2017	142.8200	143.1800	141.7800	141.9700	133.7035	26380400
Aug 24, 2017	143.0100	143.1700	141.4700	142.2700	133.9860	38160800
Aug 23, 2017	142.4800	143.0100	142.3800	142.6900	134.3815	25702300
Aug 22, 2017	141.8100	143.3500	141.7600	143.2000	134.8618	36294200
Aug 21, 2017	141.2200	141.5300	140.1800	141.0500	132.8370	37111500
Aug 18, 2017	141.4100	142.2000	140.6500	141.2300	133.0065	60751900
Aug 17, 2017	143.7200	143.9400	141.3300	141.3300	133.1007	70191000
Aug 16, 2017	144.3900	144.9600	143.8000	144.2800	135.8790	31913000
Aug 15, 2017	144.2900	144.3000	143.6400	144.0300	135.6435	25509200
Aug 14, 2017	143.2300	144.1500	143.1900	143.9300	135.5493	34161000
Aug 11, 2017	141.2200	142.4100	140.9000	142.1000	133.8259	45862500
Aug 10, 2017	143.3000	143.4000	140.8900	141.0300	132.8182	63331700
Aug 09, 2017	143.1200	144.1900	142.7900	144.1200	135.7282	36169500
Aug 08, 2017	144.2800	145.4700	143.9000	144.3100	135.9071	30810400
Aug 07, 2017	143.9100	144.5600	143.7100	144.5600	136.1426	17933900
Aug 04, 2017	143.7100	143.9700	143.0600	143.6500	135.2856	29472900
Aug 03, 2017	144.0900	144.1700	143.1300	143.3900	135.0408	27112800
Aug 02, 2017	144.4900	144.5200	142.6100	143.9500	135.5681	41769700
Aug 01, 2017	143.7200	143.7600	143.1200	143.5600	135.2009	20149400
Jul 31, 2017	144.2500	144.4300	142.9200	143.2300	134.8901	33848600
Jul 28, 2017	143.1000	144.0800	142.8700	143.8400	135.4645	38013200
Jul 27, 2017	145.8200	145.9600	142.3000	143.9600	135.5776	80665900
Jul 26, 2017	144.7600	144.9500	144.5300	144.8700	136.4346	18610600
Jul 25, 2017	144.2900	144.7400	144.0100	144.4000	135.9919	28120900
Jul 24, 2017	144.0900	144.8700	143.9200	144.7700	136.3403	26712700
Jul 21, 2017	143.6400	144.1100	143.3500	144.1100	135.7188	39697100
Jul 20, 2017	144.3500	144.4400	143.5200	144.1700	135.7753	36139400
Jul 19, 2017	143.5600	144.1900	143.5000	143.9800	135.5964	33752300
Jul 18, 2017	142.0900	143.1700	141.6400	143.1400	134.8053	25748500
Jul 17, 2017	142.2700	142.6900	141.9200	142.1900	133.9106	25343200
Jul 14, 2017	141.6400	142.3000	141.1900	142.1200	133.8447	34544800
Jul 13, 2017	140.8700	141.3500	140.6000	141.0100	132.7993	31073600
Jul 12, 2017	140.2400	140.8600	139.9600	140.7000	132.5074	36045800
Jul 11, 2017	138.4600	139.2200	137.9400	139.0500	130.9535	31517700
Jul 10, 2017	137.8500	138.9900	137.5000	138.6600	130.5862	24853500
Jul 07, 2017	136.7500	138.1300	136.7400	137.7600	129.7386	36970400
Jul 06, 2017	136.4800	137.0600	135.8000	136.2900	128.3541	48430500
Jul 05, 2017	136.6200	137.9000	136.1600	137.5300	129.5220	42116600
Jul 03, 2017	138.2700	138.4300	136.1000	136.1900	128.2599	32797000
Jun 30, 2017	137.9800	138.6700	137.1900	137.6400	129.6255	68898300
Jun 29, 2017	139.4400	139.4400	136.2500	137.5900	129.5785	88769400
Jun 28, 2017	138.5400	140.1400	137.7400	140.0200	131.8670	57427200
Jun 27, 2017	140.0500	140.2200	138.0200	138.0300	129.9929	65957800
Jun 26, 2017	142.0500	142.2900	140.2700	140.5800	132.3944	34411100
Jun 23, 2017	140.5400	141.4200	140.1500	141.2400	133.0160	21654300
Jun 22, 2017	140.9600	141.2200	140.3400	140.7000	132.5074	24099100
Jun 21, 2017	139.6800	140.8100	139.5900	140.7400	132.5451	35743400
Jun 20, 2017	140.3200	140.5000	139.3100	139.3600	131.2454	40935100
Jun 19, 2017	139.4900	140.5900	139.2800	140.4600	132.2814	39626500
Jun 16, 2017	138.6800	138.7800	137.6400	138.1500	130.1059	48087400
Jun 15, 2017	138.3400	139.2800	137.4900	139.1300	130.6728	55145200
Jun 14, 2017	140.9300	140.9300	138.6200	139.7500	131.2551	60093800
Jun 13, 2017	140.0100	140.5600	139.2800	140.3600	131.8280	51193000
Jun 12, 2017	138.8000	139.4800	137.4700	139.2300	130.7668	104454000
Jun 09, 2017	143.7400	143.9000	138.1100	139.9800	131.4711	109783700
Jun 08, 2017	143.7400	143.8000	142.7900	143.5700	134.8429	25417400
Jun 07, 2017	143.2600	143.5400	142.6000	143.4200	134.7020	18842400
Jun 06, 2017	143.2600	143.7300	142.6500	142.8600	134.1761	22393000
Jun 05, 2017	143.4500	143.6800	143.2300	143.4300	134.7114	15727500
Jun 02, 2017	142.3400	143.4900	142.1100	143.4600	134.7396	37222900
Jun 01, 2017	141.5800	141.9000	140.9800	141.8400	133.2180	20120700
May 31, 2017	141.8400	141.8400	140.5700	141.2900	132.7015	33229400
May 30, 2017	141.1500	141.5100	141.0600	141.3400	132.7484	20306400
May 26, 2017	141.0000	141.2800	140.8100	141.2200	132.6358	13851600
May 25, 2017	140.3100	141.3300	140.0100	140.9700	132.4009	23928600
May 24, 2017	139.5600	139.8500	139.1700	139.7800	131.2833	15891900
May 23, 2017	139.4100	139.4200	138.7800	139.1400	130.6822	19687500
May 22, 2017	138.1500	139.0700	138.1000	139.0000	130.5507	19509700
May 19, 2017	137.7500	138.4200	137.6600	137.8400	129.4612	36730100
May 18, 2017	136.0200	137.7200	135.8700	137.2600	128.9165	41319900
May 17, 2017	138.5100	138.7700	136.0500	136.0700	127.7988	55642200
May 16, 2017	139.4000	139.6400	138.9900	139.6200	131.1330	21786000
May 15, 2017	138.6600	139.1200	138.5300	139.0400	130.5883	20481300
May 12, 2017	138.3500	138.6300	138.2300	138.6000	130.1750	19738600
May 11, 2017	138.0200	138.3300	137.3800	138.2900	129.8838	27232100
May 10, 2017	138.4000	138.4500	137.9100	138.4000	129.9872	20499400
May 09, 2017	138.0500	138.6300	137.9300	138.3200	129.9120	28426100
May 08, 2017	137.6100	137.8400	137.3300	137.8400	129.4612	13279900
May 05, 2017	137.3900	137.5400	136.8800	137.5400	129.1795	19330700
May 04, 2017	136.9700	137.4300	136.5600	137.0400	128.7098	14630100
May 03, 2017	137.1200	137.1700	136.6200	136.9900	128.6629	23827600
May 02, 2017	137.3700	137.4900	137.0200	137.4300	129.0761	18345100
May 01, 2017	136.4400	137.3800	136.3800	137.2000	128.8602	24815500
Apr 28, 2017	136.2900	136.3400	135.7700	135.9900	127.7237	22771900
Apr 27, 2017	135.2700	135.7500	135.1900	135.7500	127.4983	16136500
Apr 26, 2017	135.1800	135.5100	134.8600	134.9400	126.7375	25398500
Apr 25, 2017	134.6000	135.3700	134.4800	135.1300	126.9160	19384400
Apr 24, 2017	134.0300	134.2900	133.8000	134.1600	126.0049	22469900
Apr 21, 2017	132.7100	132.7600	132.2200	132.5600	124.5022	22454900
Apr 20, 2017	132.0200	132.8800	131.8200	132.5900	124.5303	21977900
Apr 19, 2017	131.8500	132.2900	131.3100	131.4900	123.4972	17764800
Apr 18, 2017	131.0400	131.6600	130.9500	131.2800	123.3000	12841100
Apr 17, 2017	130.7700	131.5000	130.7200	131.4800	123.4878	13325500
Apr 13, 2017	130.7400	131.5100	130.3800	130.4000	122.4735	23683000
Apr 12, 2017	131.4300	131.5400	130.7800	130.9200	122.9619	15955200
Apr 11, 2017	131.9000	132.1000	130.5000	131.4500	123.4596	33778400
Apr 10, 2017	132.1000	132.5700	131.6600	132.0200	123.9950	15619300
Apr 07, 2017	132.0000	132.3700	131.5000	131.9700	123.9480	16743100
Apr 06, 2017	132.1000	132.3900	131.7000	132.0400	124.0138	18832200
Apr 05, 2017	132.7000	133.4800	131.7200	131.9700	123.9480	32011200
Apr 04, 2017	131.9200	132.5300	131.8700	132.5100	124.4552	13400000
Apr 03, 2017	132.4900	132.8100	131.5600	132.3000	124.2580	23700300
Mar 31, 2017	132.2800	132.7400	132.1300	132.3800	124.3331	19841400
Mar 30, 2017	132.2000	132.6100	132.0800	132.4700	124.4177	16092400
Mar 29, 2017	131.7300	132.3000	131.5900	132.2500	124.2110	13710000
Mar 28, 2017	130.8400	132.0300	130.5500	131.6400	123.6381	23721900
Mar 27, 2017	129.7000	131.0700	129.4000	130.8400	122.8867	18472400
Mar 24, 2017	130.7800	131.2900	130.1300	130.6300	122.6895	22967600
Mar 23, 2017	130.5200	130.8800	130.1400	130.3600	122.4359	20311700
Mar 22, 2017	129.8500	130.8200	129.6800	130.6900	122.7458	29177900
Mar 21, 2017	132.3100	132.4300	129.7300	129.8100	121.9193	35841900
Mar 20, 2017	131.6500	132.1100	131.4600	131.8100	123.7977	10105200
Mar 17, 2017	131.9000	132.0400	131.6200	131.6900	123.6850	21234500
Mar 16, 2017	132.3500	132.3500	131.7100	132.0100	123.7283	18457300
Mar 15, 2017	131.5600	132.4100	131.1400	132.1000	123.8126	22709100
Mar 14, 2017	131.3100	131.3600	130.7600	131.2900	123.0535	14019700
Mar 13, 2017	131.3400	131.6400	131.2700	131.6100	123.3533	10731600
Mar 10, 2017	131.4400	131.6000	130.8200	131.3900	123.1471	21922600
Mar 09, 2017	130.7100	131.0200	130.1400	130.8400	122.6316	20855300
Mar 08, 2017	130.5900	131.1500	130.4600	130.7400	122.5379	15776000
Mar 07, 2017	130.4700	131.0800	130.2800	130.5100	122.3224	15500900
Mar 06, 2017	130.5900	130.9500	130.2100	130.7300	122.5286	12026200
Mar 03, 2017	130.6900	131.0600	130.3400	131.0200	122.8004	13722700
Mar 02, 2017	131.4100	131.4300	130.6200	130.7800	122.5754	19951400
Mar 01, 2017	130.8500	131.6800	130.6000	131.4400	123.1940	25813800
Feb 28, 2017	130.3900	130.4500	129.6600	130.0200	121.8631	16598600
Feb 27, 2017	130.0200	130.4300	129.8000	130.4200	122.2380	12008700
Feb 24, 2017	129.4200	130.2600	129.3800	130.2600	122.0880	18624500
Feb 23, 2017	130.7000	130.7000	129.4900	130.0100	121.8537	17489000
Feb 22, 2017	130.3300	130.5900	130.1100	130.5000	122.3130	12110900
Feb 21, 2017	130.0600	130.5300	129.9900	130.4500	122.2661	18479600
Feb 17, 2017	129.0600	129.8200	129.0400	129.8100	121.6663	15563700
Feb 16, 2017	129.3700	129.6300	128.9200	129.2500	121.1414	15098300
Feb 15, 2017	128.4400	129.3500	128.3700	129.2900	121.1789	17891400
Feb 14, 2017	128.1500	128.5400	127.7400	128.5300	120.4666	16333500
Feb 13, 2017	127.7700	128.2600	127.7200	128.1000	120.0636	19120200
Feb 10, 2017	127.2400	127.5600	127.0200	127.3800	119.3887	13915700
Feb 09, 2017	126.6300	127.2400	126.5600	126.9600	118.9951	17542700
Feb 08, 2017	126.1200	126.6800	125.8800	126.5000	118.5639	12569100
Feb 07, 2017	126.0900	126.5500	125.9700	126.2900	118.3671	17541100
Feb 06, 2017	125.4700	125.8500	125.3500	125.8300	117.9360	11630100
Feb 03, 2017	125.4500	125.8100	125.3300	125.6800	117.7954	16957200
Feb 02, 2017	125.2100	125.7000	124.8600	125.3200	117.4580	15101400
Feb 01, 2017	125.4500	125.6800	124.8600	125.4300	117.5611	22861900
Jan 31, 2017	124.3800	124.6000	123.8500	124.5700	116.7550	19091100
Jan 30, 2017	125.3800	125.3800	124.1300	124.8200	116.9893	25006700
Jan 27, 2017	125.8300	125.9200	125.3900	125.8000	117.9079	15053000
Jan 26, 2017	125.6000	125.8200	125.3400	125.5600	117.6829	16052200
Jan 25, 2017	124.9600	125.4600	124.8500	125.4300	117.5611	15036200
Jan 24, 2017	123.5900	124.3700	123.3800	124.1800	116.3895	17640900
Jan 23, 2017	123.1700	123.5300	122.5700	123.3500	115.6115	17434200
Jan 20, 2017	123.5200	123.8300	122.9200	123.2500	115.5178	22091000
Jan 19, 2017	123.2200	123.6500	122.7200	122.9800	115.2647	12710700
Jan 18, 2017	122.9700	123.1600	122.6600	123.0400	115.3210	12499700
Jan 17, 2017	122.8400	123.0300	122.4300	122.7900	115.0867	14538500
Jan 13, 2017	122.8000	123.3700	122.8000	123.1600	115.4335	16930800
Jan 12, 2017	122.4900	122.8200	121.6000	122.7400	115.0398	19622500
Jan 11, 2017	122.6500	122.9300	122.0200	122.9300	115.2179	20686000
Jan 10, 2017	122.3800	122.9700	122.1000	122.6000	114.9086	16176600
Jan 09, 2017	122.0300	122.5500	121.9500	122.3300	114.6555	18909200
Jan 06, 2017	121.0000	122.2500	120.6900	121.9300	114.2806	24074300
Jan 05, 2017	120.1000	120.9500	120.1000	120.8700	113.2871	20644300
Jan 04, 2017	119.6700	120.4100	119.6600	120.1900	112.6498	19749100
Jan 03, 2017	119.2700	119.9900	118.8900	119.5400	112.0406	22307600
Dec 30, 2016	119.9400	119.9500	118.1400	118.4800	111.0470	41749000
Dec 29, 2016	119.8500	120.1300	119.3300	119.7100	112.1999	13267500
Dec 28, 2016	121.0800	121.1900	119.8000	119.8800	112.3592	17975200
Dec 27, 2016	120.4600	121.5200	120.4100	120.8200	113.2403	16110600
Dec 23, 2016	119.9200	120.2500	119.8100	120.2000	112.6591	9007500
Dec 22, 2016	120.4700	120.5000	119.6500	120.1200	112.5842	16645000
Dec 21, 2016	120.6000	120.6800	120.1900	120.4600	112.9029	7079300
Dec 20, 2016	120.4700	120.7700	120.3300	120.5500	112.9872	11461800
Dec 19, 2016	119.7200	120.8300	119.5500	120.0900	112.5561	21138700
Dec 16, 2016	120.3400	120.5800	119.3600	119.6000	112.0968	26283900
Dec 15, 2016	120.3700	121.1100	120.0800	120.4000	112.5139	22762300
Dec 14, 2016	120.6100	121.0000	119.8600	120.2100	112.3363	28746000
Dec 13, 2016	119.3200	121.1100	119.3200	120.4600	112.5700	54477900
Dec 12, 2016	118.9700	119.2100	118.4700	118.9600	111.1682	23259300
Dec 09, 2016	119.0100	119.5400	119.0000	119.5000	111.6728	21863100
Dec 08, 2016	118.4100	118.8700	118.1800	118.5700	110.8038	18578400
Dec 07, 2016	116.6400	118.5100	116.2900	118.3600	110.6075	26622400
Dec 06, 2016	116.9300	117.0800	116.3900	116.8800	109.2244	27293300
Dec 05, 2016	116.3000	117.0600	115.7700	116.6000	108.9628	21419700
Dec 02, 2016	115.5400	116.1600	115.2200	115.7000	108.1217	32876800
Dec 01, 2016	117.4600	117.4700	115.2900	115.4700	107.9068	39796600
Nov 30, 2016	119.0900	119.1300	117.4600	117.5000	109.8039	30405300
Nov 29, 2016	118.6400	119.5100	118.3000	118.9400	111.1495	18553000
Nov 28, 2016	118.6500	119.0800	118.4100	118.5300	110.7664	13479000
Nov 25, 2016	118.5600	118.8500	118.4200	118.8000	111.0187	7162800
Nov 23, 2016	118.5100	118.6400	117.9000	118.4200	110.6636	22926000
Nov 22, 2016	119.0100	119.1900	118.6100	118.9000	111.1121	18850600
Nov 21, 2016	117.6100	118.6500	117.5700	118.5400	110.7757	20268500
Nov 18, 2016	117.9000	118.1000	117.2100	117.3200	109.6356	16428700
Nov 17, 2016	116.8500	117.7800	116.6100	117.7600	110.0468	20598600
Nov 16, 2016	115.6700	116.9900	115.6700	116.9100	109.2525	16538100
Nov 15, 2016	115.5000	116.6200	115.3300	116.2200	108.6077	31796600
Nov 14, 2016	115.8300	115.9400	114.0300	114.6300	107.1218	35906000
Nov 11, 2016	115.2500	116.0500	114.8400	115.8000	108.2152	41115200
Nov 10, 2016	118.2200	118.3800	114.2000	115.7500	108.1685	72825400
Nov 09, 2016	115.7400	117.8400	115.6000	117.6500	109.9440	70234400
Nov 08, 2016	116.2300	117.6400	115.9600	117.1100	109.4394	20777900
Nov 07, 2016	115.4900	116.4700	115.3000	116.3500	108.7292	26591200
Nov 04, 2016	113.7700	114.5400	113.4500	113.6500	106.2060	26997500
Nov 03, 2016	114.9900	115.3700	113.9200	114.0500	106.5798	36205200
Nov 02, 2016	116.0300	116.3000	114.8900	115.1800	107.6358	26960100
Nov 01, 2016	117.1900	117.2100	115.1000	116.1100	108.5049	23498700
Oct 31, 2016	117.5300	117.5300	116.9300	116.9900	109.3272	18749400
Oct 28, 2016	117.5000	118.1100	116.7400	117.1000	109.4300	35369300
Oct 27, 2016	118.8900	118.9900	117.6700	117.8400	110.1216	19099800
Oct 26, 2016	118.4200	119.0300	118.0300	118.3800	110.6262	20463700
Oct 25, 2016	119.6400	119.6600	119.0100	119.1900	111.3832	20341800
Oct 24, 2016	118.9100	119.6500	118.8900	119.5700	111.7382	19143000
Oct 21, 2016	117.8000	118.2200	117.4100	118.1500	110.4113	15707800
Oct 20, 2016	117.7300	117.9700	117.0300	117.7100	110.0001	18132200
Oct 19, 2016	117.7700	118.0200	117.6400	117.8500	110.1309	13702900
Oct 18, 2016	118.2100	118.4100	117.8000	117.8600	110.1403	19276700
Oct 17, 2016	117.0400	117.3000	116.6700	116.8200	109.1684	14182700
Oct 14, 2016	117.5800	118.0500	117.0700	117.1400	109.4674	21313300
Oct 13, 2016	116.6200	117.3200	115.9400	117.0000	109.3366	22821000
Oct 12, 2016	117.6300	117.8200	117.0600	117.4200	109.7291	14267800
Oct 11, 2016	119.1200	119.1400	117.0000	117.5200	109.8225	27774400
Oct 10, 2016	119.0800	119.4800	119.0300	119.2200	111.4112	19687300
Oct 07, 2016	118.8400	119.0100	117.8900	118.4700	110.7103	19984200
Oct 06, 2016	118.6400	118.9800	118.1500	118.7300	110.9533	11987100
Oct 05, 2016	118.7200	119.1700	118.6700	118.7900	111.0094	14481300
Oct 04, 2016	118.9000	119.1600	117.9200	118.3700	110.6169	21239700
Oct 03, 2016	118.5700	118.7000	118.0900	118.5500	110.7851	19216400
Sep 30, 2016	118.1500	119.0700	118.0300	118.7200	110.9439	25543200
Sep 29, 2016	118.5000	118.7200	117.3300	117.8400	110.1216	27207500
Sep 28, 2016	118.6500	118.7700	118.0900	118.7000	110.9252	14794300
Sep 27, 2016	117.2600	118.5600	117.1500	118.5000	110.7383	20238400
Sep 26, 2016	117.6600	117.8000	117.1700	117.3400	109.6543	16403900
Sep 23, 2016	119.0000	119.0000	118.1600	118.3300	110.5795	22213400
Sep 22, 2016	118.8400	119.2200	118.7200	119.0900	111.2897	22614400
Sep 21, 2016	117.5000	118.3200	116.8100	118.1500	110.4113	31546800
Sep 20, 2016	117.2000	117.4800	116.8000	117.0000	109.3366	18078600
Sep 19, 2016	117.5900	117.9500	116.5500	116.7800	109.1310	16222900
Sep 16, 2016	117.2200	117.4100	116.7100	117.2900	109.6076	27596500
Sep 15, 2016	115.8700	117.8200	115.8600	117.6400	109.6599	38521400
Sep 14, 2016	115.4100	116.4700	115.3800	115.8400	107.9820	28221800
Sep 13, 2016	115.7500	116.0900	114.7300	115.2900	107.4693	45863900
Sep 12, 2016	113.6400	116.4900	113.6300	116.3300	108.4388	39646000
Sep 09, 2016	116.2500	116.5100	114.2600	114.2800	106.5279	50813300
Sep 08, 2016	117.5700	117.6000	116.9200	117.2300	109.2777	20125300
Sep 07, 2016	117.9600	118.1200	117.4700	117.9200	109.9209	17546900
Sep 06, 2016	117.3200	117.8500	117.0600	117.8500	109.8557	18525200
Sep 02, 2016	117.3200	117.5600	116.6800	117.1200	109.1752	18088200
Sep 01, 2016	116.4800	116.8800	115.9100	116.7400	108.8210	20944700
Aug 31, 2016	116.3800	116.5600	115.9500	116.4400	108.5413	16169800
Aug 30, 2016	116.7500	117.0900	116.1600	116.5600	108.6532	19843300
Aug 29, 2016	116.8100	117.2500	116.7900	116.9400	109.0074	11184900
Aug 26, 2016	116.6500	117.5400	116.0800	116.7800	108.8582	23896000
Aug 25, 2016	116.5000	116.9700	116.3600	116.6100	108.6998	24266300
Aug 24, 2016	117.4800	117.6400	116.4100	116.8000	108.8769	17728700
Aug 23, 2016	117.8100	118.0100	117.5100	117.5600	109.5853	11997900
Aug 22, 2016	117.0900	117.5500	116.8700	117.3500	109.3896	14500600
Aug 19, 2016	117.0800	117.5200	116.7600	117.2600	109.3057	18743000
Aug 18, 2016	117.1500	117.4600	116.9500	117.2900	109.3337	10036300
Aug 17, 2016	117.0800	117.3000	116.4300	117.2600	109.3057	15980300
Aug 16, 2016	117.4800	117.4900	117.0300	117.0500	109.1099	14161400
Aug 15, 2016	117.3500	117.9700	117.3100	117.7000	109.7159	11777800
Aug 12, 2016	116.9200	117.2100	116.7900	117.2000	109.2498	19379000
Aug 11, 2016	117.0200	117.3700	116.7800	117.1200	109.1752	12969800
Aug 10, 2016	116.9900	117.0200	116.3100	116.6200	108.7091	14688400
Aug 09, 2016	116.7400	117.2900	116.6700	116.9200	108.9888	13276500
Aug 08, 2016	116.8400	116.8700	116.2800	116.6500	108.7371	12358200
Aug 05, 2016	116.2600	117.0400	116.1300	116.7800	108.8582	23196600
Aug 04, 2016	115.3000	115.7800	115.0300	115.6700	107.8236	12835300
Aug 03, 2016	114.8700	115.3500	114.8000	115.3400	107.5159	15011300
Aug 02, 2016	115.6700	115.7700	114.2200	114.9600	107.1617	21278400
Aug 01, 2016	115.3100	116.1300	115.1700	115.8400	107.9820	13990100
Jul 29, 2016	115.2400	115.5400	114.8700	115.2300	107.4134	22385300
Jul 28, 2016	114.7600	115.1100	114.4000	114.9800	107.1804	16939700
Jul 27, 2016	114.7500	114.8800	114.1000	114.5800	106.8075	27646100
Jul 26, 2016	113.6200	114.2000	113.2200	113.7900	106.0711	21223800
Jul 25, 2016	113.5600	113.6900	113.2800	113.6600	105.9499	12968100
Jul 22, 2016	113.2600	113.7800	112.9100	113.6500	105.9406	20003400
Jul 21, 2016	113.5200	113.7400	112.8700	113.1800	105.5025	18885400
Jul 20, 2016	112.7400	113.6500	112.6000	113.4400	105.7448	24997900
Jul 19, 2016	112.1500	112.4800	111.9300	112.1300	104.5237	18936700
Jul 18, 2016	111.8700	112.7400	111.8500	112.5400	104.9059	20713900
Jul 15, 2016	112.2400	112.3000	111.5500	111.8000	104.2161	17999300
Jul 14, 2016	111.9600	112.1900	111.7000	111.9800	104.3839	20871000
Jul 13, 2016	111.7500	111.8200	111.2100	111.2200	103.6755	21107800
Jul 12, 2016	111.6100	111.7900	111.3400	111.4900	103.9271	21906100
Jul 11, 2016	110.6700	111.3400	110.6600	110.9300	103.4051	20218500
Jul 08, 2016	109.2000	110.3600	109.0200	110.3000	102.8178	29457900
Jul 07, 2016	108.4000	108.8600	108.1100	108.6200	101.2518	19161700
Jul 06, 2016	106.9100	108.3500	106.5700	108.3000	100.9535	24579300
Jul 05, 2016	107.5100	107.6600	106.8400	107.4200	100.1332	21167900
Jul 01, 2016	107.4900	108.4800	107.4500	108.0800	100.7484	19902800
Jun 30, 2016	106.4900	107.6100	106.1300	107.5400	100.2450	36300800
Jun 29, 2016	105.2800	106.5300	105.2300	106.3100	99.0985	31356700
Jun 28, 2016	103.3500	104.5100	103.3000	104.4600	97.3740	28260600
Jun 27, 2016	103.6000	103.6000	101.7500	102.2200	95.2859	48222600
Jun 24, 2016	104.9000	106.5000	104.0600	104.2900	97.2155	68012700
Jun 23, 2016	108.0700	108.7900	107.6200	108.7700	101.3916	18714200
Jun 22, 2016	107.5600	108.1900	107.1500	107.2400	99.9654	22724200
Jun 21, 2016	107.3000	107.7200	107.1000	107.5000	100.2078	22804100
Jun 20, 2016	107.7300	108.2400	107.0800	107.1600	99.8908	20562800
Jun 17, 2016	107.5300	107.6800	106.2400	106.4900	99.2663	29208800
Jun 16, 2016	107.1900	108.1400	106.5000	108.0400	100.4436	32079900
Jun 15, 2016	108.2900	108.4400	107.5400	107.7200	100.1461	24605700
Jun 14, 2016	107.7400	108.4200	107.2400	108.0300	100.4343	24588500
Jun 13, 2016	108.3200	108.9300	107.8900	108.0300	100.4343	25154700
Jun 10, 2016	109.1900	109.4000	108.5600	108.9400	101.2803	32965000
Jun 09, 2016	109.9200	110.3100	109.7100	110.1900	102.4424	17571600
Jun 08, 2016	110.3700	110.6000	109.9600	110.3700	102.6098	14568700
Jun 07, 2016	110.5200	110.6300	110.1300	110.1800	102.4331	12184300
Jun 06, 2016	110.2600	110.7500	110.0700	110.4600	102.6934	12502400
Jun 03, 2016	110.3700	110.4200	109.3400	110.0600	102.3216	20269900
Jun 02, 2016	110.1300	110.5900	109.5300	110.5800	102.8050	15696600
Jun 01, 2016	110.0000	110.6000	109.9100	110.3500	102.5912	19571500
May 31, 2016	110.2800	110.5100	109.7800	110.3400	102.5819	24366100
May 27, 2016	109.6300	110.1400	109.6100	110.1300	102.3867	19870000
May 26, 2016	109.3500	109.7000	109.0900	109.5600	101.8567	21885900
May 25, 2016	108.8700	109.5700	108.6800	109.2400	101.5592	37951700
May 24, 2016	106.9200	108.5900	106.8900	108.4600	100.8341	29931300
May 23, 2016	106.5900	106.9700	106.2300	106.3300	98.8539	15729800
May 20, 2016	105.7300	106.9000	105.6700	106.4700	98.9840	29549600
May 19, 2016	105.4500	105.7100	104.5400	105.3100	97.9055	27334600
May 18, 2016	105.2400	106.4300	105.0400	105.8600	98.4169	27524400
May 17, 2016	106.7300	107.0400	105.2000	105.4800	98.0636	29932700
May 16, 2016	105.6600	107.2100	105.5600	106.8200	99.3094	18311900
May 13, 2016	105.8000	106.4500	105.2900	105.5000	98.0822	21059300
May 12, 2016	106.6100	106.7400	105.1400	105.8900	98.4448	29196300
May 11, 2016	107.1700	107.4900	106.3300	106.3600	98.8817	20966300
May 10, 2016	106.2600	107.3800	106.0700	107.3300	99.7835	21178900
May 09, 2016	105.5900	106.3700	105.5400	105.8800	98.4355	19289600
May 06, 2016	104.5000	105.6000	104.4000	105.5800	98.1566	30758500
May 05, 2016	105.4300	105.6600	104.8100	105.0200	97.6359	20788100
May 04, 2016	105.0900	105.4800	104.7900	105.0500	97.6639	27474500
May 03, 2016	105.9600	106.4400	105.4500	105.7300	98.2961	38569400
May 02, 2016	105.9900	106.8700	105.5500	106.7200	99.2164	24813800
Apr 29, 2016	106.2800	106.5000	104.8800	105.7200	98.2867	67502800
Apr 28, 2016	107.7000	108.3300	106.0700	106.2800	98.8074	29818200
Apr 27, 2016	107.3400	107.8300	106.6900	107.5800	100.0160	33059800
Apr 26, 2016	109.2100	109.3900	108.1200	108.4500	100.8248	19118300
Apr 25, 2016	108.6500	108.9900	108.4500	108.9800	101.3175	14351900
Apr 22, 2016	109.2100	109.7200	108.1200	108.9800	101.3175	39074000
Apr 21, 2016	110.5800	111.0500	110.1500	110.6500	102.8701	20216000
Apr 20, 2016	110.5500	111.1500	110.1700	110.6400	102.8608	18078300
Apr 19, 2016	111.4400	111.4400	109.8800	110.5500	102.7772	42481400
Apr 18, 2016	110.3200	111.2700	110.2500	111.2300	103.4093	17126100
Apr 15, 2016	110.8300	111.0600	110.3600	110.6400	102.8608	21353300
Apr 14, 2016	110.9300	111.3300	110.0000	110.9200	103.1211	17199700
Apr 13, 2016	110.3500	111.0800	110.2100	110.9100	103.1118	25356700
Apr 12, 2016	108.6800	109.7200	108.0200	109.5100	101.8102	28564100
Apr 11, 2016	109.4700	110.0200	108.5900	108.6000	100.9642	25772100
Apr 08, 2016	109.7600	110.0200	108.6200	109.0000	101.3361	22898000
Apr 07, 2016	110.0300	110.2300	108.6100	109.0800	101.4105	28567200
Apr 06, 2016	108.9900	110.7100	108.9900	110.6700	102.8887	25056000
Apr 05, 2016	109.0900	109.5000	108.7400	108.8800	101.2245	20107900
Apr 04, 2016	110.3600	110.4400	109.6800	109.9400	102.2100	17163000
Apr 01, 2016	108.5400	110.4000	108.3900	110.3600	102.6005	26389000
Mar 31, 2016	109.2800	109.6900	109.0300	109.2000	101.5220	21447200
Mar 30, 2016	109.4800	110.0400	109.1300	109.3600	101.6708	23807200
Mar 29, 2016	106.9100	108.9000	106.7300	108.8300	101.1781	29963900
Mar 28, 2016	107.5600	107.5800	106.9200	107.1100	99.5790	13892300
Mar 24, 2016	106.7100	107.2900	106.5300	107.2600	99.7184	19017300
Mar 23, 2016	107.9100	107.9900	106.9900	107.2300	99.6905	20912900
Mar 22, 2016	107.1800	108.3700	107.1600	108.1200	100.5180	18840300
Mar 21, 2016	107.1800	107.8900	107.1200	107.7900	100.2112	17288600
Mar 18, 2016	107.4600	107.6400	106.8000	107.3700	99.8207	37682300
Mar 17, 2016	107.2700	107.7700	106.8700	107.5200	99.6645	29623700
Mar 16, 2016	106.3700	107.8600	106.3400	107.5800	99.7201	31693100
Mar 15, 2016	106.2900	106.7500	105.9500	106.6300	98.8396	26524600
Mar 14, 2016	106.0900	106.9200	106.0600	106.6700	98.8766	25374900
Mar 11, 2016	105.7900	106.4900	105.4600	106.4900	98.7098	31454000
Mar 10, 2016	105.2600	105.8600	103.3100	104.6600	97.0135	44236100
Mar 09, 2016	104.5400	104.8400	103.9600	104.8200	97.1618	31047400
Mar 08, 2016	104.3000	105.2100	103.9700	104.1500	96.5408	28898500
Mar 07, 2016	105.1300	105.7400	104.2700	105.0200	97.3472	25861200
Mar 04, 2016	105.7500	106.3500	104.9700	105.6700	97.9497	31655400
Mar 03, 2016	105.7200	105.7500	104.8700	105.6300	97.9126	25474600
Mar 02, 2016	105.6600	105.8500	105.0100	105.8300	98.0980	29209800
Mar 01, 2016	103.4800	105.7900	103.1600	105.7900	98.0609	37699800
Feb 29, 2016	103.3300	104.1000	102.5000	102.5000	95.0113	27553900
Feb 26, 2016	104.3500	104.3700	103.1800	103.4300	95.8733	30925000
Feb 25, 2016	102.7600	103.5600	101.8400	103.5600	95.9938	29389300
Feb 24, 2016	100.3900	102.6800	99.7700	102.5500	95.0576	40739100
Feb 23, 2016	102.6800	102.9600	101.5100	101.5800	94.1585	29869700
Feb 22, 2016	102.5800	103.3800	102.4800	103.2800	95.7343	23979100
Feb 19, 2016	100.8400	101.9400	100.6200	101.6300	94.2049	28257900
Feb 18, 2016	102.8200	102.8400	101.2000	101.3300	93.9268	38991500
Feb 17, 2016	100.9600	102.6400	100.7000	102.5000	95.0113	41766500
Feb 16, 2016	99.4700	100.2300	98.8500	100.2300	92.9071	40565900
Feb 12, 2016	97.6400	98.1200	96.7300	98.0200	90.8586	49186500
Feb 11, 2016	95.4600	97.3200	95.1900	96.5500	89.4960	76839200
Feb 10, 2016	97.4300	98.6900	96.6200	96.6900	89.6258	59421700
Feb 09, 2016	95.3300	97.7800	95.1800	96.3200	89.2828	73778400
Feb 08, 2016	96.2900	97.0500	94.8400	96.6200	89.5609	91673100
Feb 05, 2016	101.2900	101.3300	97.7200	98.1200	90.9513	70749900
Feb 04, 2016	101.3900	102.4600	100.4400	101.6500	94.2234	49321600
Feb 03, 2016	102.8300	102.8300	99.8800	101.6600	94.2327	61572900
Feb 02, 2016	103.9300	103.9700	101.8400	102.1500	94.6869	44928100
Feb 01, 2016	103.6300	104.8000	103.2300	104.4100	96.7817	32750300
Jan 29, 2016	101.9700	104.1700	101.9400	104.1300	96.5222	54245100
Jan 28, 2016	102.2500	102.2900	100.2600	102.0000	94.5478	47641500
Jan 27, 2016	102.5500	102.9900	100.1500	100.5800	93.2316	54524700
Jan 26, 2016	102.6600	103.5900	101.7600	103.1500	95.6138	36143900
Jan 25, 2016	103.4000	103.9900	102.1400	102.2300	94.7610	38881500
Jan 22, 2016	102.8800	103.8100	102.5300	103.7700	96.1885	42229800
Jan 21, 2016	101.1800	102.3500	99.8200	100.8500	93.4818	61660100
Jan 20, 2016	99.4700	101.8300	97.2500	100.7500	93.3891	86675000
Jan 19, 2016	102.2100	102.3700	99.8800	101.0600	93.6765	56563800
Jan 15, 2016	100.6200	101.9400	99.5100	100.8400	93.4726	91443900
Jan 14, 2016	102.3000	104.9800	100.6700	104.0700	96.4666	78445700
Jan 13, 2016	105.9700	106.2300	101.7400	101.9000	94.4551	69870700
Jan 12, 2016	105.3300	106.0800	104.0800	105.5400	97.8292	46734200
Jan 11, 2016	104.7500	105.0600	102.7300	104.3300	96.7076	50024100
Jan 08, 2016	105.6300	106.2900	103.9000	104.0100	96.4110	69344000
Jan 07, 2016	105.9500	107.2900	104.8100	104.8700	97.2082	61386300
Jan 06, 2016	107.4100	108.8900	107.4100	108.2600	100.3505	41891100
Jan 05, 2016	110.0400	110.1800	108.8000	109.3100	101.3237	38795200
Jan 04, 2016	109.4500	109.6000	108.1200	109.5000	101.4999	50807600
Dec 31, 2015	112.8700	113.0800	111.8400	111.8600	103.6874	29886800
Dec 30, 2015	114.2000	114.2400	113.2500	113.2700	104.9944	19520100
Dec 29, 2015	113.2000	114.5500	113.1300	114.3000	105.9492	27725700
Dec 28, 2015	112.3200	112.5500	111.5100	112.5300	104.3085	19183600
Dec 24, 2015	112.6100	112.9000	112.5400	112.5900	104.3641	11468600
Dec 23, 2015	112.3600	112.6900	112.1600	112.6100	104.3826	25656900
Dec 22, 2015	111.6400	111.9400	111.0500	111.7800	103.6133	26540300
Dec 21, 2015	110.8700	111.0700	110.0500	111.0500	102.9366	26432800
Dec 18, 2015	111.6300	111.8800	109.8300	109.8300	101.8058	53746100
Dec 17, 2015	114.4800	114.4800	112.3000	112.3200	103.7968	45668800
Dec 16, 2015	113.0700	114.1700	111.8900	113.9800	105.3309	44944100
Dec 15, 2015	112.6600	113.2800	112.1700	112.3100	103.7876	48428000
Dec 14, 2015	110.9400	111.6800	109.3800	111.6300	103.1592	53098500
Dec 11, 2015	112.0900	112.3900	110.7200	110.7900	102.3829	56022200
Dec 10, 2015	113.1500	114.1600	112.8100	113.4000	104.7949	30154600
Dec 09, 2015	114.1300	114.7600	112.2000	112.8900	104.3236	48509200
Dec 08, 2015	113.4200	115.0000	113.3800	114.6300	105.9315	30792600
Dec 07, 2015	115.2200	115.2900	114.0700	114.6200	105.9223	25892100
Dec 04, 2015	112.8500	115.3300	112.6200	115.1400	106.4028	40037300
Dec 03, 2015	114.7600	114.9600	111.8400	112.5100	103.9724	42754300
Dec 02, 2015	115.2500	115.7500	114.2800	114.4500	105.7652	22395500
Dec 01, 2015	114.4800	115.1600	114.3400	115.1600	106.4213	28639400
Nov 30, 2015	114.6500	114.6500	113.6500	114.0200	105.3678	25041600
Nov 27, 2015	114.4000	114.5400	113.9200	114.3100	105.6358	8828000
Nov 25, 2015	114.2200	114.3600	113.9100	114.1500	105.4880	14159900
Nov 24, 2015	113.4100	114.3200	112.8400	114.0500	105.3956	26374400
Nov 23, 2015	114.5200	114.9400	113.6600	114.1500	105.4880	20696200
Nov 20, 2015	114.2500	114.5700	114.1400	114.4800	105.7929	22727600
Nov 19, 2015	113.6900	114.2300	113.4900	113.7100	105.0813	26188100
Nov 18, 2015	111.9400	113.7400	111.8300	113.6300	105.0074	32966500
Nov 17, 2015	111.6100	112.2900	111.2100	111.4900	103.0298	30579500
Nov 16, 2015	109.7300	111.4400	109.4800	111.4200	102.9651	33980600
Nov 13, 2015	111.5700	111.6900	109.7800	109.8400	101.5050	52836000
Nov 12, 2015	112.6800	113.2300	111.9600	112.0400	103.5381	31196900
Nov 11, 2015	113.5900	114.1400	112.9500	113.1400	104.5546	22748800
Nov 10, 2015	112.9700	113.3900	112.6300	113.2800	104.6840	35452100
Nov 09, 2015	114.3600	114.5100	112.8700	113.5700	104.9520	33479800
Nov 06, 2015	114.4900	114.9200	113.7600	114.7900	106.0794	29924900
Nov 05, 2015	115.1200	115.4000	114.1100	114.7100	106.0055	25004100
Nov 04, 2015	115.3900	115.4700	114.5400	115.0200	106.2920	28633000
Nov 03, 2015	114.3800	115.4200	114.2100	115.0100	106.2827	20418400
Nov 02, 2015	113.6300	114.7500	113.3900	114.6100	105.9130	22176900
Oct 30, 2015	113.8900	114.0800	113.3000	113.3300	104.7302	27199200
Oct 29, 2015	113.5000	114.0300	113.3800	113.8400	105.2015	24913300
Oct 28, 2015	113.2500	114.0200	112.3400	114.0200	105.3678	42221900
Oct 27, 2015	112.5500	113.2400	112.5200	113.0800	104.4992	31390500
Oct 26, 2015	112.7000	113.0700	112.2700	112.8500	104.2866	25918000
Oct 23, 2015	112.6600	113.2400	112.0700	112.7800	104.2219	53170900
Oct 22, 2015	108.4800	109.8000	108.1700	109.7100	101.3849	42778700
Oct 21, 2015	108.7300	108.8400	107.4800	107.5200	99.3611	30195200
Oct 20, 2015	108.5500	108.7800	107.8100	108.1800	99.9710	23404700
Oct 19, 2015	107.9800	108.8100	107.7400	108.7400	100.4885	23776300
Oct 16, 2015	107.9000	108.1800	107.3800	108.1200	99.9155	27091100
Oct 15, 2015	106.3200	107.6800	106.1800	107.6700	99.4997	38393800
Oct 14, 2015	106.1000	106.6300	105.4900	105.9300	97.8917	30902600
Oct 13, 2015	106.1800	107.2600	106.0000	106.1000	98.0488	26999600
Oct 12, 2015	106.7300	106.9900	106.3500	106.7900	98.6865	16162000
Oct 09, 2015	106.1000	106.7300	105.8100	106.5300	98.4462	23916200
Oct 08, 2015	105.2300	106.2300	104.2100	106.0500	98.0026	50188900
Oct 07, 2015	105.6600	105.8600	104.2900	105.6300	97.6145	37389300
Oct 06, 2015	105.2500	105.6000	104.1800	105.0000	97.0323	33051500
Oct 05, 2015	104.7800	105.7800	104.5500	105.5000	97.4943	32853500
Oct 02, 2015	100.8000	104.0100	100.4800	104.0100	96.1174	59370900
Oct 01, 2015	101.9400	102.2300	100.5900	102.2200	94.4632	39339100
Sep 30, 2015	100.8900	101.8700	100.5000	101.7600	94.0382	41411400
Sep 29, 2015	100.2400	101.2600	98.7500	99.4700	91.9219	49315500
Sep 28, 2015	102.4800	102.5500	99.6900	99.9900	92.4024	44077500
Sep 25, 2015	104.9100	105.0100	102.2800	102.9200	95.1101	44700000
Sep 24, 2015	103.1700	104.1900	102.2700	103.8000	95.9234	38284300
Sep 23, 2015	104.3800	104.6600	103.6400	104.1800	96.2745	21775100
Sep 22, 2015	104.0600	104.4200	103.1300	104.1000	96.2006	47359700
Sep 21, 2015	105.9300	106.5500	104.7300	105.6800	97.6607	35772600
Sep 18, 2015	105.2300	106.6000	105.1700	105.3500	97.3557	48384000
Sep 17, 2015	106.9800	108.7300	106.6400	107.1300	98.7604	56139800
Sep 16, 2015	106.5100	107.1900	106.1400	107.0900	98.7235	31329100
Sep 15, 2015	105.5000	106.8200	105.1100	106.4900	98.1704	30020200
Sep 14, 2015	105.9600	105.9800	104.8500	105.2500	97.0273	19718800
Sep 11, 2015	104.5100	105.5700	104.2100	105.5700	97.3223	29106100
Sep 10, 2015	103.7400	105.6800	103.6200	104.9900	96.7876	47686700
Sep 09, 2015	106.2800	106.3100	103.5900	103.8600	95.7458	47146700
Sep 08, 2015	104.1200	105.1700	103.6900	105.0400	96.8337	37343500
Sep 04, 2015	101.9700	102.8500	101.5900	102.1600	94.1787	49379600
Sep 03, 2015	104.3100	105.0200	103.1000	103.3900	95.3126	45131800
Sep 02, 2015	102.8800	103.9200	101.7000	103.9000	95.7827	43963600
Sep 01, 2015	101.7100	103.2900	100.6300	101.0500	93.1554	73155500
Aug 31, 2015	105.0300	105.6100	104.0500	104.3100	96.1607	39549400
Aug 28, 2015	105.0800	106.0000	104.8500	105.6200	97.3684	49919600
Aug 27, 2015	104.5200	105.7100	103.2800	105.6400	97.3868	69377700
Aug 26, 2015	100.9600	103.2300	98.9300	103.0300	94.9807	104103800
Aug 25, 2015	102.0700	102.7400	98.0100	98.0900	90.4267	75088300
Aug 24, 2015	94.2300	102.5300	84.7400	98.4600	90.7677	150829900
Aug 21, 2015	105.5700	106.4700	102.4000	102.4000	94.3999	97763400
Aug 20, 2015	109.1100	109.4600	107.0700	107.0800	98.7143	57747300
Aug 19, 2015	110.5200	111.1100	109.4900	110.1300	101.5260	42511400
Aug 18, 2015	111.2800	111.3700	110.7100	110.8600	102.1989	13984400
Aug 17, 2015	110.2400	111.4600	109.9600	111.4300	102.7244	21224900
Aug 14, 2015	110.0800	110.6700	109.8600	110.5100	101.8763	17924900
Aug 13, 2015	110.6300	111.1600	110.1000	110.3400	101.7196	22510500
Aug 12, 2015	109.3800	110.7400	108.2200	110.5200	101.8856	41889000
Aug 11, 2015	110.9800	111.4100	109.5300	110.1400	101.5352	36123300
Aug 10, 2015	111.0100	111.8100	111.0000	111.5700	102.8535	21500800
Aug 07, 2015	110.1800	110.5700	109.4000	110.3100	101.6919	30006800
Aug 06, 2015	112.3500	112.5000	109.9500	110.4500	101.8210	42125400
Aug 05, 2015	112.0100	113.0000	111.8800	112.2500	103.4804	28989900
Aug 04, 2015	111.5500	111.7500	110.9300	111.3900	102.6875	22132300
Aug 03, 2015	111.9700	112.2800	110.8600	111.6000	102.8812	25001800
Jul 31, 2015	112.4300	112.4900	111.7200	111.9500	103.2038	22081700
Jul 30, 2015	111.2900	112.2700	110.6200	112.0800	103.3237	25438100
Jul 29, 2015	111.3700	111.7900	110.9400	111.5500	102.8351	26714100
Jul 28, 2015	110.6700	111.3500	109.7900	111.1300	102.4479	33553500
Jul 27, 2015	110.4700	110.9500	109.9400	110.1800	101.5721	35994800
Jul 24, 2015	112.8000	113.0000	110.9300	111.1000	102.4202	30844700
Jul 23, 2015	112.7300	113.1000	111.9100	112.2000	103.4343	25698300
Jul 22, 2015	112.1700	113.1700	112.1700	112.6200	103.8215	35575000
Jul 21, 2015	114.0200	114.2000	113.5800	113.9100	105.0107	35468900
Jul 20, 2015	113.8300	114.3900	113.4800	113.9800	105.0752	26539000
Jul 17, 2015	112.8400	113.5900	112.6500	113.5900	104.7157	35926800
Jul 16, 2015	111.2900	111.9600	111.0700	111.9400	103.1946	29838900
Jul 15, 2015	110.4700	110.8100	110.0700	110.3800	101.7565	28631500
Jul 14, 2015	109.6900	110.5600	109.6300	110.2600	101.6458	21977200
Jul 13, 2015	108.5800	109.6300	108.5700	109.5400	100.9821	25780700
Jul 10, 2015	107.4400	108.0500	107.0500	107.6500	99.2398	26415800
Jul 09, 2015	107.5000	107.6000	106.0200	106.0300	97.7464	28381000
Jul 08, 2015	107.2000	107.3300	105.8900	106.0900	97.8016	39691500
Jul 07, 2015	107.8200	108.0700	105.8300	107.9700	99.5348	44230800
Jul 06, 2015	107.2700	108.3200	107.0400	107.7000	99.2858	24311000
Jul 02, 2015	108.2300	108.3200	107.6200	107.9500	99.5163	20499400
Jul 01, 2015	108.1300	108.3500	107.4200	107.9200	99.4887	21293000
Jun 30, 2015	107.4900	107.7200	106.7400	107.0700	98.7051	34809900
Jun 29, 2015	108.0600	108.6600	106.6400	106.6900	98.3548	50874900
Jun 26, 2015	109.9800	110.2300	108.8600	109.2700	100.7332	32311700
Jun 25, 2015	110.6500	110.7600	109.8200	110.0000	101.4061	18326700
Jun 24, 2015	110.6600	111.1300	110.1900	110.2200	101.6090	15815900
Jun 23, 2015	110.8200	110.8900	110.3300	110.7900	102.1344	18127900
Jun 22, 2015	110.7000	111.0300	110.4500	110.7000	102.0515	19120900
Jun 19, 2015	110.4900	110.5800	109.8100	109.8900	101.3047	27877600
Jun 18, 2015	109.5000	110.8800	109.4400	110.6900	101.8081	43032400
Jun 17, 2015	108.9800	109.4500	108.4300	109.1000	100.3457	23296700
Jun 16, 2015	108.1000	108.9800	108.0500	108.8000	100.0698	16456900
Jun 15, 2015	107.9400	108.3800	107.3100	108.2100	99.5271	31238800
Jun 12, 2015	109.0700	109.3000	108.6000	108.7500	100.0238	27201800
Jun 11, 2015	109.8600	110.1500	109.4600	109.6500	100.8516	17593500
Jun 10, 2015	108.3800	109.8100	108.2600	109.4900	100.7044	30297900
Jun 09, 2015	107.9300	108.4000	107.2000	108.0100	99.3431	27554600
Jun 08, 2015	109.2500	109.3300	107.9700	108.1900	99.5087	24549200
Jun 05, 2015	109.4300	109.6900	108.6300	109.3000	100.5296	22641700
Jun 04, 2015	109.7800	110.4800	109.2100	109.5600	100.7688	31374600
Jun 03, 2015	110.5700	110.8100	110.1300	110.4000	101.5414	20507200
Jun 02, 2015	110.0100	110.6100	109.4700	110.0700	101.2379	19449600
Jun 01, 2015	110.6400	110.7200	109.5200	110.4200	101.5598	24570200
May 29, 2015	110.6400	110.7900	109.7900	110.0500	101.2195	30383000
May 28, 2015	110.7500	111.0100	110.3700	110.7100	101.8265	17302400
May 27, 2015	109.5300	111.0800	109.2900	110.9600	102.0564	30572700
May 26, 2015	110.2300	110.3800	108.7600	109.2000	100.4376	25488400
May 22, 2015	110.4500	110.8700	110.3800	110.4700	101.6058	13543800
May 21, 2015	109.8200	110.7300	109.6600	110.5800	101.7069	16771800
May 20, 2015	110.0200	110.6700	109.4300	110.0100	101.1827	21131900
May 19, 2015	110.1800	110.3500	109.7600	109.9400	101.1183	14212900
May 18, 2015	109.4000	110.2800	109.3200	110.0600	101.2287	17631100
May 15, 2015	109.8600	110.0100	109.3100	109.5800	100.7872	23937400
May 14, 2015	108.8800	109.6700	108.4800	109.5800	100.7872	23904200
May 13, 2015	108.2500	108.8100	107.8400	108.0000	99.3340	20738400
May 12, 2015	107.6300	108.3300	106.8000	107.7800	99.1316	33665000
May 11, 2015	108.7600	108.9800	108.1900	108.2700	99.5823	19679300
May 08, 2015	108.4600	108.9200	108.3000	108.6900	99.9686	33023300
May 07, 2015	106.6800	107.6500	106.6000	107.3500	98.7361	29335800
May 06, 2015	107.6400	107.9500	106.0000	106.7100	98.1474	42687200
May 05, 2015	108.8000	109.0000	107.4000	107.4500	98.8281	47843300
May 04, 2015	109.4000	109.9100	109.1700	109.2300	100.4653	23507300
May 01, 2015	108.0500	109.1200	108.0300	109.0500	100.2997	32874300
Apr 30, 2015	108.7300	109.1700	107.0600	107.6300	98.9936	44080500
Apr 29, 2015	109.4300	110.0700	108.7500	109.3500	100.5756	34043900
Apr 28, 2015	110.3400	110.5500	109.1100	110.0400	101.2103	36849200
Apr 27, 2015	110.9500	111.1600	110.0200	110.2600	101.4126	31121300
Apr 24, 2015	110.2100	110.6900	110.0300	110.5400	101.6701	32508100
Apr 23, 2015	108.2800	109.5500	108.2600	109.0600	100.3089	29473200
Apr 22, 2015	108.3400	108.8300	107.6400	108.6500	99.9318	21429200
Apr 21, 2015	108.2200	108.4100	107.9300	108.0600	99.3891	22759800
Apr 20, 2015	106.5400	107.7900	106.5000	107.6000	98.9660	28945900
Apr 17, 2015	106.6600	106.9500	105.5500	106.0100	97.5036	46514000
Apr 16, 2015	107.5500	107.8800	107.4000	107.6900	99.0488	16195300
Apr 15, 2015	107.4500	108.0700	107.3200	107.8400	99.1868	21128600
Apr 14, 2015	107.3700	107.6800	106.5600	107.1700	98.5705	23755700
Apr 13, 2015	107.8300	108.3800	107.3600	107.4800	98.8557	17783500
Apr 10, 2015	107.2700	107.7600	107.0300	107.7500	99.1040	17164300
Apr 09, 2015	106.5900	107.3500	106.2300	107.3100	98.6993	23114700
Apr 08, 2015	105.8400	106.7900	105.8300	106.6400	98.0831	25866900
Apr 07, 2015	105.9200	106.7000	105.8000	105.8000	97.3105	19379400
Apr 06, 2015	104.5000	106.2700	104.3400	105.9800	97.4760	24451100
Apr 02, 2015	105.1500	105.4600	104.7800	105.1200	96.6851	19164200
Apr 01, 2015	105.6000	105.6200	104.3700	105.0500	96.6207	32970500
Mar 31, 2015	106.4300	106.6500	105.5700	105.6000	97.1265	30488100
Mar 30, 2015	106.1600	106.8200	106.1600	106.7300	98.1659	30570200
Mar 27, 2015	105.0800	105.7700	104.9200	105.5200	97.0529	33878400
Mar 26, 2015	104.5900	105.7000	104.2400	105.1000	96.6666	47846300
Mar 25, 2015	108.1000	108.2000	105.4200	105.4600	96.9978	41581400
Mar 24, 2015	108.3100	108.8100	107.9100	107.9300	99.2696	22445300
Mar 23, 2015	108.4700	108.7700	108.2800	108.3200	99.6283	17268500
Mar 20, 2015	108.7200	109.0700	108.5100	108.5300	99.8214	31761400
Mar 19, 2015	108.0300	108.3800	107.8700	108.0800	99.1794	31314000
Mar 18, 2015	106.5800	108.4100	106.0300	107.9200	99.0326	40622200
Mar 17, 2015	106.4100	107.0400	106.1600	106.8700	98.0691	19603800
Mar 16, 2015	105.7300	106.7400	105.6200	106.7000	97.9131	25674100
Mar 13, 2015	105.7000	106.1200	104.6800	105.3400	96.6651	42021100
Mar 12, 2015	105.0300	105.9200	104.9600	105.8000	97.0872	21473200
Mar 11, 2015	105.8800	106.0100	105.0700	105.1100	96.4540	25459700
Mar 10, 2015	106.9500	106.9800	105.7200	105.7200	97.0138	34234500
Mar 09, 2015	107.6300	107.9900	107.1900	107.7200	98.8491	26237100
Mar 06, 2015	108.5000	108.7100	107.1400	107.4100	98.5646	30990400
Mar 05, 2015	108.7300	108.9700	108.1900	108.6400	99.6933	15381000
Mar 04, 2015	108.5100	108.6700	107.8600	108.4500	99.5190	21007400
Mar 03, 2015	109.0500	109.1600	108.1800	108.8700	99.9044	20788900
Mar 02, 2015	108.6100	109.4200	108.5900	109.3800	100.3724	22988600
Feb 27, 2015	108.8400	108.9100	108.2300	108.4000	99.4731	27757600
Feb 26, 2015	108.4400	108.9400	108.1400	108.8800	99.9136	22255500
Feb 25, 2015	108.4400	108.8600	108.0900	108.3300	99.4088	19472300
Feb 24, 2015	108.3800	108.7300	108.0500	108.6000	99.6566	19745000
Feb 23, 2015	108.3500	108.5500	108.1100	108.5200	99.5832	17868000
Feb 20, 2015	107.6200	108.4700	107.2800	108.4100	99.4823	28336700
Feb 19, 2015	107.0900	107.7600	107.0600	107.6900	98.8216	19828100
Feb 18, 2015	106.8800	107.2200	106.7400	107.1600	98.3352	15149600
Feb 17, 2015	106.9100	107.0800	106.6400	107.0100	98.1975	17675300
Feb 13, 2015	106.3000	106.9300	106.1000	106.9100	98.1058	29030200
Feb 12, 2015	105.4600	106.0400	105.3000	106.0000	97.2707	22520300
Feb 11, 2015	104.5200	105.0200	104.3200	104.7800	96.1512	20303600
Feb 10, 2015	103.3700	104.5400	103.2100	104.4000	95.8025	23686500
Feb 09, 2015	102.7300	103.2900	102.5500	102.8000	94.3342	22604700
Feb 06, 2015	103.9200	104.1700	102.7600	103.1300	94.6371	34169300
Feb 05, 2015	103.1300	103.8300	102.8700	103.7600	95.2152	23605500
Feb 04, 2015	102.5400	103.5500	102.3100	102.8700	94.3984	34073200
Feb 03, 2015	102.3500	103.0300	101.6800	102.9600	94.4811	30750400
Feb 02, 2015	101.3300	102.0700	99.7500	101.9800	93.5818	43624700
Jan 30, 2015	101.8000	102.5800	100.9600	101.1000	92.7742	42927600
Jan 29, 2015	100.8400	102.0800	99.9600	101.8900	93.4992	46539700
Jan 28, 2015	103.0700	103.1800	100.9000	100.9200	92.6091	43591700
Jan 27, 2015	102.5000	102.5600	101.1000	101.4400	93.0863	45253200
Jan 26, 2015	104.1400	104.3300	103.6100	104.1400	95.5639	19960900
Jan 23, 2015	104.0200	104.5800	103.7200	104.2600	95.6740	34783000
Jan 22, 2015	102.5400	104.1400	101.6400	104.0300	95.4630	40887200
Jan 21, 2015	101.3200	102.6200	100.9600	102.1400	93.7286	40128800
Jan 20, 2015	101.4300	101.8800	100.2900	101.6200	93.2514	30964100
Jan 16, 2015	99.5200	100.9500	99.3600	100.8200	92.5173	35362200
Jan 15, 2015	101.4300	101.5900	99.5300	99.6500	91.4437	51005400
Jan 14, 2015	100.5000	101.4800	100.0700	100.9600	92.6458	51354200
Jan 13, 2015	102.5400	103.6200	100.7000	101.5200	93.1597	56162300
Jan 12, 2015	102.8200	102.9300	101.2900	101.5500	93.1872	34129800
Jan 09, 2015	103.6200	103.6500	102.0200	102.6200	94.1691	41410100
Jan 08, 2015	102.2200	103.5000	102.1100	103.3000	94.7931	40212600
Jan 07, 2015	100.7300	101.6000	100.4900	101.3600	93.0128	37577400
Jan 06, 2015	101.5800	101.7500	99.6200	100.0700	91.8291	66205500
Jan 05, 2015	102.4900	102.6100	101.1400	101.4300	93.0771	36521300
Jan 02, 2015	103.7600	104.2000	102.4400	102.9400	94.4627	31314600
Dec 31, 2014	104.5000	104.9100	103.1000	103.2500	94.7472	24367100
Dec 30, 2014	104.7200	104.9600	104.1800	104.3200	95.7291	18604000
Dec 29, 2014	104.9400	105.2500	104.8800	105.0200	96.3714	17073800
Dec 26, 2014	104.6000	105.2600	104.5700	105.0400	96.3898	13924300
Dec 24, 2014	104.3400	104.7000	104.2700	104.3000	95.7107	14291300
Dec 23, 2014	104.9600	104.9700	104.0900	104.2100	95.6281	30156900
Dec 22, 2014	104.1500	104.6100	104.1000	104.5800	95.9677	33869200
Dec 19, 2014	103.9700	104.7400	103.7100	104.3200	95.7291	51419900
Dec 18, 2014	103.2600	104.2600	102.9800	104.2500	95.3097	49840900
Dec 17, 2014	100.0500	102.0900	99.9200	101.8000	93.0698	79715300
Dec 16, 2014	100.9700	102.4700	99.9600	99.9800	91.4059	65348600
Dec 15, 2014	103.2000	103.5800	101.3200	101.6100	92.8961	52968400
Dec 12, 2014	102.8100	103.9900	102.6600	102.6700	93.8652	46889400
Dec 11, 2014	103.6100	105.0400	103.5900	103.8000	94.8983	47576000
Dec 10, 2014	104.7700	105.0300	103.1200	103.3100	94.4503	39330100
Dec 09, 2014	103.4100	105.0400	103.0400	104.9600	95.9588	46035100
Dec 08, 2014	105.1100	105.5700	104.0800	104.6300	95.6571	32685800
Dec 05, 2014	105.5400	105.7000	105.1500	105.3800	96.3428	25622200
Dec 04, 2014	105.3200	105.7800	104.9300	105.3700	96.3337	31008800
Dec 03, 2014	105.3900	105.5700	104.7600	105.4200	96.3794	32974300
Dec 02, 2014	104.9200	105.4200	104.7000	105.2300	96.2057	26031300
Dec 01, 2014	105.7200	105.9200	104.4200	104.8100	95.8217	35969500
Nov 28, 2014	105.8000	106.2500	105.7300	106.0100	96.9188	17360400
Nov 26, 2014	104.9400	105.5800	104.8300	105.5200	96.4708	18973800
Nov 25, 2014	104.8400	105.1500	104.5700	104.8400	95.8491	17526000
Nov 24, 2014	104.1500	104.7300	104.0600	104.6800	95.7028	17928300
Nov 21, 2014	104.5900	104.6900	103.5400	103.8700	94.9623	34049100
Nov 20, 2014	102.7700	103.7600	102.6900	103.6700	94.7794	22874000
Nov 19, 2014	103.5700	103.5700	102.7300	103.2100	94.3589	23760200
Nov 18, 2014	103.0000	103.8200	102.9900	103.6800	94.7886	26336800
Nov 17, 2014	102.9800	103.2100	102.4200	102.9100	94.0846	23361600
Nov 14, 2014	102.8700	103.2200	102.5300	103.2200	94.3680	19251300
Nov 13, 2014	102.6500	103.2800	102.4200	102.9000	94.0755	28027800
Nov 12, 2014	101.8700	102.5700	101.8700	102.4600	93.6732	22050300
Nov 11, 2014	101.9800	102.2800	101.7000	102.2800	93.5087	15454000
Nov 10, 2014	101.6500	102.0900	101.3800	101.9600	93.2161	20360000
Nov 07, 2014	101.8700	101.9100	101.0700	101.6000	92.8870	20931700
Nov 06, 2014	101.3600	101.7200	100.9200	101.6900	92.9693	24671900
Nov 05, 2014	102.0300	102.0300	101.0200	101.3700	92.6767	25818600
Nov 04, 2014	101.3800	101.6200	100.6700	101.3600	92.6675	22773300
Nov 03, 2014	101.5800	101.9700	101.4300	101.7000	92.9784	33481000
Oct 31, 2014	101.6800	101.7500	101.0700	101.4000	92.7041	54254100
Oct 30, 2014	99.3600	100.2600	99.1400	100.0200	91.4424	35935800
Oct 29, 2014	99.8500	100.1200	99.1000	99.8100	91.2505	40552800
Oct 28, 2014	99.1500	100.2000	99.0800	100.1800	91.5887	34495100
Oct 27, 2014	98.4300	98.8700	98.0200	98.6900	90.2265	29545700
Oct 24, 2014	98.0300	98.6900	97.6400	98.6200	90.1625	43157600
Oct 23, 2014	97.3400	98.3600	97.1700	97.8200	89.4311	48123800
Oct 22, 2014	97.1700	97.3000	96.3100	96.3700	88.1055	39178000
Oct 21, 2014	95.5600	96.8700	95.3200	96.8700	88.5626	53609800
Oct 20, 2014	92.9900	94.4700	92.8000	94.3900	86.2953	41479300
Oct 17, 2014	93.0000	93.8900	92.4600	93.0000	85.0245	69546700
Oct 16, 2014	90.4200	92.5800	90.3900	91.7900	83.9183	93165800
Oct 15, 2014	91.5700	92.7600	90.2400	92.3700	84.4485	108847800
Oct 14, 2014	93.5400	94.1700	92.7100	92.9700	84.9971	71814500
Oct 13, 2014	94.2700	94.9900	92.8800	92.9600	84.9879	80835900
Oct 10, 2014	96.2900	96.8300	94.4200	94.4400	86.3410	77579400
Oct 09, 2014	98.3200	98.5700	96.7100	96.8600	88.5535	62497100
Oct 08, 2014	96.6200	98.7600	96.0600	98.4500	90.0071	64931600
Oct 07, 2014	97.5000	97.7800	96.5600	96.5700	88.2883	45154000
Oct 06, 2014	98.4800	98.7200	97.6600	97.9600	89.5591	36038700
Oct 03, 2014	97.7800	98.5700	97.4400	98.1700	89.7511	41627800
Oct 02, 2014	97.1700	97.5100	95.9700	97.2100	88.8735	54501300
Oct 01, 2014	98.5100	98.6100	96.9000	97.2100	88.8735	58164900
Sep 30, 2014	98.9200	99.3000	98.3200	98.7900	90.3180	41834300
Sep 29, 2014	97.8000	98.9200	97.7500	98.6500	90.1900	33342700
Sep 26, 2014	98.0600	98.9600	97.8900	98.7800	90.3088	56106200
Sep 25, 2014	99.5200	99.6500	97.7000	97.7400	89.3580	68642500
Sep 24, 2014	98.8800	99.8900	98.5400	99.8400	91.2779	35959000
Sep 23, 2014	98.6500	99.2200	98.5800	98.7800	90.3088	33989600
Sep 22, 2014	99.7400	99.7500	98.6200	99.0500	90.5556	48658000
Sep 19, 2014	100.4600	100.5600	99.5800	99.9800	91.4059	46918000
Sep 18, 2014	99.8400	100.2900	99.7300	100.2800	91.4626	30196700
Sep 17, 2014	99.3600	100.0000	98.9300	99.5300	90.7785	37196500
Sep 16, 2014	98.1500	99.5700	98.0500	99.3800	90.6417	38166900
Sep 15, 2014	99.5900	99.6000	98.2200	98.5200	89.8573	32972200
Sep 12, 2014	99.9000	99.9300	99.1700	99.4800	90.7329	30444400
Sep 11, 2014	99.6400	100.0400	99.2400	99.9900	91.1981	28691900
Sep 10, 2014	99.3800	100.1100	99.1000	100.0700	91.2710	31080100
Sep 09, 2014	100.0900	100.4600	99.0600	99.2500	90.5231	36449200
Sep 08, 2014	99.9200	100.3300	99.6200	100.0800	91.2802	25571300
Sep 05, 2014	99.5400	99.9500	99.0300	99.8900	91.1068	30798200
Sep 04, 2014	99.7100	100.2200	99.1400	99.3900	90.6508	24663500
Sep 03, 2014	100.3400	100.3400	99.3000	99.4800	90.7329	25950700
Sep 02, 2014	100.0200	100.1000	99.6600	100.0700	91.2710	18326800
Aug 29, 2014	99.6300	99.9100	99.2700	99.7800	91.0065	17906300
Aug 28, 2014	99.1800	99.5300	99.0800	99.4100	90.6691	23563900
Aug 27, 2014	99.5300	99.6400	99.3100	99.5200	90.7694	15589100
Aug 26, 2014	99.5500	99.6100	99.2700	99.5000	90.7512	20100400
Aug 25, 2014	99.5200	99.6800	99.1600	99.4000	90.6599	24124700
Aug 22, 2014	98.9400	99.2500	98.7200	99.0500	90.3407	24692000
Aug 21, 2014	98.7500	98.9500	98.6000	98.9000	90.2039	19339500
Aug 20, 2014	98.6200	98.9000	98.5300	98.7000	90.0215	23435600
Aug 19, 2014	98.3800	98.7600	98.3200	98.7000	90.0215	21363400
Aug 18, 2014	97.9100	98.2400	97.7700	98.1500	89.5199	38938300
Aug 15, 2014	97.4900	97.6300	96.4800	97.4000	88.8358	55205500
Aug 14, 2014	96.5600	96.9500	96.4300	96.9300	88.4071	25006600
Aug 13, 2014	95.8100	96.4700	95.7600	96.4300	87.9511	27996500
Aug 12, 2014	95.3600	95.6700	94.9300	95.4200	87.0299	28152300
Aug 11, 2014	95.2700	95.7600	95.2000	95.4600	87.0664	28277500
Aug 08, 2014	94.3700	95.0100	93.9700	94.9000	86.5556	40236900
Aug 07, 2014	94.9600	95.1400	93.8900	94.2200	85.9354	33274700
Aug 06, 2014	94.0000	95.1100	93.9200	94.5200	86.2090	34431900
Aug 05, 2014	94.9400	95.2100	94.1500	94.5900	86.2729	50331100
Aug 04, 2014	94.8700	95.6900	94.5200	95.3200	86.9387	33230500
Aug 01, 2014	94.8200	95.3400	94.0400	94.6700	86.3459	60708000
Jul 31, 2014	96.1800	96.3400	94.8800	95.0200	86.6651	50047900
Jul 30, 2014	97.1400	97.3200	96.6000	96.9800	88.4527	35348500
Jul 29, 2014	96.9800	97.2000	96.5200	96.6000	88.1062	27022200
Jul 28, 2014	96.8400	97.0200	96.0200	96.7700	88.2612	25603400
Jul 25, 2014	96.6200	96.8700	96.2300	96.7400	88.2338	29898900
Jul 24, 2014	97.4000	97.5100	96.9800	97.1200	88.5804	24707200
Jul 23, 2014	96.9500	97.3400	96.7700	97.2300	88.6807	28947500
Jul 22, 2014	96.4500	96.7600	96.3500	96.6100	88.1153	25770400
Jul 21, 2014	95.9200	96.1600	95.5500	96.0000	87.5589	29750700
Jul 18, 2014	95.1100	96.1700	95.0000	96.1200	87.6684	36682200
Jul 17, 2014	95.6300	95.9700	94.3200	94.6200	86.3003	43111500
Jul 16, 2014	96.2000	96.3000	95.7900	95.8900	87.4586	22052600
Jul 15, 2014	95.9900	96.1300	94.8300	95.5100	87.1120	39467500
Jul 14, 2014	95.7000	96.0600	95.5400	95.8400	87.4130	19579000
Jul 11, 2014	94.9000	95.2700	94.6100	95.2700	86.8931	19566300
Jul 10, 2014	93.7400	95.0500	93.6300	94.6600	86.3367	44245300
Jul 09, 2014	94.5100	95.0700	94.2400	94.9600	86.6104	29919000
Jul 08, 2014	95.2300	95.3000	93.8700	94.2600	85.9719	40612400
Jul 07, 2014	95.5900	95.7100	95.2300	95.4100	87.0208	23266400
Jul 03, 2014	95.4100	95.7000	95.1500	95.7000	87.2853	15291700
Jul 02, 2014	95.0000	95.2400	94.9100	95.1000	86.7380	18777300
Jul 01, 2014	94.2400	95.1900	94.2000	94.9400	86.5921	31862500
Jun 30, 2014	93.7300	94.1400	93.6700	93.9100	85.6527	19751900
Jun 27, 2014	93.2200	93.7700	93.1900	93.7500	85.5068	22877800
Jun 26, 2014	93.3500	93.3600	92.6200	93.3400	85.1328	22563900
Jun 25, 2014	92.4900	93.4500	92.4800	93.2900	85.0872	32818600
Jun 24, 2014	92.7800	93.5700	92.4300	92.7000	84.5491	31945800
Jun 23, 2014	92.7600	92.8200	92.5100	92.7900	84.6312	20837900
Jun 20, 2014	92.7000	92.8700	92.5300	92.7700	84.6129	25897500
Jun 19, 2014	93.1100	93.1700	92.4900	92.9100	84.5135	38422200
Jun 18, 2014	92.5400	93.1000	91.9800	92.9700	84.5681	34514000
Jun 17, 2014	92.3300	92.7000	92.1800	92.4500	84.0951	19977900
Jun 16, 2014	92.1600	92.6700	91.9600	92.4000	84.0496	25212300
Jun 13, 2014	92.4500	92.5500	91.9200	92.3200	83.9768	39447100
Jun 12, 2014	92.6900	92.7900	91.7300	92.0500	83.7312	35275900
Jun 11, 2014	92.5900	93.0200	92.5000	92.8900	84.4953	22878200
Jun 10, 2014	92.6700	92.9600	92.5600	92.9100	84.5135	20626000
Jun 09, 2014	92.8400	92.9800	92.5000	92.7500	84.3680	23399500
Jun 06, 2014	92.6300	92.8200	92.4500	92.8200	84.4316	22680600
Jun 05, 2014	91.6000	92.4600	91.2900	92.2900	83.9495	35583100
Jun 04, 2014	90.9500	91.6700	90.8100	91.5200	83.2491	20118300
Jun 03, 2014	90.9200	91.3300	90.8000	91.1800	82.9399	21774500
Jun 02, 2014	91.4200	91.4400	90.6400	91.2200	82.9762	30409900
May 30, 2014	91.3200	91.4500	90.8300	91.3100	83.0581	29906400
May 29, 2014	91.0400	91.3100	90.8600	91.3000	83.0490	33036100
May 28, 2014	90.9700	91.1000	90.6500	90.7200	82.5214	30468100
May 27, 2014	90.2800	91.0200	90.2000	91.0000	82.7761	29725200
May 23, 2014	89.3200	89.9000	89.1200	89.8800	81.7573	22687300
May 22, 2014	88.9400	89.4800	88.8000	89.2300	81.1661	30617100
May 21, 2014	88.1600	88.8900	88.1100	88.8400	80.8113	36837700
May 20, 2014	88.2800	88.6000	87.6400	88.0000	80.0472	33716000
May 19, 2014	87.4500	88.4600	87.3000	88.3200	80.3383	32017000
May 16, 2014	87.2400	87.7600	86.6400	87.7100	79.7835	66804100
May 15, 2014	87.8100	87.9600	86.5800	87.1400	79.2650	59680300
May 14, 2014	88.0200	88.3500	87.6200	87.8300	79.8926	26483600
May 13, 2014	88.3100	88.6100	88.1200	88.2900	80.3110	30311900
May 12, 2014	87.3200	88.2600	87.2400	88.2300	80.2564	38951100
May 09, 2014	86.4300	86.8600	85.8500	86.8000	78.9557	35081500
May 08, 2014	86.2500	87.5300	86.0500	86.4800	78.6646	46556900
May 07, 2014	86.9900	87.0800	85.5300	86.5600	78.7374	67489100
May 06, 2014	87.8100	87.8600	86.7700	86.8100	78.9648	33698500
May 05, 2014	86.9700	87.9700	86.7600	87.9500	80.0018	27924400
May 02, 2014	87.9500	88.1100	87.2800	87.4900	79.5833	40074200
May 01, 2014	87.5300	88.1500	87.3100	87.6500	79.7289	37127200
Apr 30, 2014	86.7600	87.4800	86.5400	87.3900	79.4923	38689400
Apr 29, 2014	86.7300	87.3200	86.3100	87.1600	79.2831	36742700
Apr 28, 2014	86.6000	87.1100	85.1100	86.4700	78.6555	58623800
Apr 25, 2014	87.0700	87.1700	85.9800	86.1900	78.4008	44334000
Apr 24, 2014	88.1900	88.2100	86.6500	87.5900	79.6743	48926300
Apr 23, 2014	87.5300	87.5600	86.7100	86.7600	78.9193	34376700
Apr 22, 2014	87.1400	87.7500	86.9900	87.5300	79.6197	38593400
Apr 21, 2014	86.4000	86.8400	86.0000	86.8400	78.9920	25947900
Apr 17, 2014	85.8500	86.6300	85.6300	86.2000	78.4099	53719500
Apr 16, 2014	85.7900	86.1800	85.0900	86.1800	78.3917	46970900
Apr 15, 2014	85.0800	85.5400	83.2800	85.0500	77.3638	84631500
Apr 14, 2014	84.8500	85.2200	83.9900	84.7700	77.1091	46500700
Apr 11, 2014	84.3400	85.4400	83.9100	84.1100	76.5088	93657400
Apr 10, 2014	87.8800	87.8800	84.8600	85.1000	77.4093	73659600
Apr 09, 2014	86.6600	87.8700	86.4300	87.8200	79.8835	45685200
Apr 08, 2014	85.6500	86.4600	85.3500	86.3400	78.5373	51495700
Apr 07, 2014	85.8300	86.6300	84.9500	85.5500	77.8186	83995800
Apr 04, 2014	89.3200	89.4100	86.1400	86.3700	78.5645	131213200
Apr 03, 2014	89.5300	89.6800	88.2200	88.7300	80.7113	30319100
Apr 02, 2014	89.5900	89.6800	89.0400	89.4400	81.3571	34631600
Apr 01, 2014	88.1000	89.2700	87.7100	89.2100	81.1479	38683800
Mar 31, 2014	87.7300	88.2600	87.6200	87.6700	79.7470	33924300
Mar 28, 2014	87.1600	88.0100	86.8100	87.0500	79.1831	39895100
Mar 27, 2014	87.2500	87.6400	86.4000	86.8800	79.0285	64784500
Mar 26, 2014	88.9500	89.1500	87.3600	87.3700	79.4742	40930400
Mar 25, 2014	88.6800	89.2500	87.7700	88.5100	80.5111	41723300
Mar 24, 2014	89.3200	89.3900	87.4100	88.2200	80.2474	77735300
Mar 21, 2014	90.6000	90.6500	88.8300	89.0000	80.9569	62754000
Mar 20, 2014	89.7600	90.5600	89.5800	90.2900	81.9429	31634500
Mar 19, 2014	90.5600	90.6600	89.4500	90.0400	81.7160	40869400
Mar 18, 2014	89.5600	90.6400	89.5300	90.5300	82.1607	31250200
Mar 17, 2014	89.2400	89.9100	89.1900	89.4500	81.1805	28467200
Mar 14, 2014	88.9900	89.3800	88.6300	88.6700	80.4727	38732300
Mar 13, 2014	90.9000	90.9300	88.8700	89.2800	81.0263	48542000
Mar 12, 2014	89.8100	90.6100	89.4800	90.5600	82.1879	27977200
Mar 11, 2014	90.8300	91.0600	89.9500	90.2200	81.8794	27484300
Mar 10, 2014	90.4800	90.6600	90.0300	90.6100	82.2333	18131700
Mar 07, 2014	91.2700	91.3600	90.0700	90.5300	82.1607	31167800
Mar 06, 2014	91.2700	91.3400	90.6500	90.9800	82.5691	24063900
Mar 05, 2014	90.9600	91.2200	90.7700	91.0600	82.6417	27203300
Mar 04, 2014	90.6500	90.9800	90.5600	90.8100	82.4148	33189000
Mar 03, 2014	89.4900	89.9100	88.8700	89.6700	81.3802	38885700
Feb 28, 2014	90.4200	90.9600	89.5400	90.3400	81.9883	48609800
Feb 27, 2014	89.8700	90.5300	89.7300	90.4400	82.0790	28742400
Feb 26, 2014	90.5500	90.8400	89.8700	90.2300	81.5499	42953700
Feb 25, 2014	90.5400	90.7200	90.0200	90.3100	81.6222	26771700
Feb 24, 2014	90.1400	90.8200	90.0400	90.4100	81.7126	31500400
Feb 21, 2014	90.3400	90.4700	89.8200	89.9300	81.2788	31192200
Feb 20, 2014	89.6900	90.2200	89.3100	90.0500	81.3873	41814800
Feb 19, 2014	90.0800	90.2900	89.4500	89.6300	81.0076	41749900
Feb 18, 2014	89.9600	90.4200	89.7400	90.2500	81.5680	29546600
Feb 14, 2014	89.6000	90.0100	89.3300	89.8100	81.1703	33212400
Feb 13, 2014	88.3200	89.7000	88.3000	89.6300	81.0076	40454500
Feb 12, 2014	88.9800	89.1700	88.7000	88.9700	80.4112	32507200
Feb 11, 2014	87.9900	88.9700	87.8900	88.8000	80.2575	38635500
Feb 10, 2014	87.2700	87.8400	87.2100	87.8000	79.3537	30205400
Feb 07, 2014	86.2500	87.3600	86.0000	87.3000	78.9018	38359400
Feb 06, 2014	84.9400	85.8800	84.9200	85.7700	77.5190	32308600
Feb 05, 2014	84.6300	84.9900	83.7400	84.6900	76.5429	41721800
Feb 04, 2014	84.7200	85.2500	84.4600	84.9100	76.7417	37675500
Feb 03, 2014	86.1100	86.5000	84.0700	84.2900	76.1813	65596900
Jan 31, 2014	85.5400	86.6800	85.4500	86.2700	77.9709	45187000
Jan 30, 2014	85.9700	86.8000	85.8800	86.5000	78.1787	65833600
Jan 29, 2014	85.1100	85.7400	84.7600	84.9300	76.7598	51939300
Jan 28, 2014	85.5000	85.9400	85.3100	85.8500	77.5913	44378800
Jan 27, 2014	86.7400	86.8900	85.2500	85.9000	77.6365	63519300
Jan 24, 2014	88.0500	88.1800	86.7100	86.7400	78.3957	63974600
Jan 23, 2014	88.5100	88.5200	87.8600	88.4800	79.9683	35011900
Jan 22, 2014	88.7800	89.0000	88.5200	88.7800	80.2394	29376900
Jan 21, 2014	88.4400	88.5900	87.8100	88.5500	80.0315	26412700
Jan 17, 2014	88.1100	88.3700	87.6700	87.8800	79.4260	36895800
Jan 16, 2014	88.3000	88.5100	88.1600	88.3800	79.8779	31630100
Jan 15, 2014	88.0300	88.5400	87.9400	88.3700	79.8689	39835600
Jan 14, 2014	86.3000	87.7200	86.3000	87.6500	79.2181	37178900
Jan 13, 2014	87.1800	87.4800	85.6800	86.0100	77.7359	48842300
Jan 10, 2014	87.2300	87.4000	86.5800	87.3000	78.9018	38008900
Jan 09, 2014	87.6300	87.6400	86.7200	87.0200	78.6487	23674700
Jan 08, 2014	87.1400	87.5500	86.9500	87.3100	78.9108	27197400
Jan 07, 2014	86.7200	87.2500	86.5600	87.1200	78.7391	25860600
Jan 06, 2014	86.6600	86.7600	86.0000	86.3200	78.0161	32073100
Jan 03, 2014	87.2700	87.3500	86.6200	86.6400	78.3053	35723700
Jan 02, 2014	87.5500	87.5800	87.0200	87.2700	78.8747	29177500
Dec 31, 2013	87.5500	87.9600	87.5200	87.9600	79.4983	24890500
Dec 30, 2013	87.3900	87.5100	87.1400	87.3900	78.9831	18983700
Dec 27, 2013	87.8500	87.9000	87.4100	87.5200	79.1006	15827400
Dec 26, 2013	87.6100	87.8100	87.4400	87.7400	79.2995	15241100
Dec 24, 2013	87.4300	87.5100	87.2700	87.4500	79.0374	13852500
Dec 23, 2013	87.2100	87.4100	86.9500	87.4100	79.0012	28181800
Dec 20, 2013	85.7900	86.6800	85.7300	86.5000	78.1787	40475400
Dec 19, 2013	86.0000	86.0100	85.5200	85.9000	77.3907	44964100
Dec 18, 2013	85.2500	86.2200	84.0500	86.1400	77.6069	68387200
Dec 17, 2013	85.3200	85.5300	84.9900	85.1500	76.7149	24454900
Dec 16, 2013	85.2700	85.8100	85.2100	85.3200	76.8681	24902500
Dec 13, 2013	85.3600	85.4000	84.7100	84.8500	76.4446	34072000
Dec 12, 2013	85.2100	85.4200	84.9000	84.9600	76.5438	33662600
Dec 11, 2013	86.2800	86.4000	85.0600	85.1800	76.7419	36830600
Dec 10, 2013	86.2100	86.4500	86.1200	86.2900	77.7420	26965900
Dec 09, 2013	86.3500	86.5300	86.2000	86.3500	77.7961	22590000
Dec 06, 2013	86.1000	86.1800	85.5900	86.0000	77.4807	36842900
Dec 05, 2013	85.5600	85.6600	85.1700	85.3800	76.9222	39829300
Dec 04, 2013	85.0500	85.7700	84.7800	85.4900	77.0212	37193200
Dec 03, 2013	85.4200	85.6400	85.0800	85.4100	76.9492	37147000
Dec 02, 2013	85.8300	85.9600	85.3500	85.4800	77.0122	26354600
Nov 29, 2013	85.5600	85.8400	85.4700	85.7300	77.2375	16708900
Nov 27, 2013	84.8000	85.2400	84.7300	85.2200	76.7780	21638100
Nov 26, 2013	84.2100	84.8400	84.0300	84.6300	76.2464	26621000
Nov 25, 2013	84.2900	84.3800	83.9800	84.1900	75.8500	21695100
Nov 22, 2013	83.6800	84.0200	83.6200	83.9900	75.6699	25361300
Nov 21, 2013	83.0500	83.6100	82.9800	83.5400	75.2644	28125000
Nov 20, 2013	83.1200	83.4300	82.4600	82.7000	74.5076	32177400
Nov 19, 2013	83.0900	83.4900	82.7600	82.9000	74.6878	25545300
Nov 18, 2013	83.9400	84.1100	82.9800	83.1400	74.9040	31679600
Nov 15, 2013	83.8200	83.9600	83.6100	83.9600	75.6428	20511300
Nov 14, 2013	83.3200	83.8600	83.1400	83.8000	75.4986	31101200
Nov 13, 2013	82.0000	83.5500	82.0000	83.5400	75.2644	31345900
Nov 12, 2013	82.1600	82.6600	82.1200	82.5400	74.3635	20108500
Nov 11, 2013	82.4200	82.6400	82.1400	82.4100	74.2464	24822900
Nov 08, 2013	81.7400	82.5600	81.5100	82.5400	74.3635	31470500
Nov 07, 2013	83.0100	83.1300	81.3700	81.4400	73.3724	52173200
Nov 06, 2013	83.3700	83.4000	82.7300	83.0000	74.7779	25576800
Nov 05, 2013	82.6100	83.2200	82.3700	83.0200	74.7959	27975600
Nov 04, 2013	83.0600	83.0700	82.6400	82.9300	74.7149	16834000
Nov 01, 2013	83.0700	83.1700	82.4000	82.8100	74.6067	30867800
Oct 31, 2013	82.7700	83.3000	82.4800	82.7900	74.5887	31309900
Oct 30, 2013	83.3500	83.4900	82.5800	82.9800	74.7599	33535500
Oct 29, 2013	83.2000	83.2600	82.7000	83.0600	74.8320	36878100
Oct 28, 2013	82.9100	83.0500	82.5500	82.9200	74.7058	28618400
Oct 25, 2013	83.0800	83.2800	82.5000	82.9000	74.6878	35824500
Oct 24, 2013	82.0000	82.4800	81.8800	82.3100	74.1563	23155100
Oct 23, 2013	82.0500	82.2000	81.5500	81.9500	73.8319	38021300
Oct 22, 2013	82.6500	82.9000	81.9300	82.4500	74.2824	43944800
Oct 21, 2013	82.3400	82.5400	82.0700	82.3300	74.1743	31176900
Oct 18, 2013	81.5800	82.1800	81.3500	82.1500	74.0121	39628200
Oct 17, 2013	80.0200	80.8700	79.9500	80.8400	72.8319	32193500
Oct 16, 2013	79.8500	80.4200	79.7900	80.3800	72.4175	46735900
Oct 15, 2013	79.7300	80.1100	79.3800	79.4800	71.6066	38684000
Oct 14, 2013	78.7400	79.7900	78.6800	79.7900	71.8859	31471900
Oct 11, 2013	78.4100	79.2900	78.4000	79.2300	71.3814	25214100
Oct 10, 2013	77.8100	78.7900	77.7900	78.6100	70.8228	48062700
Oct 09, 2013	77.4000	77.4400	76.3500	76.9800	69.3543	64526700
Oct 08, 2013	78.7400	78.8100	77.1900	77.2200	69.5705	43660700
Oct 07, 2013	78.7000	79.3500	78.6700	78.7400	70.9399	20227100
Oct 04, 2013	78.7200	79.5100	78.6500	79.4000	71.5346	22852700
Oct 03, 2013	79.5500	79.7200	78.3000	78.7200	70.9219	42998200
Oct 02, 2013	79.1400	79.7600	79.0600	79.6500	71.7598	25503800
Oct 01, 2013	78.8900	79.7200	78.8500	79.6800	71.7868	33129700
Sep 30, 2013	78.2500	79.0900	78.0000	78.8800	71.0660	28031900
Sep 27, 2013	78.7100	79.2100	78.5900	79.0700	71.2372	25151600
Sep 26, 2013	78.8800	79.3600	78.8500	79.1700	71.3273	22421700
Sep 25, 2013	78.8900	79.0000	78.4000	78.5600	70.7777	22746400
Sep 24, 2013	79.0000	79.2500	78.5700	78.8300	71.0210	21871300
Sep 23, 2013	79.3200	79.4100	78.4600	78.8300	71.0210	30319400
Sep 20, 2013	79.4500	79.5400	78.9500	78.9900	71.1651	26328900
Sep 19, 2013	79.5600	79.6900	79.3600	79.5000	71.4102	26435700
Sep 18, 2013	78.4900	79.4700	78.3300	79.3100	71.2395	31714700
Sep 17, 2013	78.0200	78.4700	77.9800	78.3700	70.3952	27174300
Sep 16, 2013	78.7200	78.7200	77.6700	77.8500	69.9281	25704300
Sep 13, 2013	78.0900	78.1400	77.6400	78.0600	70.1167	16932500
Sep 12, 2013	78.0800	78.2500	77.8500	78.0100	70.0718	18332700
Sep 11, 2013	77.6900	78.1100	77.5900	78.0600	70.1167	28132900
Sep 10, 2013	78.2800	78.3200	77.9200	78.2100	70.2514	27619400
Sep 09, 2013	77.2600	77.9600	77.2300	77.8300	69.9101	25161900
Sep 06, 2013	77.1000	77.3400	76.0500	76.9300	69.1017	27715100
Sep 05, 2013	76.7600	77.0600	76.7300	76.8400	69.0209	17809700
Sep 04, 2013	76.1600	76.8400	75.9300	76.7100	68.9041	27142900
Sep 03, 2013	76.0900	76.4400	75.5400	75.9000	68.1765	27241500
Aug 30, 2013	76.0400	76.0400	75.2000	75.4700	67.7903	26228500
Aug 29, 2013	75.4100	76.3400	75.3000	75.9600	68.2304	27287900
Aug 28, 2013	75.0500	75.7500	75.0500	75.4300	67.7544	20490400
Aug 27, 2013	75.8000	76.1800	74.9600	75.1400	67.4939	40068900
Aug 26, 2013	76.7300	77.2800	76.5500	76.7100	68.9041	27525500
Aug 23, 2013	76.7000	76.7700	76.4000	76.6700	68.8682	20697300
Aug 22, 2013	75.7500	76.2100	75.7100	76.1600	68.4101	17269500
Aug 21, 2013	75.4400	76.0900	75.1400	75.4200	67.7454	30705100
Aug 20, 2013	75.4900	76.0300	75.4300	75.6800	67.9789	18842800
Aug 19, 2013	75.4900	76.1300	75.3300	75.3500	67.6825	29586900
Aug 16, 2013	75.5200	75.8700	75.3500	75.4800	67.7993	23825000
Aug 15, 2013	75.9500	75.9900	75.2900	75.5100	67.8262	39406600
Aug 14, 2013	77.0700	77.1800	76.7000	76.8100	68.9939	29921000
Aug 13, 2013	76.7700	77.2700	76.2200	77.1000	69.2544	23917000
Aug 12, 2013	76.2000	76.8100	76.1900	76.6700	68.8682	20515900
Aug 09, 2013	76.6700	76.9400	76.2700	76.4900	68.7065	18558500
Aug 08, 2013	76.8400	76.9800	76.3000	76.8000	68.9850	19994000
Aug 07, 2013	76.3400	76.5700	75.8700	76.4200	68.6436	20281200
Aug 06, 2013	76.9200	76.9900	76.2500	76.5600	68.7694	23675400
Aug 05, 2013	76.9300	77.0800	76.7800	77.0200	69.1825	15462800
Aug 02, 2013	76.5500	76.9900	76.3800	76.9700	69.1377	18105300
Aug 01, 2013	76.2900	76.6500	76.2100	76.5400	68.7514	16880000
Jul 31, 2013	75.7800	76.2100	75.6300	75.7700	68.0598	25007600
Jul 30, 2013	75.5000	75.9500	75.3500	75.6300	67.9340	24104600
Jul 29, 2013	75.2200	75.5400	75.0300	75.2300	67.5747	20958400
Jul 26, 2013	74.6700	75.3800	74.5500	75.3700	67.7005	20885600
Jul 25, 2013	74.8500	75.0600	74.4600	74.9700	67.3412	23162200
Jul 24, 2013	74.9900	75.0200	74.3300	74.5000	66.9190	24426900
Jul 23, 2013	74.9500	74.9600	74.2000	74.2600	66.7034	24739500
Jul 22, 2013	74.8700	74.9800	74.5800	74.8100	67.1974	21135900
Jul 19, 2013	74.7200	74.7400	74.3700	74.5900	66.9998	37732400
Jul 18, 2013	75.5500	75.7400	75.2500	75.3700	67.7005	36278800
Jul 17, 2013	75.6000	75.7400	75.3500	75.5600	67.8711	24631500
Jul 16, 2013	75.5300	75.5900	75.1800	75.3700	67.7005	31747100
Jul 15, 2013	75.3800	75.5200	75.1700	75.4700	67.7903	19783600
Jul 12, 2013	75.0200	75.3500	74.8200	75.3000	67.6376	31412600
Jul 11, 2013	74.3000	75.0300	74.2500	74.9700	67.3412	47768900
Jul 10, 2013	73.0200	73.6200	72.9800	73.5100	66.0297	25598900
Jul 09, 2013	72.9900	73.2500	72.6500	73.0900	65.6525	26108600
Jul 08, 2013	72.9600	72.9900	72.3800	72.6500	65.2572	20558500
Jul 05, 2013	72.4400	72.6100	71.8600	72.5800	65.1944	28795900
Jul 03, 2013	71.4800	72.3700	71.4200	72.0300	64.7003	18847500
Jul 02, 2013	71.6800	72.1800	71.3500	71.7400	64.4398	23067900
Jul 01, 2013	71.7500	72.3000	71.6400	71.7100	64.4129	24942800
Jun 28, 2013	70.9500	71.6900	70.7900	71.2700	64.0177	28301100
Jun 27, 2013	71.2400	71.6200	71.1300	71.1700	63.9279	23545000
Jun 26, 2013	70.8400	71.0000	70.5900	70.8700	63.6584	23742300
Jun 25, 2013	70.4000	70.5200	69.8100	70.2400	63.0925	28897400
Jun 24, 2013	69.8500	70.2700	69.1500	69.7300	62.6344	41492300
Jun 21, 2013	70.7800	70.9700	69.8400	70.4300	63.2631	51558900
Jun 20, 2013	71.9200	72.1600	70.7900	71.0300	63.6009	60908400
Jun 19, 2013	73.6000	73.6800	72.6800	72.7600	65.1500	43145100
Jun 18, 2013	73.0800	73.7200	73.0600	73.5800	65.8842	24853100
Jun 17, 2013	72.8500	73.4000	72.6000	72.9800	65.3469	32441900
Jun 14, 2013	72.7600	72.8400	72.1700	72.2800	64.7201	27690700
Jun 13, 2013	71.7500	72.9200	71.5500	72.7600	65.1500	28221500
Jun 12, 2013	73.1100	73.1400	71.7400	71.8500	64.3351	42081900
Jun 11, 2013	72.6900	73.3400	72.4400	72.6900	65.0873	40278900
Jun 10, 2013	73.5300	73.7600	73.2600	73.4200	65.7409	25390000
Jun 07, 2013	72.7000	73.4700	72.5200	73.3900	65.7140	31969800
Jun 06, 2013	72.1500	72.4100	71.4700	72.4000	64.8276	62524100
Jun 05, 2013	72.7600	73.0400	71.9900	72.0500	64.5142	48654200
Jun 04, 2013	73.5300	73.8200	72.7000	73.0000	65.3648	35251900
Jun 03, 2013	73.2600	73.4000	72.4300	73.3800	65.7051	47613100
May 31, 2013	73.6500	74.2100	73.1700	73.2500	65.5887	38347600
May 30, 2013	73.5700	74.2800	73.5500	73.9300	66.1976	32390500
May 29, 2013	73.6000	73.8000	73.1200	73.5400	65.8484	32090300
May 28, 2013	74.2700	74.5400	73.6600	73.8900	66.1618	27057100
May 24, 2013	72.9600	73.4300	72.7600	73.4100	65.7320	26430300
May 23, 2013	72.9700	73.7000	72.8300	73.4500	65.7678	48222100
May 22, 2013	74.3600	74.9500	73.2400	73.6200	65.9200	59843200
May 21, 2013	74.1500	74.5400	73.8900	74.2700	66.5020	25900000
May 20, 2013	74.1600	74.4300	73.8900	74.1900	66.4304	25132400
May 17, 2013	73.9700	74.3300	73.7300	74.3000	66.5289	31114500
May 16, 2013	73.7300	74.1000	73.5500	73.5900	65.8931	27253400
May 15, 2013	73.3800	73.7400	73.2000	73.6700	65.9648	27214400
May 14, 2013	73.1600	73.7400	73.1300	73.5200	65.8304	36009800
May 13, 2013	72.9300	73.3200	72.8600	73.1400	65.4902	29730100
May 10, 2013	72.7600	73.0800	72.6300	73.0500	65.4096	20663700
May 09, 2013	72.5700	73.1000	72.4700	72.6100	65.0156	29337200
May 08, 2013	72.3200	72.7700	72.2000	72.7100	65.1052	24252100
May 07, 2013	72.5200	72.5700	72.0900	72.3600	64.7918	25838100
May 06, 2013	72.2500	72.5100	72.1900	72.4000	64.8276	19244300
May 03, 2013	71.9700	72.3400	71.9100	72.1200	64.5769	34061700
May 02, 2013	70.5100	71.4300	70.4500	71.2800	63.8247	31744200
May 01, 2013	70.7400	70.8500	70.2500	70.3900	63.0278	28537200
Apr 30, 2013	70.3000	70.7300	70.0400	70.7200	63.3233	30135800
Apr 29, 2013	69.7900	70.4800	69.7600	70.2100	62.8667	31664000
Apr 26, 2013	69.6200	69.7700	69.2700	69.5700	62.2936	24079800
Apr 25, 2013	69.6000	70.0500	69.5900	69.7900	62.4906	26437100
Apr 24, 2013	69.2800	69.6700	69.1200	69.4200	62.1593	44500700
Apr 23, 2013	69.1800	69.7000	68.8200	69.4500	62.1861	53078300
Apr 22, 2013	68.3300	69.0400	68.0800	68.7900	61.5952	34412100
Apr 19, 2013	67.3000	68.2300	67.2000	68.0900	60.9684	43062800
Apr 18, 2013	68.2900	68.3300	66.8800	67.1700	60.1446	56798200
Apr 17, 2013	68.8700	68.8900	67.7100	68.1100	60.9863	60204800
Apr 16, 2013	68.9500	69.5500	68.8100	69.4700	62.2040	27682600
Apr 15, 2013	69.6800	69.7900	68.4800	68.5600	61.3892	48795800
Apr 12, 2013	69.8200	69.9900	69.4100	69.9400	62.6249	32783700
Apr 11, 2013	69.8500	70.1500	69.7700	69.9900	62.6697	37233600
Apr 10, 2013	68.9200	70.1700	68.8800	70.0200	62.6965	55271300
Apr 09, 2013	68.4000	68.9600	68.0900	68.6800	61.4967	30931400
Apr 08, 2013	67.8900	68.2400	67.6900	68.2200	61.0848	17891600
Apr 05, 2013	67.3500	67.9600	67.1900	67.8600	60.7625	55610800
Apr 04, 2013	68.3800	68.6000	68.0600	68.4300	61.2728	32287400
Apr 03, 2013	69.0800	69.1800	68.2400	68.4100	61.2549	35131200
Apr 02, 2013	68.8300	69.2700	68.7700	69.0400	61.8190	29431900
Apr 01, 2013	69.0200	69.0900	68.3100	68.5000	61.3355	28112800
Mar 28, 2013	68.8000	69.0600	68.6400	68.9700	61.7564	23662800
Mar 27, 2013	68.2400	68.8500	68.1400	68.8000	61.6041	22539500
Mar 26, 2013	68.6000	68.7300	68.4500	68.7100	61.5235	19725200
Mar 25, 2013	68.8100	68.9600	68.0100	68.3400	61.1922	24909800
Mar 22, 2013	68.2100	68.6400	68.1300	68.5900	61.4161	28837200
Mar 21, 2013	68.0800	68.2500	67.7700	67.9300	60.8251	30050800
Mar 20, 2013	68.7100	68.8600	68.3900	68.7100	61.5235	28035400
Mar 19, 2013	68.5700	68.7000	67.6200	68.2300	61.0938	33125100
Mar 18, 2013	67.8800	68.6400	67.7300	68.3600	61.2102	36163000
Mar 15, 2013	68.7500	68.7900	68.3400	68.5100	61.3445	30752600
Mar 14, 2013	68.8700	69.0100	68.7100	68.8600	61.5155	31530800
Mar 13, 2013	68.8100	68.8900	68.3900	68.6300	61.3100	34297300
Mar 12, 2013	68.7700	68.9300	68.3900	68.7200	61.3904	27575400
Mar 11, 2013	68.6800	68.9900	68.4700	68.9700	61.6138	23187900
Mar 08, 2013	68.9200	69.0200	68.5000	68.7700	61.4351	26159900
Mar 07, 2013	68.5900	68.8000	68.4500	68.6900	61.3636	21775900
Mar 06, 2013	68.8900	68.9100	68.4200	68.5100	61.2028	29071100
Mar 05, 2013	68.0800	68.7700	68.0800	68.6800	61.3547	35581900
Mar 04, 2013	67.1600	67.6900	67.0700	67.6800	60.4614	19380500
Mar 01, 2013	66.8700	67.5000	66.5400	67.3800	60.1933	31617200
Feb 28, 2013	67.2500	67.7400	67.0900	67.1000	59.9432	28557300
Feb 27, 2013	66.5600	67.6500	66.4700	67.2400	60.0683	36339500
Feb 26, 2013	66.4000	66.6800	65.9600	66.5600	59.4608	42088800
Feb 25, 2013	67.5700	67.8100	66.2500	66.3100	59.2375	40927600
Feb 22, 2013	66.8500	67.1500	66.5900	67.1400	59.9789	21968000
Feb 21, 2013	66.9400	67.0100	66.2300	66.4700	59.3804	45855600
Feb 20, 2013	68.2200	68.2500	67.1800	67.1900	60.0236	38200300
Feb 19, 2013	67.8800	68.2600	67.8600	68.2400	60.9616	23436500
Feb 15, 2013	67.9400	68.1100	67.5600	67.7500	60.5239	25333600
Feb 14, 2013	67.6600	68.0500	67.6200	67.9500	60.7025	24478800
Feb 13, 2013	67.9300	68.2300	67.7700	67.9700	60.7204	23494700
Feb 12, 2013	67.9200	68.0500	67.6600	67.7300	60.5060	22057900
Feb 11, 2013	68.0300	68.0600	67.7800	68.0100	60.7561	17650400
Feb 08, 2013	67.6400	68.1300	67.6300	67.9900	60.7383	39837200
Feb 07, 2013	67.3200	67.3700	66.5600	67.3000	60.1219	46017900
Feb 06, 2013	67.2400	67.5500	67.0400	67.2400	60.0683	43593200
Feb 05, 2013	66.7700	67.6700	66.6100	67.4600	60.2648	35120300
Feb 04, 2013	67.2700	67.4600	66.4600	66.4800	59.3893	48483700
Feb 01, 2013	67.3400	67.7800	67.0700	67.6600	60.4435	53120800
Jan 31, 2013	66.9900	67.3500	66.8100	66.8700	59.7377	34870500
Jan 30, 2013	67.2800	67.4800	66.8700	67.0200	59.8717	34445000
Jan 29, 2013	67.0700	67.3100	66.6300	67.1600	59.9968	35554700
Jan 28, 2013	67.0100	67.3800	66.9300	67.1500	59.9879	32926100
Jan 25, 2013	66.8700	67.1900	66.7400	67.0000	59.8538	39240100
Jan 24, 2013	66.6600	67.2800	66.5600	66.6600	59.5501	42596300
Jan 23, 2013	67.5600	67.7900	67.4600	67.5900	60.3809	31975700
Jan 22, 2013	67.1400	67.2300	66.7300	67.1800	60.0147	32123100
Jan 18, 2013	67.0200	67.1400	66.7700	67.0700	59.9164	31992000
Jan 17, 2013	67.1700	67.4800	67.0600	67.2200	60.0504	32024200
Jan 16, 2013	66.7200	67.1300	66.6000	66.9000	59.7645	33822300
Jan 15, 2013	66.6300	66.7300	66.3300	66.6300	59.5233	31675300
Jan 14, 2013	66.9200	67.1500	66.6700	66.9600	59.8181	36768500
Jan 11, 2013	67.1400	67.2900	67.0000	67.2600	60.0861	21158600
Jan 10, 2013	67.2300	67.2700	66.5500	67.1700	60.0057	37528000
Jan 09, 2013	66.6200	66.9500	66.5500	66.7700	59.6484	25600300
Jan 08, 2013	66.6400	66.8200	66.1700	66.5200	59.4251	28734900
Jan 07, 2013	66.4600	66.7600	66.2500	66.6500	59.5412	26766200
Jan 04, 2013	66.8800	66.8800	66.4700	66.6300	59.5233	33972500
Jan 03, 2013	67.2000	67.3400	66.6500	66.8500	59.7199	47366500
Jan 02, 2013	66.7300	67.2300	66.4800	67.2000	60.0325	70695900
Dec 31, 2012	63.7100	65.2500	63.5800	65.1300	58.1833	57544000
Dec 28, 2012	63.9100	64.4300	63.7500	63.7800	56.9773	33082100
Dec 27, 2012	64.5600	64.6400	63.6000	64.4000	57.5312	52933200
Dec 26, 2012	65.1200	65.1800	64.2900	64.5000	57.6205	21751300
Dec 24, 2012	65.0300	65.1400	64.9200	65.0700	58.1297	11418300
Dec 21, 2012	64.8800	65.2800	64.6000	65.2000	58.2459	51152900
Dec 20, 2012	66.3800	66.4100	65.9300	66.2600	58.8649	40754300
Dec 19, 2012	66.7400	66.7600	66.2200	66.2600	58.8649	34832500
Dec 18, 2012	65.8800	66.6500	65.7000	66.5500	59.1226	55596000
Dec 17, 2012	64.7500	65.5700	64.6600	65.5500	58.2342	42302900
Dec 14, 2012	64.8700	65.0800	64.4700	64.6900	57.4702	39630300
Dec 13, 2012	65.7000	66.1600	65.0300	65.3100	58.0210	45467700
Dec 12, 2012	66.3200	66.3200	65.6500	65.8300	58.4829	45917700
Dec 11, 2012	65.5700	66.3400	65.5200	65.9700	58.6073	40750800
Dec 10, 2012	64.7500	65.4600	64.7500	65.1200	57.8522	33219600
Dec 07, 2012	65.6400	65.7100	64.7100	64.9300	57.6834	30089400
Dec 06, 2012	64.7000	65.4800	64.5300	65.3200	58.0299	47512300
Dec 05, 2012	65.5300	65.5400	64.5500	64.9000	57.6567	54076200
Dec 04, 2012	65.7000	65.7700	65.2000	65.6300	58.3052	49584500
Dec 03, 2012	66.3100	66.3700	65.6400	65.6700	58.3408	28240000
Nov 30, 2012	65.9200	65.9700	65.6100	65.8000	58.4563	33497400
Nov 29, 2012	65.8700	66.1400	65.5800	65.9100	58.5540	41136100
Nov 28, 2012	64.6500	65.5700	64.2500	65.5200	58.2075	37295800
Nov 27, 2012	65.1700	65.4000	64.8500	64.9600	57.7100	25828600
Nov 26, 2012	64.7400	65.2200	64.5400	65.1800	57.9055	26430900
Nov 23, 2012	64.2900	64.9200	64.2500	64.9000	57.6567	16462900
Nov 21, 2012	63.8700	64.0200	63.6000	63.9300	56.7950	19611700
Nov 20, 2012	63.7600	63.8900	63.1900	63.8000	56.6795	52012700
Nov 19, 2012	62.9800	63.8300	62.9600	63.7800	56.6617	55306400
Nov 16, 2012	62.0800	62.4800	61.3100	62.3000	55.3469	70873100
Nov 15, 2012	62.2800	62.4900	61.8000	62.0300	55.1070	55124200
Nov 14, 2012	63.2900	63.3600	62.1400	62.2400	55.2936	82655300
Nov 13, 2012	62.9300	63.5800	62.7800	62.9800	55.9510	43288300
Nov 12, 2012	63.8000	63.8700	63.2500	63.4200	56.3419	32663700
Nov 09, 2012	63.2000	64.1100	63.1600	63.4300	56.3508	51542100
Nov 08, 2012	64.3500	64.5000	63.1600	63.1600	56.1109	58585800
Nov 07, 2012	65.0200	65.1000	63.9000	64.1700	57.0082	70737800
Nov 06, 2012	65.7100	66.1700	65.4600	65.7200	58.3852	29608400
Nov 05, 2012	65.1800	65.7300	65.0400	65.6000	58.2786	28094700
Nov 02, 2012	66.1700	66.2100	65.1100	65.1700	57.8966	44083000
Nov 01, 2012	65.3600	66.0000	65.1700	65.8700	58.5185	26945000
Oct 31, 2012	65.2700	65.3900	64.7300	64.9500	57.7011	38524500
Oct 26, 2012	65.1600	65.6200	64.6500	65.3500	58.0565	54213100
Oct 25, 2012	65.6100	65.7200	64.9700	65.1600	57.8877	52688700
Oct 24, 2012	65.7600	65.8700	65.0600	65.1600	57.8877	39872400
Oct 23, 2012	65.4800	65.9500	65.1900	65.3900	58.0920	52591200
Oct 22, 2012	65.6500	66.1900	65.5000	66.0200	58.6517	38621500
Oct 19, 2012	67.2100	67.2700	65.6000	65.6800	58.3497	75362600
Oct 18, 2012	67.8600	68.0800	67.0400	67.2900	59.7800	61707600
Oct 17, 2012	67.7700	68.3000	67.6800	68.0800	60.4818	33439400
Oct 16, 2012	67.2700	68.2000	67.2500	68.1200	60.5173	33960600
Oct 15, 2012	66.9300	67.2600	66.5300	67.1700	59.6734	22220100
Oct 12, 2012	66.7000	67.0600	66.5500	66.6800	59.2381	24891200
Oct 11, 2012	67.4200	67.4700	66.6700	66.7100	59.2647	30469400
Oct 10, 2012	67.2400	67.4300	66.8000	66.9200	59.4513	45134300
Oct 09, 2012	68.1700	68.3400	67.1000	67.2600	59.7533	67974000
Oct 08, 2012	68.5800	68.7200	68.1900	68.3500	60.7217	30911500
Oct 05, 2012	69.7000	69.8000	68.8000	68.9800	61.2814	25207900
Oct 04, 2012	69.2200	69.5400	69.0000	69.3500	61.6101	26128600
Oct 03, 2012	68.8600	69.2400	68.5900	69.1100	61.3968	38236000
Oct 02, 2012	68.7700	68.9800	68.1300	68.6700	61.0060	33254300
Oct 01, 2012	68.9000	69.3300	68.2500	68.4700	60.8283	37715300
Sep 28, 2012	68.9100	69.1200	68.5100	68.5700	60.9171	30112600
Sep 27, 2012	68.3700	69.3000	68.2500	69.1400	61.4235	25339500
Sep 26, 2012	68.6700	68.7100	67.8500	68.2000	60.5884	32770400
Sep 25, 2012	69.9200	70.0800	68.7300	68.7600	61.0859	41299600
Sep 24, 2012	69.5700	69.8600	69.4200	69.7400	61.9565	32341600
Sep 21, 2012	70.4800	70.5400	70.0800	70.1500	62.3208	23678500
Sep 20, 2012	70.0600	70.4000	69.8700	70.3300	62.3030	42520200
Sep 19, 2012	70.2600	70.5800	70.0600	70.4000	62.3650	36484600
Sep 18, 2012	70.0300	70.3000	70.0200	70.2700	62.2499	27169800
Sep 17, 2012	70.2200	70.2400	69.9600	70.2100	62.1967	31798400
Sep 14, 2012	69.8100	70.4300	69.7900	70.1800	62.1701	38880300
Sep 13, 2012	68.6900	69.8600	68.6200	69.5600	61.6209	45417800
Sep 12, 2012	68.6800	68.8100	68.2100	68.6300	60.7970	42203400
Sep 11, 2012	68.5500	68.8200	68.3200	68.4300	60.6199	29810100
Sep 10, 2012	69.2500	69.4000	68.4900	68.5400	60.7173	25490000
Sep 07, 2012	69.3700	69.5500	69.2300	69.4300	61.5057	32958600
Sep 06, 2012	68.4400	69.5500	68.4200	69.5300	61.5943	43100000
Sep 05, 2012	68.0600	68.3500	67.8400	68.0200	60.2567	26129300
Sep 04, 2012	68.0300	68.3500	67.4200	68.0900	60.3187	32017200
Aug 31, 2012	68.2000	68.4500	67.4700	68.1600	60.3807	42128000
Aug 30, 2012	68.1000	68.1300	67.6000	67.7100	59.9820	24425400
Aug 29, 2012	68.4000	68.5700	68.1100	68.4000	60.5933	26672400
Aug 28, 2012	68.3400	68.5900	68.1100	68.4000	60.5933	27337900
Aug 27, 2012	68.5800	68.6700	68.2500	68.4000	60.5933	20671400
Aug 24, 2012	67.7100	68.4500	67.6000	68.2900	60.4959	38384800
Aug 23, 2012	68.1200	68.3400	67.6900	67.8700	60.1238	28800400
Aug 22, 2012	68.0000	68.5600	67.8100	68.4300	60.6199	44555700
Aug 21, 2012	68.6000	68.8800	67.8800	68.1500	60.3718	41391000
Aug 20, 2012	68.2700	68.4300	68.0000	68.4200	60.6110	26924000
Aug 17, 2012	68.1700	68.3300	68.0100	68.3200	60.5224	22584800
Aug 16, 2012	67.4700	68.1700	67.3900	68.0200	60.2567	35699900
Aug 15, 2012	67.0000	67.3200	66.9900	67.2200	59.5480	29100400
Aug 14, 2012	67.2700	67.4100	66.8600	67.0500	59.3974	24218700
Aug 13, 2012	66.8400	67.0300	66.5000	67.0200	59.3708	19890300
Aug 10, 2012	66.5800	66.8800	66.4100	66.8600	59.2291	20312000
Aug 09, 2012	66.6100	66.9100	66.4900	66.8200	59.1936	20726200
Aug 08, 2012	66.4800	66.7600	66.3700	66.6200	59.0165	20723500
Aug 07, 2012	66.3800	66.9200	66.2800	66.6500	59.0430	28223300
Aug 06, 2012	65.9400	66.3900	65.8000	66.1000	58.5558	23523600
Aug 03, 2012	65.4200	65.8800	65.1900	65.6000	58.1129	42117400
Aug 02, 2012	64.1200	65.0200	63.9100	64.3800	57.0321	40534900
Aug 01, 2012	65.2600	65.2800	64.3500	64.6100	57.2359	30920200
Jul 31, 2012	64.9200	65.1800	64.7400	64.8000	57.4042	34588300
Jul 30, 2012	65.0300	65.3100	64.6000	64.8200	57.4219	37821300
Jul 27, 2012	63.8300	64.9900	63.6400	64.8700	57.4662	42621000
Jul 26, 2012	63.4400	63.7300	62.9700	63.3700	56.1374	41928200
Jul 25, 2012	62.4700	62.9500	62.1500	62.5400	55.4021	46264400
Jul 24, 2012	63.5700	63.6600	62.5500	62.9600	55.7742	57269700
Jul 23, 2012	62.9900	63.6800	62.5100	63.4600	56.2171	48657800
Jul 20, 2012	65.0800	65.1000	64.2100	64.2400	56.9081	40573100
Jul 19, 2012	64.8400	65.3100	64.7200	65.1000	57.6700	53017800
Jul 18, 2012	63.4100	64.5800	63.3900	64.3900	57.0410	44489700
Jul 17, 2012	63.6000	63.7400	62.6300	63.5300	56.2791	42467800
Jul 16, 2012	63.2400	63.5200	62.9500	63.2000	55.9868	27621400
Jul 13, 2012	62.6000	63.5200	62.5600	63.3800	56.1463	32357200
Jul 12, 2012	62.5200	62.6900	61.8600	62.4300	55.3047	57680400
Jul 11, 2012	63.2900	63.4600	62.5000	63.0200	55.8273	43432000
Jul 10, 2012	64.3500	64.5100	63.1200	63.3700	56.1374	47365700
Jul 09, 2012	64.0500	64.2600	63.6800	64.0000	56.6955	35628300
Jul 06, 2012	64.6300	64.6900	63.6500	64.1200	56.8018	40684100
Jul 05, 2012	64.8300	65.2500	64.4800	64.9300	57.5193	37016200
Jul 03, 2012	64.3900	64.8900	64.2900	64.8900	57.4839	15895100
Jul 02, 2012	64.2500	64.3800	63.8700	64.3500	57.0055	33425600
Jun 29, 2012	63.4000	64.1600	63.2100	64.1600	56.8372	44761300
Jun 28, 2012	62.4300	62.4700	61.5400	62.2000	55.1009	49793400
Jun 27, 2012	62.7600	63.1800	62.6900	62.9000	55.7210	35705800
Jun 26, 2012	62.3400	62.7000	62.0600	62.5200	55.3844	30611100
Jun 25, 2012	62.8300	62.8500	61.9500	62.1300	55.0389	33136400
Jun 22, 2012	62.9000	63.4300	62.7300	63.3500	56.1197	29504200
Jun 21, 2012	64.2400	64.3100	62.6200	62.6900	55.5350	42492700
Jun 20, 2012	64.3800	64.5700	63.8100	64.2900	56.9524	51389700
Jun 19, 2012	63.9000	64.5100	63.8500	64.2400	56.9081	36476500
Jun 18, 2012	62.7300	63.7400	62.6300	63.5800	56.3234	32191200
Jun 15, 2012	62.3900	63.0800	62.3600	62.9900	55.8008	41536100
Jun 14, 2012	62.1200	62.6100	61.8000	62.3600	55.1160	65170600
Jun 13, 2012	62.3800	62.8500	61.9200	62.1300	54.9127	50840100
Jun 12, 2012	62.1000	62.5900	61.6800	62.5600	55.2928	48802600
Jun 11, 2012	63.3500	63.3800	61.7700	61.8100	54.6299	51008900
Jun 08, 2012	62.1700	62.9500	61.9600	62.8700	55.5667	39730800
Jun 07, 2012	63.1800	63.1800	62.2200	62.2700	55.0364	38414800
Jun 06, 2012	61.5800	62.5700	61.5200	62.5200	55.2574	58781800
Jun 05, 2012	60.6600	61.2400	60.6300	61.1200	54.0200	47916900
Jun 04, 2012	60.5800	60.9600	60.0400	60.8700	53.7991	74119500
Jun 01, 2012	60.9400	61.3200	60.3900	60.4100	53.3925	71430800
May 31, 2012	62.2500	62.4100	61.5900	62.0600	54.8508	55260100
May 30, 2012	62.2900	62.5500	61.6800	62.3300	55.0895	56431800
May 29, 2012	62.6500	63.1500	62.2800	62.8600	55.5579	44216700
May 25, 2012	62.2100	62.3200	61.8900	62.0700	54.8597	32078900
May 24, 2012	62.6500	62.7100	61.6900	62.1500	54.9304	83131200
May 23, 2012	61.9100	62.7100	61.3700	62.5600	55.2928	56951100
May 22, 2012	62.6900	62.9500	61.9900	62.4400	55.1867	62954800
May 21, 2012	60.9300	62.5700	60.8500	62.5100	55.2486	61473000
May 18, 2012	61.8000	61.9600	60.7600	60.8100	53.7460	79496500
May 17, 2012	62.9600	63.0600	61.6000	61.6100	54.4531	62253900
May 16, 2012	63.5900	63.7800	62.8100	62.9400	55.6286	52825900
May 15, 2012	63.7500	64.2700	63.2600	63.3700	56.0087	66908600
May 14, 2012	63.6300	64.0800	63.4800	63.5800	56.1943	46360000
May 11, 2012	63.9700	64.8600	63.9100	64.1800	56.7246	47099900
May 10, 2012	64.6100	64.6300	63.9500	64.1900	56.7334	49448900
May 09, 2012	63.7700	64.6800	63.5100	64.3200	56.8483	85715300
May 08, 2012	64.3500	64.7400	63.4800	64.5200	57.0251	72659700
May 07, 2012	64.3100	65.0700	64.2900	64.7600	57.2372	50267800
May 04, 2012	65.7400	66.3500	64.6900	64.7000	57.1842	107554000
May 03, 2012	67.1000	67.1500	66.1800	66.3500	58.6425	51297600
May 02, 2012	66.5400	67.1100	66.3800	67.0600	59.2700	38299300
May 01, 2012	66.6900	67.6300	66.5900	66.8700	59.1021	37643800
Apr 30, 2012	67.0400	67.1700	66.7100	66.7600	59.0049	37787700
Apr 27, 2012	67.1200	67.4500	66.7700	67.2400	59.4291	46003800
Apr 26, 2012	66.4400	66.9900	66.3500	66.8400	59.0755	41799500
Apr 25, 2012	66.0700	66.4900	65.9700	66.4500	58.7309	57526900
Apr 24, 2012	64.9600	65.2300	64.4500	64.7300	57.2107	49661500
Apr 23, 2012	65.0600	65.1800	64.4900	65.0800	57.5200	70514400
Apr 20, 2012	66.2200	66.5100	65.5800	65.6800	58.0503	59906900
Apr 19, 2012	66.3700	67.1700	65.6200	65.8600	58.2094	81110900
Apr 18, 2012	66.5900	67.0000	66.4100	66.6100	58.8723	42536100
Apr 17, 2012	65.7300	66.9900	65.6300	66.7800	59.0225	47362400
Apr 16, 2012	66.5200	66.5600	65.2400	65.4500	57.8470	57588000
Apr 13, 2012	66.9800	67.2000	66.1600	66.1900	58.5011	55227500
Apr 12, 2012	66.5800	67.2800	66.4800	67.2100	59.4026	57407400
Apr 11, 2012	66.7100	66.8900	66.2800	66.4500	58.7309	62950000
Apr 10, 2012	67.1800	67.4400	65.9200	66.1300	58.4480	69254200
Apr 09, 2012	66.8800	67.4800	66.7600	67.2100	59.4026	36908200
Apr 05, 2012	67.1800	67.7800	67.1300	67.7200	59.8533	42979900
Apr 04, 2012	67.7200	67.7600	66.9100	67.3000	59.4821	54088100
Apr 03, 2012	68.3100	68.5500	67.8500	68.2300	60.3041	45539900
Apr 02, 2012	67.4800	68.3400	67.3600	68.2500	60.3218	40031600
Mar 30, 2012	67.9800	68.0200	67.2800	67.5500	59.7031	39480900
Mar 29, 2012	67.6000	67.9300	67.2000	67.6800	59.8180	53975300
Mar 28, 2012	68.2500	68.5100	67.5400	67.9400	60.0478	44421900
Mar 27, 2012	68.1600	68.4900	68.1300	68.2100	60.2864	37278200
Mar 26, 2012	67.3900	68.1100	67.3300	68.1100	60.1980	40855300
Mar 23, 2012	67.0600	67.0800	66.5600	66.9400	59.1639	45541700
Mar 22, 2012	66.7200	67.1400	66.6800	66.9800	59.1993	56953900
Mar 21, 2012	67.1200	67.4900	67.0300	67.1200	59.3230	39648100
Mar 20, 2012	66.6400	67.1800	66.4600	67.1100	59.3142	47290600
Mar 19, 2012	66.6300	67.1500	66.4500	66.9900	59.2081	60966200
Mar 16, 2012	66.6700	66.6700	66.3600	66.5200	58.7928	53023100
Mar 15, 2012	66.6900	66.8200	66.3500	66.6800	58.8343	65531200
Mar 14, 2012	66.3300	66.7400	66.0800	66.4900	58.6666	59926900
Mar 13, 2012	65.4000	66.2600	65.2700	66.2600	58.4637	61559100
Mar 12, 2012	65.0000	65.1100	64.7200	65.0500	57.3961	32687300
Mar 09, 2012	64.8600	65.1400	64.8200	65.0200	57.3696	43117200
Mar 08, 2012	64.4400	64.9400	64.3000	64.7500	57.1314	43711100
Mar 07, 2012	63.8700	64.2100	63.7700	64.0600	56.5225	42741800
Mar 06, 2012	63.5700	63.7200	63.2300	63.5700	56.0902	54638600
Mar 05, 2012	64.8300	64.9100	63.9900	64.2000	56.6461	45788800
Mar 02, 2012	64.8300	65.0800	64.6600	64.8700	57.2373	33358200
Mar 01, 2012	64.6500	64.9800	64.4600	64.9200	57.2814	67558900
Feb 29, 2012	64.7500	64.9600	64.2000	64.4100	56.8314	59784400
Feb 28, 2012	64.1100	64.7000	64.0300	64.7000	57.0873	43717500
Feb 27, 2012	63.6100	64.2600	63.3300	64.0500	56.5137	42678500
Feb 24, 2012	63.9200	64.0700	63.8000	63.9600	56.4343	41364900
Feb 23, 2012	63.4000	63.8100	63.0900	63.7400	56.2402	54250000
Feb 22, 2012	63.4900	63.6800	63.2300	63.3200	55.8696	43174700
Feb 21, 2012	63.5000	63.8900	63.2100	63.6100	56.1255	38141300
Feb 17, 2012	63.6400	63.6900	63.1500	63.4300	55.9667	76112300
Feb 16, 2012	62.7900	63.7000	62.6300	63.6300	56.1432	83642300
Feb 15, 2012	63.5100	63.8600	62.6700	62.7700	55.3843	105709100
Feb 14, 2012	62.9100	63.2200	62.6900	63.2100	55.7726	51648200
Feb 13, 2012	62.9400	63.1300	62.6500	63.0500	55.6314	36810200
Feb 10, 2012	62.4600	62.6400	62.2500	62.4700	55.1196	58090500
Feb 09, 2012	62.7000	62.9800	62.3200	62.9100	55.5079	46856400
Feb 08, 2012	62.1400	62.4600	61.9100	62.4600	55.1108	41171100
Feb 07, 2012	61.9500	62.2500	61.6700	62.1300	54.8197	37935700
Feb 06, 2012	61.8200	62.0200	61.6600	62.0000	54.7049	28541300
Feb 03, 2012	61.7800	62.1200	61.6800	62.0500	54.7490	36453800
Feb 02, 2012	61.2200	61.4100	60.9700	61.2100	54.0079	46373600
Feb 01, 2012	60.8800	61.2400	60.6600	61.0200	53.8402	46146700
Jan 31, 2012	60.7500	60.8600	60.1400	60.5300	53.4079	51449600
Jan 30, 2012	59.8900	60.5400	59.6600	60.4500	53.3373	42797800
Jan 27, 2012	60.0900	60.5100	60.0600	60.4000	53.2932	45532300
Jan 26, 2012	60.6900	60.8000	59.9300	60.2200	53.1344	37852700
Jan 25, 2012	60.2600	60.5800	59.8300	60.4300	53.3197	61591800
Jan 24, 2012	59.5200	59.8400	59.4100	59.6800	52.6579	38440200
Jan 23, 2012	59.7800	60.2100	59.4400	59.7900	52.7550	40958300
Jan 20, 2012	59.6000	59.8000	59.5600	59.7700	52.7373	41041700
Jan 19, 2012	59.7600	59.9700	59.6500	59.8600	52.8167	47774500
Jan 18, 2012	58.8200	59.4900	58.6800	59.4900	52.4903	48692700
Jan 17, 2012	58.6900	58.9600	58.4900	58.7100	51.8020	41790800
Jan 13, 2012	58.0800	58.2000	57.6800	58.1800	51.3344	35980400
Jan 12, 2012	58.2900	58.4700	57.8600	58.3900	51.5197	26188300
Jan 11, 2012	58.0300	58.2900	57.8100	58.1600	51.3168	37144100
Jan 10, 2012	58.2300	58.4000	57.6400	58.0400	51.2109	35949900
Jan 09, 2012	57.9600	57.9800	57.4300	57.6200	50.8403	39195500
Jan 06, 2012	57.6200	57.9400	57.4000	57.8100	51.0079	46325200
Jan 05, 2012	57.0200	57.6600	56.8000	57.6100	50.8315	41260600
Jan 04, 2012	56.8100	57.2200	56.5600	57.1400	50.4168	29403400
Jan 03, 2012	56.9100	57.1900	56.7500	56.9000	50.2050	39514100
Dec 30, 2011	55.8700	56.1200	55.8200	55.8300	49.2609	21832400
Dec 29, 2011	55.6800	56.0300	55.5000	55.9900	49.4021	28077900
Dec 28, 2011	56.1700	56.2600	55.4400	55.5900	49.0492	38180100
Dec 27, 2011	55.9900	56.4200	55.9300	56.2400	49.6227	21443500
Dec 23, 2011	55.7100	56.0800	55.5800	56.0800	49.4383	26594600
Dec 22, 2011	55.2500	55.6300	55.1700	55.6000	49.0151	40334100
Dec 21, 2011	55.6000	55.6400	54.4900	55.1300	48.6008	78552300
Dec 20, 2011	55.2000	56.0000	55.1700	55.9300	49.3060	81758800
Dec 19, 2011	55.0700	55.2000	54.1700	54.3200	47.8867	46733900
Dec 16, 2011	54.8700	55.6100	54.7700	54.8600	48.3628	60978900
Dec 15, 2011	55.3600	55.4200	54.6600	54.7400	48.1150	58732900
Dec 14, 2011	55.5500	55.5900	54.5800	54.8900	48.2469	63682800
Dec 13, 2011	56.7500	56.9800	55.5300	55.7600	49.0116	68557700
Dec 12, 2011	56.4200	57.0100	55.9000	56.3800	49.5566	55411700
Dec 09, 2011	56.2600	57.1900	56.2400	57.0200	50.1191	55757900
Dec 08, 2011	56.7100	57.1500	56.0100	56.1200	49.3280	51692600
Dec 07, 2011	56.9200	57.3400	56.3500	57.0800	50.1718	44576200
Dec 06, 2011	57.2900	57.4500	56.8900	57.0800	50.1718	38670000
Dec 05, 2011	57.4700	57.6200	56.9200	57.2400	50.3125	40492200
Dec 02, 2011	57.3400	57.3400	56.5700	56.6200	49.7675	36938900
Dec 01, 2011	56.3800	56.9300	56.3500	56.7800	49.9082	45362200
Nov 30, 2011	55.8600	56.4400	55.6700	56.3900	49.5654	66918600
Nov 29, 2011	54.6900	55.1000	54.2200	54.3800	47.7986	52056700
Nov 28, 2011	54.1700	54.7900	54.1400	54.7200	48.0974	46710700
Nov 25, 2011	53.0600	53.6700	52.8700	52.8800	46.4801	25448100
Nov 23, 2011	54.1100	54.1700	53.2600	53.2900	46.8405	48437300
Nov 22, 2011	54.2000	54.6800	53.8700	54.5200	47.9216	51940100
Nov 21, 2011	54.6500	54.7300	53.7800	54.3400	47.7635	52283700
Nov 18, 2011	55.8400	55.9000	55.3000	55.4000	48.6952	60417000
Nov 17, 2011	57.0200	57.0400	55.4800	55.8300	49.0731	101706900
Nov 16, 2011	57.7100	58.1600	57.0600	57.1700	50.2509	68342800
Nov 15, 2011	57.3200	58.3600	57.2600	58.1300	51.0947	52203900
Nov 14, 2011	57.6900	58.0100	57.2800	57.4900	50.5322	44617600
Nov 11, 2011	57.2700	58.0200	57.2000	57.8500	50.8486	54471000
Nov 10, 2011	57.3700	57.4200	56.2300	56.7800	49.9082	66052400
Nov 09, 2011	57.7400	57.8300	56.6300	56.8100	49.9345	69539000
Nov 08, 2011	58.6300	58.9800	57.9700	58.8800	51.7540	62906900
Nov 07, 2011	57.7600	58.2500	57.1700	58.2100	51.1651	65559000
Nov 04, 2011	57.8200	58.0500	57.2200	57.8000	50.8047	61527800
Nov 03, 2011	57.3700	58.1800	56.7100	58.1000	51.0684	78994200
Nov 02, 2011	57.0300	57.1600	56.3800	56.9200	50.0312	65003800
Nov 01, 2011	56.5200	57.9100	56.1200	56.4400	49.6093	99933000
Oct 31, 2011	58.4300	58.6400	57.9100	57.9500	50.9365	60520200
Oct 28, 2011	58.5200	59.0100	58.5000	58.9400	51.8067	42950000
Oct 27, 2011	58.6400	59.2000	58.0300	58.8500	51.7276	104455500
Oct 26, 2011	57.6600	57.7800	56.2100	57.2700	50.3388	98193800
Oct 25, 2011	58.3000	58.3200	57.2200	57.3400	50.4004	65299200
Oct 24, 2011	57.5100	58.6500	57.3100	58.4900	51.4112	61449500
Oct 21, 2011	57.1900	57.6600	56.7800	57.3000	50.3652	60455800
Oct 20, 2011	56.8600	56.9200	55.7900	56.5900	49.7411	80378300
Oct 19, 2011	57.6700	57.8500	56.6800	56.8700	49.9872	67639400
Oct 18, 2011	57.1900	58.2900	56.6600	57.9900	50.9717	91434600
Oct 17, 2011	57.9100	58.0900	56.9700	57.2800	50.3476	65161300
Oct 14, 2011	57.8200	58.1900	57.5100	58.1800	51.1387	65643600
Oct 13, 2011	56.4900	57.1900	56.4300	57.1200	50.2070	63443700
Oct 12, 2011	56.8600	57.2300	56.5600	56.6000	49.7499	85627600
Oct 11, 2011	55.7900	56.4600	55.7000	56.3200	49.5038	66449100
Oct 10, 2011	54.9900	55.9400	54.8900	55.9400	49.1698	48230200
Oct 07, 2011	54.4000	54.6600	53.7200	54.0700	47.5261	72525200
Oct 06, 2011	53.4600	54.4400	53.2100	54.4300	47.8425	71939200
Oct 05, 2011	52.0600	53.6800	51.6600	53.5300	47.0515	108825700
Oct 04, 2011	50.6200	52.2900	50.1000	52.1900	45.8737	137013700
Oct 03, 2011	52.0200	52.8500	51.1100	51.1400	44.9507	99149500
Sep 30, 2011	53.1600	53.6100	52.4600	52.4900	46.1374	104870100
Sep 29, 2011	55.3600	55.4300	52.9700	53.8800	47.3591	116900200
Sep 28, 2011	55.5900	55.9700	54.4000	54.5300	47.9304	76757100
Sep 27, 2011	55.7100	56.2000	54.9800	55.3500	48.6512	81148600
Sep 26, 2011	54.4200	54.8800	53.2100	54.7800	48.1502	96261400
Sep 23, 2011	53.1300	54.3800	53.0900	54.1500	47.5964	85940600
Sep 22, 2011	53.9700	54.4600	52.7500	53.5800	47.0954	151885500
Sep 21, 2011	56.6500	56.9300	55.3700	55.3800	48.6776	79938000
Sep 20, 2011	56.9000	57.3500	56.2300	56.3600	49.5390	66570100
Sep 19, 2011	55.8900	56.9100	55.4300	56.6100	49.7587	73042900
Sep 16, 2011	56.2000	56.6500	56.0900	56.5900	49.7411	91902100
Sep 15, 2011	55.9600	56.2800	55.3900	56.1800	49.2893	83536100
Sep 14, 2011	54.8600	55.9800	54.3200	55.3600	48.5699	90757300
Sep 13, 2011	54.0600	54.6900	53.8000	54.5800	47.8856	59020000
Sep 12, 2011	52.5900	53.9000	52.5700	53.8600	47.2539	65973000
Sep 09, 2011	54.0100	54.2400	52.8500	53.1800	46.6573	63663500
Sep 08, 2011	54.3600	55.1700	54.2100	54.3900	47.7189	61422800
Sep 07, 2011	54.0500	54.6500	53.9000	54.6400	47.9382	48952200
Sep 06, 2011	52.0400	53.3700	51.9100	53.2900	46.7538	52992200
Sep 02, 2011	53.5800	54.6100	52.9900	53.2800	46.7450	58185700
Sep 01, 2011	55.2000	55.6400	54.4600	54.5600	47.8680	57158400
Aug 31, 2011	55.3000	55.7400	54.6000	55.0600	48.3067	60900400
Aug 30, 2011	54.4100	55.3000	54.1100	54.9700	48.2277	61617900
Aug 29, 2011	53.6600	54.6700	53.6400	54.6100	47.9119	45985800
Aug 26, 2011	51.6600	53.3100	51.1500	53.1300	46.6134	91573300
Aug 25, 2011	52.6600	52.9000	51.6500	51.8300	45.4729	93623700
Aug 24, 2011	52.1300	52.7900	51.7100	52.6900	46.2274	80197700
Aug 23, 2011	50.5500	52.2800	50.3400	52.2800	45.8677	75688400
Aug 22, 2011	51.2300	51.2400	50.0600	50.2100	44.0516	77107700
Aug 19, 2011	50.4200	51.6700	49.9900	50.0300	43.8937	96674600
Aug 18, 2011	52.1300	52.1400	50.4800	50.9500	44.7008	130019400
Aug 17, 2011	53.9700	54.4200	53.0200	53.5800	47.0082	84416600
Aug 16, 2011	53.8300	54.3500	53.1800	53.9000	47.2890	89219200
Aug 15, 2011	53.7900	54.3600	53.5300	54.3600	47.6926	73554300
Aug 12, 2011	53.4300	53.9000	52.8800	53.5700	46.9995	90483300
Aug 11, 2011	51.5900	53.6900	51.3400	53.1000	46.5871	143825300
Aug 10, 2011	51.8300	53.0400	50.8000	50.8600	44.6219	205917900
Aug 09, 2011	51.3500	53.0800	49.9300	53.0300	46.5257	193707100
Aug 08, 2011	52.1800	53.1200	50.5900	50.5900	44.3850	204804500
Aug 05, 2011	54.7200	55.0300	52.3200	53.8300	47.2276	214111800
Aug 04, 2011	56.0000	56.0900	54.1700	54.1700	47.5259	132830000
Aug 03, 2011	56.3400	56.8800	55.3500	56.8100	49.8421	103612300
Aug 02, 2011	57.4600	57.7200	56.2100	56.2700	49.3683	90853300
Aug 01, 2011	58.7000	58.8200	57.0300	57.7300	50.6492	85421100
Jul 29, 2011	57.7200	58.6100	57.4400	58.0000	50.8861	82860500
Jul 28, 2011	58.1200	58.9300	57.8900	58.1900	51.0528	61031900
Jul 27, 2011	59.2400	59.2900	57.9400	58.0900	50.9651	83969500
Jul 26, 2011	59.4400	59.8300	59.3200	59.6300	52.3162	40918900
Jul 25, 2011	59.1300	59.8100	59.0200	59.4800	52.1846	48916100
Jul 22, 2011	58.9600	59.7000	58.9200	59.6000	52.2899	43620400
Jul 21, 2011	58.6600	59.3200	58.3400	58.9900	51.7547	70148800
Jul 20, 2011	59.1800	59.1900	58.5000	58.6000	51.4125	57085500
Jul 19, 2011	58.0900	58.9000	58.0900	58.8500	51.6319	73904600
Jul 18, 2011	57.5300	57.7900	56.9800	57.5400	50.4825	59512200
Jul 15, 2011	57.7300	57.8500	57.3100	57.8500	50.7545	68281500
Jul 14, 2011	57.9100	58.1800	56.8700	57.0900	50.0877	98774200
Jul 13, 2011	57.9400	58.3400	57.5500	57.7600	50.6756	82378100
Jul 12, 2011	57.9500	58.0700	57.4600	57.5200	50.4650	84000700
Jul 11, 2011	58.4100	58.7100	57.7600	57.9600	50.8510	52080800
Jul 08, 2011	58.6800	59.0400	58.3700	59.0300	51.7898	69519500
Jul 07, 2011	58.8300	59.3600	58.7400	59.1900	51.9301	54799800
Jul 06, 2011	58.1300	58.4900	57.9400	58.3900	51.2283	49282700
Jul 05, 2011	57.9700	58.2600	57.8300	58.2000	51.0616	43128800
Jul 01, 2011	57.0800	57.9900	56.9200	57.9100	50.8071	53203900
Jun 30, 2011	56.5000	57.0900	56.4700	57.0500	50.0527	50347200
Jun 29, 2011	56.2000	56.4100	55.9000	56.3000	49.3946	65407300
Jun 28, 2011	55.3700	56.0800	55.2900	56.0700	49.1928	47028800
Jun 27, 2011	54.4400	55.5300	54.3200	55.2500	48.4734	49968900
Jun 24, 2011	55.0800	55.1300	54.2700	54.3800	47.7101	56298300
Jun 23, 2011	54.2400	55.3700	54.0600	55.3400	48.5524	80743300
Jun 22, 2011	55.0000	55.3200	54.8200	54.8300	48.1049	36833300
Jun 21, 2011	54.2600	55.2900	54.0300	55.2300	48.4559	55892800
Jun 20, 2011	53.6400	54.2300	53.6400	54.0700	47.4381	37402900
Jun 17, 2011	54.4000	54.6000	53.6300	53.7900	47.1925	70337000
Jun 16, 2011	54.3200	54.5000	53.6200	54.0800	47.3408	66316200
Jun 15, 2011	54.8100	55.1500	54.1800	54.2900	47.5246	59022400
Jun 14, 2011	55.0600	55.4700	55.0300	55.3400	48.4437	40565300
Jun 13, 2011	54.6700	54.9300	54.4500	54.6400	47.8310	37736800
Jun 10, 2011	55.2300	55.3400	54.5900	54.6400	47.8310	53740600
Jun 09, 2011	55.4100	55.7600	55.2300	55.4900	48.5750	45307500
Jun 08, 2011	55.6700	55.7700	55.2300	55.3900	48.4875	46426400
Jun 07, 2011	56.0400	56.2600	55.7500	55.7900	48.8377	46311100
Jun 06, 2011	56.2200	56.5300	55.8600	55.8900	48.9252	50175600
Jun 03, 2011	56.5500	56.9900	56.2700	56.3500	49.3279	57773700
Jun 02, 2011	57.2000	57.4100	56.8900	57.2100	50.0807	50198100
Jun 01, 2011	58.2200	58.3600	57.0400	57.0900	49.9757	51795000
May 31, 2011	57.9700	58.3600	57.6700	58.3600	51.0874	47590100
May 27, 2011	57.2400	57.4900	57.1900	57.4300	50.2733	30127200
May 26, 2011	56.6200	57.3000	56.6100	57.1400	50.0194	40564100
May 25, 2011	56.5000	57.0600	56.4700	56.7900	49.7131	41369000
May 24, 2011	57.0600	57.0700	56.5600	56.5700	49.5205	39314800
May 23, 2011	56.9800	57.1500	56.6500	56.9200	49.8268	43700000
May 20, 2011	58.1500	58.2100	57.6900	57.7700	50.5709	44703300
May 19, 2011	58.2200	58.3400	57.8500	58.2100	50.9561	35015800
May 18, 2011	57.4800	58.1400	57.4100	58.0400	50.8073	42351100
May 17, 2011	57.1000	57.5700	56.9800	57.5600	50.3871	63136000
May 16, 2011	58.1400	58.3200	57.2700	57.4000	50.2470	73115300
May 13, 2011	58.9700	59.0700	58.3900	58.4100	51.1312	63506600
May 12, 2011	58.5800	59.1900	58.2400	59.1100	51.7439	66100000
May 11, 2011	59.1000	59.3100	58.3600	58.7600	51.4375	61900000
May 10, 2011	58.8600	59.2800	58.7800	59.1900	51.8139	38053600
May 09, 2011	58.5700	58.9200	58.3400	58.6900	51.3763	40022000
May 06, 2011	58.8600	59.2000	58.3100	58.4700	51.1837	72507000
May 05, 2011	58.3100	58.9700	58.0800	58.2800	51.0173	72200000
May 04, 2011	58.7200	58.8700	58.1100	58.6000	51.2975	53097200
May 03, 2011	58.9400	59.0000	58.3300	58.6900	51.3763	38100000
May 02, 2011	59.1700	59.3400	58.8200	58.9700	51.6214	48149400
Apr 29, 2011	59.0200	59.2900	58.9800	59.0800	51.7177	44831200
Apr 28, 2011	59.0400	59.2300	58.8800	59.1300	51.7614	48100000
Apr 27, 2011	58.9300	59.2900	58.6600	59.2200	51.8402	56465500
Apr 26, 2011	58.6400	59.0300	58.5100	58.8200	51.4901	49400000
Apr 25, 2011	58.3900	58.5200	58.2800	58.4900	51.2012	25376800
Apr 21, 2011	58.4400	58.4700	58.1600	58.3400	51.0699	43666800
Apr 20, 2011	57.6000	57.9400	57.5300	57.8800	50.6672	67397500
Apr 19, 2011	56.4000	56.6000	56.1000	56.6000	49.5467	38608400
Apr 18, 2011	56.0800	56.2700	55.3200	56.2500	49.2403	69065000
Apr 15, 2011	56.5300	56.8700	56.2800	56.6500	49.5905	68530000
Apr 14, 2011	56.4600	56.8300	56.2300	56.7500	49.6780	53544100
Apr 13, 2011	56.7900	57.0000	56.4000	56.8500	49.7656	49979800
Apr 12, 2011	56.5000	56.6400	56.1500	56.3700	49.3454	50422800
Apr 11, 2011	57.1700	57.2900	56.5600	56.7600	49.6868	42451700
Apr 08, 2011	57.4800	57.5700	56.6500	56.9500	49.8531	42782200
Apr 07, 2011	57.2400	57.6000	56.8100	57.2200	50.0895	60697000
Apr 06, 2011	57.5600	57.7300	56.9300	57.2600	50.1245	49532100
Apr 05, 2011	57.1600	57.4900	57.0000	57.1200	50.0019	55349400
Apr 04, 2011	57.6200	57.6800	57.0200	57.2700	50.1332	48659100
Apr 01, 2011	57.7200	57.9000	57.2900	57.4600	50.2995	68031800
Mar 31, 2011	57.2500	57.4800	57.1500	57.4300	50.2733	50004300
Mar 30, 2011	57.3600	57.4300	57.0800	57.3500	50.2033	44935900
Mar 29, 2011	56.4000	57.0800	56.2300	57.0800	49.9669	47994800
Mar 28, 2011	57.0900	57.1000	56.5000	56.5300	49.4854	37824000
Mar 25, 2011	56.8800	57.2200	56.7300	56.8400	49.7568	74131100
Mar 24, 2011	56.1300	56.8200	55.8200	56.7000	49.6343	69502400
Mar 23, 2011	55.2000	55.8700	54.8200	55.7100	48.7676	60365100
Mar 22, 2011	55.5800	55.6100	55.2800	55.4000	48.4963	36162100
Mar 21, 2011	55.2800	55.7800	54.5000	55.5000	48.5838	57423000
Mar 18, 2011	55.2200	55.2200	54.4100	54.4500	47.6646	94887200
Mar 17, 2011	55.0100	55.2400	54.1300	54.6500	47.7723	94434500
Mar 16, 2011	55.0300	55.3400	53.7700	54.1500	47.3352	176507700
Mar 15, 2011	54.6400	55.8200	54.4700	55.4900	48.5066	101276500
Mar 14, 2011	56.1800	56.5900	55.8600	56.2900	49.2059	73565800
Mar 11, 2011	55.8200	56.6600	55.8200	56.4900	49.3808	81679400
Mar 10, 2011	56.3900	56.5200	55.9100	56.1400	49.0748	102894400
Mar 09, 2011	57.2100	57.2700	56.7200	57.0300	49.8528	84764200
Mar 08, 2011	57.1200	57.6800	56.7700	57.4200	50.1937	62399100
Mar 07, 2011	58.2100	58.2600	56.6700	57.1900	49.9926	98470000
Mar 04, 2011	58.2500	58.2600	57.5900	57.9700	50.6745	62328400
Mar 03, 2011	57.6700	58.3700	57.6700	58.2700	50.9368	64146600
Mar 02, 2011	56.8100	57.5100	56.7900	57.1400	49.9489	61552900
Mar 01, 2011	58.0200	58.0200	56.7000	56.8400	49.6867	91993900
Feb 28, 2011	57.8800	58.0500	57.4300	57.7700	50.4997	51402800
Feb 25, 2011	57.1800	57.7200	57.1200	57.6500	50.3948	54094600
Feb 24, 2011	56.6800	57.0300	56.1400	56.8600	49.7042	98716100
Feb 23, 2011	57.0300	57.2300	56.1300	56.5600	49.4419	97842900
Feb 22, 2011	57.9300	58.1300	56.9400	57.0300	49.8528	92598100
Feb 18, 2011	58.8600	58.9700	58.5100	58.7300	51.3388	44334300
Feb 17, 2011	58.5900	58.9700	58.5500	58.8600	51.4525	38361900
Feb 16, 2011	58.6500	59.0400	58.6300	58.8800	51.4700	53061700
Feb 15, 2011	58.4400	58.5700	58.2300	58.5000	51.1378	39723800
Feb 14, 2011	58.4400	58.6600	58.3800	58.5800	51.2077	48506100
Feb 11, 2011	57.8500	58.4800	57.7700	58.4400	51.0853	47853500
Feb 10, 2011	57.5500	58.1000	57.4900	58.0200	50.7182	70194700
Feb 09, 2011	57.9400	58.1200	57.7500	57.9300	50.6395	62540800
Feb 08, 2011	57.6700	58.0700	57.5600	58.0300	50.7269	38099900
Feb 07, 2011	57.4900	57.9700	57.4000	57.6500	50.3948	45627100
Feb 04, 2011	57.0500	57.4200	56.9000	57.3800	50.1587	47647800
Feb 03, 2011	56.8500	57.1400	56.4000	57.0600	49.8790	45341900
Feb 02, 2011	56.9300	57.1700	56.8400	56.9600	49.7916	48661000
Feb 01, 2011	56.4200	57.1800	56.3600	57.0500	49.8703	76952900
Jan 31, 2011	55.8100	56.1600	55.3900	56.0000	48.9524	70571300
Jan 28, 2011	57.1700	57.2200	55.4700	55.7300	48.7164	123359900
Jan 27, 2011	57.0100	57.3500	56.9200	57.1800	49.9839	53656100
Jan 26, 2011	56.6100	56.9800	56.4500	56.8300	49.6780	60547700
Jan 25, 2011	56.1700	56.5500	56.0500	56.5300	49.4157	55305100
Jan 24, 2011	55.7900	56.4600	55.6800	56.4500	49.3458	64103300
Jan 21, 2011	56.3900	56.4900	55.6500	55.6800	48.6727	59673300
Jan 20, 2011	56.2700	56.3500	55.6800	56.1100	49.0486	92357800
Jan 19, 2011	57.2600	57.2600	56.3200	56.5100	49.3982	67767200
Jan 18, 2011	56.5700	57.2300	56.4900	57.1600	49.9664	65805600
Jan 14, 2011	56.6000	57.0200	56.4600	57.0000	49.8266	43867400
Jan 13, 2011	56.6000	56.7300	56.4100	56.5800	49.4594	47364500
Jan 12, 2011	56.4300	56.5600	56.2000	56.5600	49.4419	51979300
Jan 11, 2011	56.3100	56.3600	55.9500	56.1600	49.0923	56663800
Jan 10, 2011	55.7500	56.1800	55.5800	56.0800	49.0224	55551800
Jan 07, 2011	56.0200	56.0500	55.3200	55.8700	48.8388	72261700
Jan 06, 2011	55.8000	55.9600	55.6800	55.9200	48.8825	46139600
Jan 05, 2011	55.1000	55.7600	55.0700	55.7400	48.7252	43787400
Jan 04, 2011	55.5100	55.5500	54.9200	55.2700	48.3143	43851500
Jan 03, 2011	54.9700	55.6900	54.9500	55.3100	48.3493	90994300
Dec 31, 2010	54.5900	54.6200	54.2100	54.4600	47.6062	38540100
Dec 30, 2010	54.7900	54.8000	54.5500	54.6600	47.7811	27553300
Dec 29, 2010	54.8200	54.9000	54.7300	54.7900	47.8947	24132700
Dec 28, 2010	54.8800	54.9200	54.5500	54.6700	47.7898	24160500
Dec 27, 2010	54.5800	54.8600	54.2100	54.7700	47.8772	29263700
Dec 23, 2010	54.7800	54.8700	54.6100	54.7400	47.8510	21664800
Dec 22, 2010	54.8700	54.9600	54.7900	54.8800	47.9734	35766500
Dec 21, 2010	54.7700	54.8900	54.6200	54.8900	47.9821	35775400
Dec 20, 2010	54.6200	54.7600	54.1600	54.5600	47.6936	48159600
Dec 17, 2010	54.5400	54.6800	54.4100	54.5200	47.6587	36844200
Dec 16, 2010	54.2100	54.6600	54.0600	54.5800	47.6167	65519400
Dec 15, 2010	54.3700	54.7000	54.0300	54.1600	47.2503	76951900
Dec 14, 2010	54.4400	54.6200	54.2300	54.4000	47.4597	69884800
Dec 13, 2010	54.7000	54.7400	54.2700	54.3000	47.3724	53110200
Dec 10, 2010	54.2900	54.5500	54.0900	54.4900	47.5382	44696200
Dec 09, 2010	54.4100	54.4400	53.9500	54.1300	47.2241	51679800
Dec 08, 2010	54.0200	54.1500	53.6900	54.0800	47.1805	48066900
Dec 07, 2010	54.5000	54.5200	53.8200	53.8800	47.0060	59067300
Dec 06, 2010	53.8800	53.9500	53.6800	53.8500	46.9798	39312000
Dec 03, 2010	53.5000	53.9400	53.5000	53.8700	46.9973	38014200
Dec 02, 2010	53.2700	53.8100	53.2100	53.7300	46.8752	56844600
Dec 01, 2010	52.8600	53.4600	52.8400	53.1900	46.4041	81758800
Nov 30, 2010	52.1800	52.7400	51.8800	52.0900	45.4444	118862100
Nov 29, 2010	52.7000	52.9000	52.1000	52.7300	46.0027	89269100
Nov 26, 2010	52.7800	53.1300	52.6700	52.7700	46.0376	23640300
Nov 24, 2010	52.5800	53.2500	52.5600	53.1200	46.3430	53444200
Nov 23, 2010	52.3700	52.4500	51.7700	52.0700	45.4269	76818300
Nov 22, 2010	52.2600	52.9100	52.1700	52.9100	46.1598	69918900
Nov 19, 2010	52.3600	52.5900	52.1400	52.4700	45.7759	54506100
Nov 18, 2010	52.1600	52.7900	52.1300	52.4300	45.7410	71488300
Nov 17, 2010	51.4800	51.8700	51.3500	51.6000	45.0169	77836200
Nov 16, 2010	51.9400	52.2500	50.8500	51.4500	44.8860	101097000
Nov 15, 2010	52.7800	52.8800	52.2900	52.3100	45.6363	56723400
Nov 12, 2010	53.1000	53.3700	52.1100	52.5100	45.8108	99164300
Nov 11, 2010	52.9100	53.4800	52.6600	53.3800	46.5698	85163600
Nov 10, 2010	53.5200	53.7700	53.1000	53.7200	46.8664	83553700
Nov 09, 2010	53.9500	54.0400	53.2100	53.4500	46.6309	66828700
Nov 08, 2010	53.5800	53.8300	53.4500	53.7400	46.8839	39623500
Nov 05, 2010	53.7000	53.8100	53.5100	53.6700	46.8228	77937100
Nov 04, 2010	53.6000	53.8600	53.5000	53.6700	46.8228	84201000
Nov 03, 2010	52.8300	53.0400	52.3600	53.0200	46.2557	126225800
Nov 02, 2010	52.6500	52.9300	52.5800	52.7800	46.0464	48137500
Nov 01, 2010	52.3700	52.7500	51.9800	52.2200	45.5578	60555600
Oct 29, 2010	52.3000	52.4900	52.1700	52.1800	45.5229	46668700
Oct 28, 2010	52.4100	52.4500	51.8400	52.3000	45.6276	61220000
Oct 27, 2010	51.7600	52.2300	51.6600	52.1900	45.5317	57483400
Oct 26, 2010	51.6300	52.1500	51.4200	52.0300	45.3920	60498300
Oct 25, 2010	51.8500	52.2300	51.8500	51.8900	45.2699	51413900
Oct 22, 2010	51.3000	51.6900	51.2100	51.6400	45.0518	47406900
Oct 21, 2010	51.5100	51.7100	50.7900	51.2900	44.7464	85885400
Oct 20, 2010	50.9600	51.5700	50.8700	51.1900	44.6592	80861400
Oct 19, 2010	50.8200	51.3000	50.4200	50.8200	44.3364	105739800
Oct 18, 2010	51.5000	51.7200	51.3000	51.3000	44.7552	72399400
Oct 15, 2010	51.0400	51.5000	50.6300	51.4900	44.9209	104654000
Oct 14, 2010	50.5500	50.6400	50.1700	50.4200	43.9874	68464000
Oct 13, 2010	50.4300	50.7500	50.2800	50.5200	44.0747	71122900
Oct 12, 2010	49.6900	50.2100	49.2600	50.1100	43.7170	88571700
Oct 11, 2010	49.7800	50.0200	49.6200	49.7700	43.4204	46880000
Oct 08, 2010	49.4300	49.8700	49.0800	49.7500	43.4029	83223900
Oct 07, 2010	49.5100	49.5400	49.0000	49.4100	43.1063	75693300
Oct 06, 2010	49.6000	49.7100	48.9100	49.2300	42.9493	81831200
Oct 05, 2010	49.0300	49.7600	49.0000	49.6600	43.3244	99301300
Oct 04, 2010	48.8700	49.0500	48.2000	48.4800	42.2950	71359900
Oct 01, 2010	49.4800	49.5300	48.7800	49.0100	42.7573	77675400
Sep 30, 2010	49.5400	49.8400	48.7500	49.0700	42.8097	122458600
Sep 29, 2010	49.3000	49.5300	49.1100	49.2900	43.0016	81679200
Sep 28, 2010	49.5100	49.5400	48.5900	49.3700	43.0714	104922900
Sep 27, 2010	49.6300	49.7500	49.3500	49.3900	43.0889	43859800
Sep 24, 2010	49.2200	49.6900	49.1500	49.6600	43.3244	79495900
Sep 23, 2010	48.3700	49.1600	48.3200	48.6700	42.4607	85040000
Sep 22, 2010	48.6200	49.0200	48.4200	48.6900	42.4782	88315900
Sep 21, 2010	48.8600	49.1700	48.6100	48.8200	42.5916	82272000
Sep 20, 2010	48.1700	48.9300	48.1100	48.8300	42.6003	84475000
Sep 17, 2010	48.1400	48.1400	47.7500	47.9900	41.8675	76372600
Sep 16, 2010	47.6600	47.9800	47.5400	47.9400	41.7261	66885800
Sep 15, 2010	47.3300	47.8000	47.1900	47.7500	41.5608	67108200
Sep 14, 2010	47.1900	47.7000	47.0800	47.4500	41.2997	91405800
Sep 13, 2010	46.9600	47.3700	46.9400	47.2500	41.1256	64523400
Sep 10, 2010	46.4800	46.6700	46.2500	46.6000	40.5598	66995700
Sep 09, 2010	46.6600	46.7000	46.3200	46.4300	40.4119	61476400
Sep 08, 2010	45.8300	46.4500	45.8200	46.2500	40.2552	66879800
Sep 07, 2010	45.8200	46.0300	45.6300	45.7000	39.7765	51195200
Sep 03, 2010	45.7600	46.0200	45.5500	46.0100	40.0463	64041100
Sep 02, 2010	44.8400	45.2800	44.7300	45.2600	39.3935	41816800
Sep 01, 2010	44.1000	44.9100	44.0700	44.7600	38.9583	83523100
Aug 31, 2010	43.3800	43.8500	43.1800	43.4600	37.8268	72066900
Aug 30, 2010	43.8600	44.2500	43.6000	43.6100	37.9574	49373200
Aug 27, 2010	43.8600	44.1600	42.9700	44.0700	38.3577	109568800
Aug 26, 2010	44.2200	44.3200	43.5000	43.5400	37.8964	91199000
Aug 25, 2010	43.3400	44.2600	43.2700	44.0700	38.3577	87247900
Aug 24, 2010	43.9700	44.1200	43.4700	43.6500	37.9922	79095800
Aug 23, 2010	45.2000	45.3400	44.4600	44.4800	38.7146	69612200
Aug 20, 2010	44.7900	45.0300	44.5400	44.9200	39.0976	65806700
Aug 19, 2010	45.2800	45.4600	44.5600	44.8600	39.0453	82969500
Aug 18, 2010	45.2800	45.8200	45.1100	45.5500	39.6459	61835400
Aug 17, 2010	45.1200	45.7800	45.0300	45.3700	39.4893	56927100
Aug 16, 2010	44.5000	45.1100	44.3000	44.8000	38.9931	55472900
Aug 13, 2010	44.8700	45.0600	44.7100	44.7200	38.9235	46387300
Aug 12, 2010	44.5300	45.2400	44.4500	45.0400	39.2020	66000200
Aug 11, 2010	45.9000	45.9200	45.2100	45.4000	39.5154	92219700
Aug 10, 2010	46.7000	46.9500	46.2800	46.6700	40.6208	86694500
Aug 09, 2010	47.0000	47.1900	46.7900	47.0800	40.9776	26927600
Aug 06, 2010	46.3200	46.8500	46.0500	46.7600	40.6991	71339200
Aug 05, 2010	46.7100	46.9200	46.5200	46.8300	40.7600	39150200
Aug 04, 2010	46.6800	46.9900	46.5000	46.9400	40.8558	43820600
Aug 03, 2010	46.6400	46.7000	46.2500	46.4700	40.4467	60856600
Aug 02, 2010	46.3900	46.7900	46.2100	46.6700	40.6208	68706800
Jul 30, 2010	45.3300	46.0900	45.0700	45.8100	39.8722	98958100
Jul 29, 2010	46.3200	46.4100	45.2500	45.7100	39.7852	85669500
Jul 28, 2010	46.3700	46.5800	45.8800	46.0500	40.0811	51988200
Jul 27, 2010	46.6400	46.7200	46.2100	46.4200	40.4031	67655600
Jul 26, 2010	46.1200	46.4600	45.9100	46.4400	40.4206	64850900
Jul 23, 2010	45.4600	46.1000	45.3800	46.0600	40.0898	81056100
Jul 22, 2010	45.2700	45.9800	45.2400	45.7700	39.8374	82890300
Jul 21, 2010	45.7400	45.7600	44.5600	44.6400	38.8539	83577000
Jul 20, 2010	44.0000	45.2600	43.8600	45.2600	39.3935	89061200
Jul 19, 2010	44.4700	44.8100	44.1000	44.7200	38.9235	81800800
Jul 16, 2010	45.4400	45.6300	44.3000	44.3400	38.5927	98831900
Jul 15, 2010	45.4700	45.7400	44.9900	45.6000	39.6894	95992500
Jul 14, 2010	45.4200	45.8100	45.2400	45.5600	39.6546	87687100
Jul 13, 2010	45.1400	45.5000	44.8000	45.3300	39.4544	93310500
Jul 12, 2010	44.5800	45.0300	44.4600	44.7500	38.9496	60927500
Jul 09, 2010	44.1800	44.6300	44.0800	44.6200	38.8365	47851200
Jul 08, 2010	44.3100	44.3800	43.6800	44.2000	38.4709	78264600
Jul 07, 2010	42.7400	44.0100	42.7000	43.9600	38.2620	72448400
Jul 06, 2010	43.1000	43.3700	42.2500	42.6000	37.0783	88591900
Jul 02, 2010	42.6600	42.8200	42.0900	42.4700	36.9651	78565300
Jul 01, 2010	42.8400	42.9600	41.7700	42.5900	37.0696	158695000
Jun 30, 2010	43.2300	43.6700	42.6400	42.7100	37.1740	101313200
Jun 29, 2010	44.4200	44.4600	43.0700	43.3700	37.7485	136384200
Jun 28, 2010	45.2700	45.5500	44.8100	45.1100	39.2630	71350000
Jun 25, 2010	45.5100	45.6600	44.9500	45.2700	39.4022	88740300
Jun 24, 2010	45.8500	45.9900	45.2000	45.3500	39.3944	114145900
Jun 23, 2010	46.2900	46.4700	45.6900	46.0500	40.0025	92397600
Jun 22, 2010	46.8000	47.1400	46.1500	46.2400	40.1675	94493400
Jun 21, 2010	47.6000	47.6800	46.3300	46.6000	40.4802	95488100
Jun 18, 2010	47.0500	47.3400	46.8600	47.0000	40.8277	75921400
Jun 17, 2010	47.1600	47.1800	46.6400	47.0500	40.7938	77111900
Jun 16, 2010	46.5800	47.1400	46.5000	46.9000	40.6638	78399700
Jun 15, 2010	45.7300	46.7700	45.4500	46.7100	40.4990	76332600
Jun 14, 2010	45.9200	46.2400	45.4100	45.4900	39.4412	68085000
Jun 11, 2010	44.6100	45.5400	44.6100	45.5000	39.4499	74346800
Jun 10, 2010	44.3600	45.1200	44.2400	45.0700	39.0771	76892300
Jun 09, 2010	44.5000	44.9100	43.6900	43.8200	37.9933	101949200
Jun 08, 2010	44.3500	44.4800	43.5900	44.1900	38.3141	133030100
Jun 07, 2010	45.3200	45.4600	44.2200	44.2700	38.3835	88436600
Jun 04, 2010	45.7000	46.2900	44.9400	45.0900	39.0944	112849900
Jun 03, 2010	46.3800	46.7700	46.0800	46.6900	40.4817	98928400
Jun 02, 2010	45.4400	46.2800	45.1300	46.2500	40.1002	97249300
Jun 01, 2010	45.4300	46.2500	45.1300	45.1800	39.1725	104242700
May 28, 2010	45.9500	45.9900	45.2000	45.6000	39.5366	128535300
May 27, 2010	45.2000	45.8900	45.0900	45.8700	39.7707	110671600
May 26, 2010	45.0100	45.5700	44.1200	44.2000	38.3228	140203200
May 25, 2010	43.6800	44.7600	43.2300	44.7000	38.7563	155643000
May 24, 2010	44.8200	45.3300	44.6400	44.6600	38.7216	113038000
May 21, 2010	43.6600	45.6400	43.4900	44.8400	38.8777	190631100
May 20, 2010	45.1600	45.2800	44.2500	44.3500	38.4528	189289800
May 19, 2010	46.2600	46.6300	45.5500	46.0600	39.9354	159000300
May 18, 2010	47.4800	47.5800	46.2200	46.4300	40.2563	153072100
May 17, 2010	47.0200	47.2700	46.0700	47.0800	40.8198	120969600
May 14, 2010	47.4900	47.5200	46.3800	46.9300	40.6898	147386100
May 13, 2010	48.4100	48.7900	47.7300	47.8500	41.4874	102844300
May 12, 2010	47.9800	48.6600	47.9000	48.6200	42.1550	85462400
May 11, 2010	47.2900	48.3900	47.2000	47.7200	41.3747	113016100
May 10, 2010	47.4300	47.8000	47.3100	47.7700	41.4181	136041600
May 07, 2010	46.2200	46.8000	44.2800	45.4100	39.3719	288200400
May 06, 2010	47.8500	48.3200	42.6400	46.5700	40.3776	274356800
May 05, 2010	47.9200	48.5000	47.6400	48.1800	41.7736	128560200
May 04, 2010	49.3200	49.3200	48.0800	48.4300	41.9903	141136500
May 03, 2010	49.4500	50.1700	49.4300	49.9300	43.2909	74169700
Apr 30, 2010	50.2100	50.2900	49.2000	49.2400	42.6926	110897000
Apr 29, 2010	49.6500	50.3300	49.6100	50.2300	43.5510	84180200
Apr 28, 2010	49.6000	49.6300	48.9800	49.3700	42.8053	130082100
Apr 27, 2010	50.2100	50.4300	49.2100	49.3400	42.7793	112608000
Apr 26, 2010	50.5700	50.6500	50.3000	50.4100	43.7070	67361000
Apr 23, 2010	50.3000	50.5700	50.0900	50.5200	43.8024	77205200
Apr 22, 2010	49.5500	50.3600	49.2600	50.3100	43.6203	110477200
Apr 21, 2010	50.0900	50.1900	49.7200	50.0300	43.3776	74748700
Apr 20, 2010	49.7700	49.8800	49.4300	49.7500	43.1348	69543700
Apr 19, 2010	49.3500	49.6600	48.9000	49.5000	42.9180	98251700
Apr 16, 2010	49.9500	50.1200	49.2000	49.5300	42.9441	127388000
Apr 15, 2010	49.8700	50.1900	49.8700	50.1300	43.4643	72254200
Apr 14, 2010	49.5800	49.9200	49.5000	49.9100	43.2735	69004800
Apr 13, 2010	49.0200	49.3500	48.8600	49.3200	42.7620	59376000
Apr 12, 2010	49.0500	49.2000	48.9400	49.0700	42.5452	44280600
Apr 09, 2010	48.7500	49.0500	48.6300	49.0300	42.5105	54227300
Apr 08, 2010	48.4900	48.8200	48.2400	48.7400	42.2591	68314300
Apr 07, 2010	48.6800	48.8700	48.3700	48.6300	42.1637	77211500
Apr 06, 2010	48.5000	48.9000	48.3900	48.7500	42.2678	54097100
Apr 05, 2010	48.2700	48.7200	48.1400	48.6100	42.1464	56220300
Apr 01, 2010	48.3600	48.7000	47.7900	48.1600	41.7562	83728600
Mar 31, 2010	48.2400	48.4500	48.0700	48.1600	41.7562	59947400
Mar 30, 2010	48.3800	48.5500	48.0600	48.3900	41.9556	49437300
Mar 29, 2010	48.2400	48.4000	48.1000	48.2300	41.8169	57993300
Mar 26, 2010	48.1500	48.3300	47.7400	48.0000	41.6175	78067900
Mar 25, 2010	48.4200	48.6000	47.9000	47.9500	41.5742	76294800
Mar 24, 2010	48.1700	48.1700	47.9100	48.0200	41.6348	62995700
Mar 23, 2010	47.9900	48.3000	47.7700	48.2500	41.8343	59182600
Mar 22, 2010	47.3000	48.1100	47.2500	47.9200	41.5481	71902800
Mar 19, 2010	47.9200	47.9500	47.3200	47.4900	41.1753	86337100
Mar 18, 2010	47.7100	47.8800	47.6000	47.8300	41.4259	77829400
Mar 17, 2010	47.6100	47.9000	47.5300	47.6700	41.2873	75643500
Mar 16, 2010	47.3900	47.6100	47.2300	47.5400	41.1747	74950600
Mar 15, 2010	47.2600	47.3800	46.9100	47.2400	40.9149	60150500
Mar 12, 2010	47.5000	47.5300	47.1000	47.3600	41.0188	64068300
Mar 11, 2010	47.0600	47.3500	46.9800	47.3500	41.0101	67510300
Mar 10, 2010	46.8200	47.2800	46.8000	47.1700	40.8543	102578900
Mar 09, 2010	46.4300	47.0500	46.4000	46.7900	40.5251	98002800
Mar 08, 2010	46.4600	46.6400	46.4400	46.5300	40.3000	58712400
Mar 05, 2010	46.0900	46.5400	45.9900	46.4400	40.2220	68136300
Mar 04, 2010	45.6300	45.8100	45.4000	45.7500	39.6244	54470900
Mar 03, 2010	45.6600	45.8200	45.4300	45.6000	39.4945	65735500
Mar 02, 2010	45.5700	45.8500	45.4500	45.5500	39.4511	76368500
Mar 01, 2010	44.9600	45.4900	44.9500	45.4100	39.3299	77290100
Feb 26, 2010	44.5900	44.8600	44.4000	44.7600	38.7669	66222400
Feb 25, 2010	44.1400	44.7000	43.8300	44.6000	38.6283	97961300
Feb 24, 2010	44.3900	44.7900	44.3200	44.6100	38.6370	86591000
Feb 23, 2010	44.7100	44.7400	43.9500	44.1600	38.2473	95814400
Feb 22, 2010	45.0100	45.0300	44.5600	44.7400	38.7496	72055000
Feb 19, 2010	44.7300	45.0500	44.6200	44.8300	38.8275	80416500
Feb 18, 2010	44.5400	44.9300	44.4500	44.8500	38.8449	65752600
Feb 17, 2010	44.5200	44.5700	44.2600	44.5700	38.6024	82691700
Feb 16, 2010	44.0800	44.3500	43.8500	44.3200	38.3858	83861400
Feb 12, 2010	43.2800	43.8800	43.1600	43.7600	37.9008	93938500
Feb 11, 2010	43.0300	43.7900	42.7600	43.6700	37.8229	93050800
Feb 10, 2010	43.1100	43.3100	42.7500	43.0200	37.2599	94102900
Feb 09, 2010	43.1800	43.5100	42.7600	43.1100	37.3379	118956000
Feb 08, 2010	42.9100	43.1800	42.6400	42.6700	36.9568	94354400
Feb 05, 2010	42.7300	43.0200	42.1200	42.9800	37.2253	213618600
Feb 04, 2010	43.5700	43.6600	42.6200	42.6200	36.9135	151652500
Feb 03, 2010	43.4400	43.9700	43.4200	43.8900	38.0134	93581600
Feb 02, 2010	43.3300	43.7800	43.0300	43.6500	37.8056	110727700
Feb 01, 2010	42.9000	43.2800	42.8800	43.2600	37.4678	136827100
Jan 29, 2010	43.9100	44.0200	42.6300	42.7900	37.0607	212099600
Jan 28, 2010	44.4000	44.4300	43.3200	43.5500	37.7190	221439800
Jan 27, 2010	44.2700	44.8500	44.0100	44.7000	38.7150	161632700
Jan 26, 2010	44.2600	44.8900	44.0500	44.3500	38.4118	140816500
Jan 25, 2010	44.4300	44.6000	44.1200	44.3100	38.3772	154218700
Jan 22, 2010	45.3400	45.4800	44.0400	44.1600	38.2473	171098700
Jan 21, 2010	46.0500	46.3500	45.3000	45.4900	39.3992	204939600
Jan 20, 2010	46.2600	46.6000	45.4300	45.9200	39.7716	145680000
Jan 19, 2010	45.9600	46.6400	45.9500	46.5900	40.3519	84388200
Jan 15, 2010	46.4700	46.5500	45.6500	45.8500	39.7110	126849300
Jan 14, 2010	46.2600	46.5200	46.2200	46.3900	40.1787	75209000
Jan 13, 2010	45.9200	46.4900	45.6100	46.3500	40.1440	100661000
Jan 12, 2010	46.0800	46.1400	45.5300	45.7800	39.6504	90673900
Jan 11, 2010	46.6100	46.6400	46.1200	46.3600	40.1527	104673400
Jan 08, 2010	46.0700	46.5500	45.9300	46.5500	40.3173	88886600
Jan 07, 2010	46.2100	46.2700	45.9200	46.1700	39.9881	77094100
Jan 06, 2010	46.4000	46.5500	46.0700	46.1400	39.9622	96033000
Jan 05, 2010	46.3900	46.5000	46.1600	46.4200	40.2047	62935600
Jan 04, 2010	46.3300	46.4900	46.2700	46.4200	40.2047	62822800
Dec 31, 2009	46.2600	46.2800	45.7500	45.7500	39.6244	50079200
Dec 30, 2009	45.9800	46.2600	45.9600	46.1700	39.9881	57612700
Dec 29, 2009	46.2300	46.2500	45.9900	46.0300	39.8669	32410200
Dec 28, 2009	46.0900	46.3000	45.9400	46.2200	40.0314	49381400
Dec 24, 2009	45.6100	45.9800	45.6000	45.9800	39.8236	31770400
Dec 23, 2009	45.3200	45.5700	45.2100	45.5600	39.4598	73932200
Dec 22, 2009	45.1100	45.2900	45.0300	45.2300	39.1740	51569100
Dec 21, 2009	44.6900	45.1300	44.6700	44.9600	38.9402	82357400
Dec 18, 2009	44.1600	44.4800	44.0000	44.4600	38.5071	96442600
Dec 17, 2009	44.1600	44.2100	43.7600	43.8200	37.8896	90440900
Dec 16, 2009	44.4700	44.7000	44.2900	44.3600	38.3565	61629700
Dec 15, 2009	44.4100	44.6700	44.1700	44.3000	38.3046	61171100
Dec 14, 2009	44.4300	44.6000	44.1900	44.5500	38.5208	47965500
Dec 11, 2009	44.5400	44.5900	43.9500	44.1300	38.1576	66643700
Dec 10, 2009	44.2700	44.5400	44.2400	44.3000	38.3046	76722400
Dec 09, 2009	43.6000	44.1200	43.3200	44.0800	38.1144	78820500
Dec 08, 2009	43.6600	44.0000	43.3600	43.6400	37.7339	86621400
Dec 07, 2009	44.0900	44.2900	43.8200	43.9100	37.9674	67471900
Dec 04, 2009	44.4500	44.7300	43.6600	44.1200	38.1490	125062600
Dec 03, 2009	44.2300	44.5000	43.8800	43.8900	37.9501	72460400
Dec 02, 2009	44.1600	44.4900	43.9800	44.0700	38.1057	81653600
Dec 01, 2009	43.8900	44.3000	43.8800	44.0100	38.0539	81817800
Nov 30, 2009	43.4100	43.6200	43.1100	43.5600	37.6648	84819400
Nov 27, 2009	42.9700	43.8300	42.9000	43.5100	37.6215	61230000
Nov 25, 2009	44.1400	44.2200	44.0100	44.1800	38.2009	37630100
Nov 24, 2009	44.1200	44.1500	43.7300	43.9900	38.0366	60670000
Nov 23, 2009	43.8900	44.4000	43.8600	44.1400	38.1662	91621500
Nov 20, 2009	43.4300	43.5500	43.2800	43.4400	37.5610	70912100
Nov 19, 2009	44.0500	44.0800	43.3500	43.6600	37.7512	114558000
Nov 18, 2009	44.4600	44.4900	44.0500	44.3500	38.3478	100240800
Nov 17, 2009	44.3400	44.6000	44.2500	44.6000	38.5640	81884000
Nov 16, 2009	44.2000	44.6500	44.1200	44.4600	38.4429	87776100
Nov 13, 2009	43.7800	44.1400	43.6300	44.0100	38.0539	87959500
Nov 12, 2009	43.9300	44.1600	43.5500	43.6500	37.7426	92426100
Nov 11, 2009	43.9500	44.1400	43.6100	43.9000	37.9587	84676200
Nov 10, 2009	43.4600	43.7700	43.4000	43.6200	37.7166	72846500
Nov 09, 2009	42.9300	43.5200	42.8800	43.5100	37.6215	101620800
Nov 06, 2009	42.1200	42.6500	42.0800	42.6000	36.8347	96312300
Nov 05, 2009	41.8100	42.4000	41.7800	42.3500	36.6185	135204800
Nov 04, 2009	41.5300	41.8700	41.2800	41.3300	35.7366	107970600
Nov 03, 2009	40.9100	41.3200	40.8400	41.2600	35.6760	95107000
Nov 02, 2009	41.0000	41.5700	40.6400	41.1300	35.5636	142456600
Oct 30, 2009	42.0600	42.1500	40.9200	40.9600	35.4166	162796500
Oct 29, 2009	41.6300	42.1900	41.5400	42.0900	36.3937	85207600
Oct 28, 2009	42.1900	42.3200	41.3000	41.3900	35.7884	143553600
Oct 27, 2009	42.9300	43.1100	42.1800	42.3400	36.6099	121438200
Oct 26, 2009	43.2000	43.7600	42.7900	42.9900	37.1719	107068600
Oct 23, 2009	43.7300	43.7300	43.0200	43.1300	37.2929	117020400
Oct 22, 2009	43.0600	43.4900	42.7900	43.3100	37.4486	85871800
Oct 21, 2009	43.2100	43.8200	43.0600	43.1400	37.3016	110397400
Oct 20, 2009	43.4600	43.4600	42.9400	43.2200	37.3708	89847900
Oct 19, 2009	42.8100	43.2700	42.5900	43.2100	37.3621	83512000
Oct 16, 2009	42.9000	42.9900	42.4800	42.7800	36.9903	111859300
Oct 15, 2009	42.9300	43.1200	42.8700	43.0600	37.2324	85772800
Oct 14, 2009	43.1100	43.2100	42.8500	43.1600	37.3189	91004900
Oct 13, 2009	42.5300	42.7500	42.3700	42.5800	36.8174	70939300
Oct 12, 2009	42.6500	42.8700	42.2800	42.5700	36.8087	53221900
Oct 09, 2009	42.1500	42.5500	42.0600	42.4800	36.7309	62828000
Oct 08, 2009	42.3100	42.6200	42.1400	42.2400	36.5234	107850400
Oct 07, 2009	41.8900	42.0800	41.7700	42.0600	36.3678	93787600
Oct 06, 2009	41.4400	42.1400	41.4200	41.9400	36.2640	124628000
Oct 05, 2009	41.0900	41.4000	40.8300	41.2100	35.6328	97054200
Oct 02, 2009	40.7200	41.2500	40.7200	40.8800	35.3475	145286400
Oct 01, 2009	42.1000	42.1300	41.0000	41.0000	35.4512	140119100
Sep 30, 2009	42.3900	42.6000	41.6000	42.2500	36.5320	173102700
Sep 29, 2009	42.4100	42.6200	42.0300	42.2200	36.5061	106686400
Sep 28, 2009	41.9300	42.6600	41.8900	42.4100	36.6704	84478500
Sep 25, 2009	41.7600	42.0900	41.5800	41.7000	36.0565	109216000
Sep 24, 2009	42.6200	42.6900	41.7700	42.0700	36.3764	111016400
Sep 23, 2009	42.8300	43.1700	42.3800	42.4500	36.7050	143924100
Sep 22, 2009	42.8100	42.8300	42.4400	42.6500	36.8779	75638400
Sep 21, 2009	42.2000	42.7000	42.1600	42.5700	36.8087	71351400
Sep 18, 2009	42.5400	42.6200	42.2100	42.4400	36.6963	87444200
Sep 17, 2009	42.3100	42.6600	42.2100	42.4100	36.6349	102169600
Sep 16, 2009	42.0000	42.4800	41.8400	42.4200	36.6436	96888500
Sep 15, 2009	41.6500	41.9500	41.5700	41.8100	36.1166	91594600
Sep 14, 2009	41.2500	41.7100	41.2100	41.6800	36.0043	90435600
Sep 11, 2009	41.5100	41.6200	41.2200	41.5200	35.8661	93868400
Sep 10, 2009	41.1100	41.5300	41.0000	41.4800	35.8316	99289100
Sep 09, 2009	40.7700	41.2900	40.5900	41.0900	35.4947	99280800
Sep 08, 2009	40.6800	40.7800	40.4600	40.7400	35.1923	71024400
Sep 04, 2009	39.5800	40.3800	39.5200	40.3600	34.8641	74866600
Sep 03, 2009	39.4400	39.5700	39.0200	39.5100	34.1299	76783100
Sep 02, 2009	39.0700	39.4700	39.0400	39.2500	33.9052	92757200
Sep 01, 2009	39.8900	40.5900	39.1600	39.2800	33.9311	162958900
Aug 31, 2009	40.1400	40.2000	39.7900	40.0300	34.5790	96415300
Aug 28, 2009	40.9000	41.0800	40.1600	40.4400	34.9332	114300900
Aug 27, 2009	40.2900	40.4700	39.6700	40.4000	34.8987	121957800
Aug 26, 2009	40.2800	40.6000	40.0800	40.3000	34.8123	96407500
Aug 25, 2009	40.3400	40.7600	40.2500	40.3700	34.8727	92900400
Aug 24, 2009	40.3600	40.5700	40.1000	40.2500	34.7691	109904900
Aug 21, 2009	39.9900	40.3600	39.7400	40.2900	34.8036	114660200
Aug 20, 2009	39.2800	39.8400	39.2000	39.7600	34.3458	81473500
Aug 19, 2009	38.5700	39.4000	38.5400	39.3000	33.9485	88036300
Aug 18, 2009	38.7200	39.1100	38.6100	39.0300	33.7152	84496200
Aug 17, 2009	38.9600	39.0100	38.4600	38.4800	33.2401	131797200
Aug 14, 2009	39.8700	39.9600	39.2800	39.6300	34.2335	124480200
Aug 13, 2009	40.1100	40.1600	39.6400	40.0900	34.6309	110107000
Aug 12, 2009	39.2300	40.2200	39.2000	39.8700	34.4408	147240000
Aug 11, 2009	39.4700	39.5000	39.0500	39.2600	33.9139	91922700
Aug 10, 2009	39.7400	39.8500	39.3400	39.6000	34.2076	87163200
Aug 07, 2009	39.9200	40.0700	39.5900	39.8800	34.4494	107442100
Aug 06, 2009	39.8200	39.9300	39.2400	39.3800	34.0175	116937500
Aug 05, 2009	40.1300	40.1400	39.4600	39.7300	34.3199	118093000
Aug 04, 2009	39.8500	40.1900	39.7700	40.0400	34.5877	100690800
Aug 03, 2009	39.8700	40.0600	39.6400	40.0400	34.5877	111722800
Jul 31, 2009	39.5700	39.8500	39.4100	39.4500	34.0780	78208300
Jul 30, 2009	39.7500	40.1800	39.5100	39.5700	34.1817	108969900
Jul 29, 2009	39.3200	39.4300	39.0000	39.3400	33.9830	126538200
Jul 28, 2009	39.1800	39.5900	38.9300	39.0800	33.7584	111564300
Jul 27, 2009	39.3300	39.4100	38.8700	39.3500	33.9916	94718600
Jul 24, 2009	38.9300	39.3700	38.7800	39.0500	33.7325	109312300
Jul 23, 2009	38.4600	39.4900	38.3900	39.3500	33.9916	160239300
Jul 22, 2009	38.2100	38.6900	38.1300	38.5000	33.2574	113808600
Jul 21, 2009	38.0700	38.1800	37.6400	38.1800	32.9809	130587600
Jul 20, 2009	37.7600	38.0000	37.6100	37.9200	32.7564	97168800
Jul 17, 2009	37.3500	37.5700	37.1700	37.5600	32.4454	104906500
Jul 16, 2009	36.7500	37.4400	36.7200	37.3600	32.2726	120142500
Jul 15, 2009	36.3200	36.9300	36.1400	36.9200	31.8925	160869700
Jul 14, 2009	35.5500	35.7900	35.4000	35.7200	30.8559	115631700
Jul 13, 2009	34.9500	35.6000	34.4800	35.5900	30.7436	127140300
Jul 10, 2009	34.6700	35.1400	34.5600	34.9200	30.1649	108482000
Jul 09, 2009	34.8400	35.0100	34.6500	34.7700	30.0353	97851500
Jul 08, 2009	34.7400	34.8700	34.3000	34.7100	29.9835	152776400
Jul 07, 2009	35.4200	35.4900	34.5100	34.5300	29.8280	149773000
Jul 06, 2009	35.3800	35.5400	35.0400	35.4100	30.5882	107632500
Jul 02, 2009	36.0900	36.1000	35.5000	35.6000	30.7523	113309800
Jul 01, 2009	36.5600	36.8400	36.3900	36.4000	31.4433	85976000
Jun 30, 2009	36.5500	36.7300	36.1100	36.3800	31.4260	97843000
Jun 29, 2009	36.4700	36.7500	36.1200	36.4500	31.4865	93817600
Jun 26, 2009	36.1200	36.5000	36.0500	36.3700	31.4174	87677300
Jun 25, 2009	35.3600	36.3600	35.2800	36.2900	31.3483	112538200
Jun 24, 2009	35.3000	35.8700	35.2800	35.5900	30.7436	103314600
Jun 23, 2009	35.1800	35.2600	34.7700	35.0000	30.2340	114903100
Jun 22, 2009	35.8300	35.8900	35.0200	35.0800	30.3031	137714900
Jun 19, 2009	36.0500	36.3600	35.9100	36.1600	31.2360	122044700
Jun 18, 2009	35.8300	36.0600	35.5700	35.8200	30.9043	126266700
Jun 17, 2009	35.7000	36.2100	35.4500	35.8900	30.9647	153421800
Jun 16, 2009	36.0400	36.1900	35.5200	35.5500	30.6714	110550300
Jun 15, 2009	36.3000	36.3300	35.5800	35.9000	30.9733	112152900
Jun 12, 2009	36.6700	36.7200	36.2000	36.6500	31.6204	109452500
Jun 11, 2009	36.7700	37.2300	36.7500	36.8200	31.7671	147909800
Jun 10, 2009	37.1600	37.1700	36.2900	36.8200	31.7671	133404700
Jun 09, 2009	36.8400	37.1700	36.6700	36.9500	31.8792	109187800
Jun 08, 2009	36.5500	36.9500	36.1200	36.6700	31.6376	89194100
Jun 05, 2009	36.9600	37.0800	36.4200	36.7800	31.7326	121958800
Jun 04, 2009	36.4100	36.7900	36.3400	36.7400	31.6980	89280600
Jun 03, 2009	36.3300	36.3700	35.9300	36.3300	31.3443	93329800
Jun 02, 2009	36.1900	36.7900	36.1100	36.4400	31.4392	126858600
Jun 01, 2009	35.7600	36.5000	35.6100	36.3900	31.3961	119126200
May 29, 2009	34.9700	35.5000	34.7600	35.3800	30.5247	111535700
May 28, 2009	34.7600	35.0700	34.2100	34.9500	30.1537	118931300
May 27, 2009	34.6900	35.1900	34.4300	34.5500	29.8086	121348800
May 26, 2009	33.2500	34.8300	33.1800	34.7900	30.0156	144857200
May 22, 2009	33.7800	33.9700	33.3200	33.5400	28.9372	83510600
May 21, 2009	34.0200	34.2600	33.3100	33.6500	29.0321	139253200
May 20, 2009	34.5300	35.0400	34.1800	34.2800	29.5756	131873700
May 19, 2009	34.1600	34.7400	33.9500	34.4000	29.6792	129086400
May 18, 2009	33.6000	34.2800	33.3900	34.2400	29.5411	114333400
May 15, 2009	33.3400	33.8200	33.2300	33.3700	28.7905	121326400
May 14, 2009	33.1000	33.7000	33.0800	33.3900	28.8078	140021700
May 13, 2009	33.6300	33.6500	32.9600	33.0200	28.4886	175548300
May 12, 2009	34.4200	34.4800	33.5200	33.9300	29.2737	147842200
May 11, 2009	33.7900	34.7200	33.6800	34.3500	29.6360	142775900
May 08, 2009	34.4700	34.7400	33.8800	34.2300	29.5325	183507300
May 07, 2009	35.2700	35.2700	33.8800	34.2100	29.5152	216484700
May 06, 2009	35.2900	35.3400	34.4600	35.0300	30.2227	178840500
May 05, 2009	34.9900	35.0600	34.6300	35.0200	30.2141	113569500
May 04, 2009	34.6800	35.0900	34.5200	35.0500	30.2400	119317400
May 01, 2009	34.2700	34.5400	34.0100	34.3700	29.6533	100112000
Apr 30, 2009	34.3900	34.9000	34.0400	34.2800	29.5756	144120400
Apr 29, 2009	33.7500	34.4000	33.7000	33.9400	29.2823	141413600
Apr 28, 2009	33.5200	33.9100	33.3600	33.4800	28.8854	108968000
Apr 27, 2009	33.4200	34.0600	33.3500	33.7300	29.1011	120749100
Apr 24, 2009	33.3400	33.9300	33.0700	33.6900	29.0666	141170000
Apr 23, 2009	33.0000	33.1400	32.4900	33.1100	28.5662	181666600
Apr 22, 2009	32.5000	33.5300	32.3900	32.7900	28.2901	165040500
Apr 21, 2009	32.1200	32.7400	32.0800	32.6900	28.2038	145490200
Apr 20, 2009	32.7100	32.8200	32.0600	32.2400	27.8156	123080500
Apr 17, 2009	33.1700	33.5000	32.9300	33.3100	28.7388	129835400
Apr 16, 2009	32.8500	33.4300	32.5100	33.2400	28.6784	171168000
Apr 15, 2009	32.2600	32.4300	31.8500	32.4000	27.9536	124808200
Apr 14, 2009	32.6900	32.8800	32.2700	32.4900	28.0313	124069000
Apr 13, 2009	32.8400	33.0700	32.5300	32.8900	28.3764	119310500
Apr 09, 2009	32.5500	33.0100	32.4300	32.9400	28.4195	131871500
Apr 08, 2009	31.7300	32.1500	31.4900	31.9500	27.5654	126126000
Apr 07, 2009	31.9200	31.9200	31.2100	31.4200	27.1081	147531200
Apr 06, 2009	31.9900	32.3300	31.6500	32.2700	27.8415	160413700
Apr 03, 2009	32.0900	32.4000	31.8300	32.3500	27.9105	134577300
Apr 02, 2009	31.3200	32.2700	31.2300	31.7600	27.4015	212272400
Apr 01, 2009	29.9400	30.8800	29.7900	30.7700	26.5473	137950000
Mar 31, 2009	30.2900	30.9500	30.2700	30.3200	26.1591	150243800
Mar 30, 2009	30.3000	30.3200	29.6200	30.0600	25.9348	162919700
Mar 27, 2009	31.0000	31.1800	30.7100	30.8200	26.5905	156108100
Mar 26, 2009	30.8000	31.4600	30.4200	31.4100	27.0995	182459500
Mar 25, 2009	30.5900	31.0500	29.6600	30.4700	26.2885	190555200
Mar 24, 2009	30.6400	30.8800	30.3100	30.3300	26.1677	118757600
Mar 23, 2009	29.9000	30.9400	29.2000	30.9000	26.6595	179499000
Mar 20, 2009	29.6900	30.0300	28.9800	29.1800	25.1755	149410800
Mar 19, 2009	30.1100	30.1300	29.4600	29.6800	25.5646	146753400
Mar 18, 2009	29.2100	30.2000	29.0800	29.7000	25.5819	208033900
Mar 17, 2009	28.4000	29.3300	28.3000	29.3300	25.2632	169773800
Mar 16, 2009	28.9300	28.9800	28.1900	28.2600	24.3415	190269800
Mar 13, 2009	28.6600	28.8400	28.3200	28.7400	24.7550	156783500
Mar 12, 2009	27.7300	28.7600	27.4400	28.6700	24.6947	184395100
Mar 11, 2009	27.6100	27.9900	27.2600	27.7500	23.9022	173094900
Mar 10, 2009	26.2500	27.3900	26.1600	27.3300	23.5405	175068200
Mar 09, 2009	26.0900	26.8100	25.6300	25.7400	22.1710	181098800
Mar 06, 2009	26.6500	26.8100	25.7100	26.3000	22.6533	218421600
Mar 05, 2009	27.0300	27.2400	26.4200	26.5100	22.8342	199626900
Mar 04, 2009	27.0100	27.7100	26.9200	27.3300	23.5405	164911000
Mar 03, 2009	26.8600	27.1600	26.4200	26.6200	22.9289	158758800
Mar 02, 2009	27.1200	27.5100	26.4700	26.6400	22.9462	188180400
Feb 27, 2009	27.5000	27.9800	27.3900	27.5300	23.7127	204492600
Feb 26, 2009	28.7800	28.9500	27.7000	27.7900	23.9367	211218500
Feb 25, 2009	28.6100	29.1700	28.1400	28.5900	24.6258	220224700
Feb 24, 2009	28.0100	28.9800	27.9600	28.7800	24.7894	181337300
Feb 23, 2009	29.0300	29.0500	27.7300	27.8600	23.9970	169473500
Feb 20, 2009	28.4700	29.1500	28.3900	28.8700	24.8670	210752400
Feb 19, 2009	29.4200	29.6100	28.7200	28.7900	24.7980	155322400
Feb 18, 2009	29.4100	29.6700	28.8700	29.2400	25.1857	161271900
Feb 17, 2009	29.4900	29.6700	29.0600	29.2200	25.1684	157783300
Feb 13, 2009	30.4800	30.7800	30.2900	30.4300	26.2106	145066700
Feb 12, 2009	29.8500	30.6100	29.6400	30.5700	26.3312	201151400
Feb 11, 2009	30.3800	30.5300	29.7300	30.2000	26.0125	169117200
Feb 10, 2009	31.3000	31.6800	30.1000	30.3400	26.1331	232795200
Feb 09, 2009	31.3900	31.6700	31.1900	31.5000	27.1323	98856900
Feb 06, 2009	30.6800	31.5100	30.5800	31.3700	27.0203	164513200
Feb 05, 2009	29.4800	30.7700	29.4600	30.5700	26.3312	217578900
Feb 04, 2009	29.9400	30.8700	29.7900	29.9100	25.7627	175780900
Feb 03, 2009	29.4700	30.4300	29.0300	29.8700	25.7283	120541100
Feb 02, 2009	28.7800	29.6100	28.7400	29.4100	25.3321	126796100
Jan 30, 2009	29.8000	29.9300	28.9400	29.0600	25.0306	140334200
Jan 29, 2009	29.9800	30.4000	29.4800	29.5800	25.4785	130731800
Jan 28, 2009	29.8100	30.6500	29.8100	30.3500	26.1417	139722800
Jan 27, 2009	29.1200	29.5700	29.1200	29.3200	25.2546	110591300
Jan 26, 2009	28.9400	29.5900	28.7500	29.1100	25.0737	140398700
Jan 23, 2009	28.2900	29.3500	28.1400	28.9000	24.8928	170164100
Jan 22, 2009	28.5200	29.2300	28.2600	28.7600	24.7722	200602700
Jan 21, 2009	28.4300	29.1900	28.1000	29.1500	25.1081	149179600
Jan 20, 2009	29.3000	29.4300	27.9600	27.9600	24.0831	135105800
Jan 16, 2009	29.5000	29.6000	28.7000	29.4200	25.3407	175478100
Jan 15, 2009	28.5700	29.3400	28.0700	29.1000	25.0651	192567200
Jan 14, 2009	29.1900	29.2800	28.4700	28.6300	24.6602	136294000
Jan 13, 2009	29.5100	29.9800	29.1800	29.5300	25.4354	186266700
Jan 12, 2009	30.1100	30.1500	29.2000	29.5200	25.4268	102726200
Jan 09, 2009	30.7700	30.7900	29.9200	30.0700	25.9006	117137900
Jan 08, 2009	30.3800	30.8000	30.0800	30.7600	26.4949	131926600
Jan 07, 2009	30.7300	30.9000	30.1900	30.4400	26.2193	133879800
Jan 06, 2009	31.2500	31.6300	31.1100	31.3300	26.9859	136791700
Jan 05, 2009	30.8300	31.3300	30.5900	31.0200	26.7188	91751900
Jan 02, 2009	29.7500	31.1300	29.6900	31.0300	26.7275	107891500
Dec 31, 2008	29.4600	30.0800	29.4500	29.7400	25.6163	89189700
Dec 30, 2008	28.9700	29.5900	28.9400	29.4900	25.4010	77089500
Dec 29, 2008	29.2100	29.2400	28.4600	28.8900	24.8842	52688300
Dec 26, 2008	29.2000	29.2300	28.9700	29.1300	25.0909	20937000
Dec 24, 2008	29.2000	29.2100	28.9800	29.1400	25.0995	27194700
Dec 23, 2008	29.3300	29.6200	28.8900	29.0600	25.0306	68764800
Dec 22, 2008	29.8600	29.9200	28.7400	29.2100	25.1598	95379600
Dec 19, 2008	29.9300	30.3700	29.6600	29.8600	25.7197	118308900
Dec 18, 2008	30.1900	30.4000	29.3600	29.6600	25.5104	142656400
Dec 17, 2008	30.2500	30.6000	29.8200	30.1900	25.9662	159813500
Dec 16, 2008	29.4200	30.6600	29.1000	30.5600	26.2845	169300100
Dec 15, 2008	29.7300	29.7600	28.7400	29.1600	25.0803	107887000
Dec 12, 2008	28.6900	29.8600	28.4700	29.6800	25.5276	158600100
Dec 11, 2008	29.8100	30.2700	28.9400	29.0900	25.0201	167161400
Dec 10, 2008	30.1000	30.4600	29.6200	29.9100	25.7254	162335100
Dec 09, 2008	29.6800	30.8300	29.5700	30.0100	25.8114	178148300
Dec 08, 2008	29.5900	30.4600	29.4400	30.0800	25.8716	185782500
Dec 05, 2008	27.5000	29.0700	26.9500	28.9400	24.8911	212283700
Dec 04, 2008	28.1700	28.7800	27.3200	27.8100	23.9192	188868700
Dec 03, 2008	27.1300	28.7100	27.0700	28.6200	24.6159	230944900
Dec 02, 2008	27.3000	27.8900	26.8400	27.8300	23.9364	181743000
Dec 01, 2008	28.5000	28.5100	26.8900	26.9300	23.1623	149161500
Nov 28, 2008	29.0200	29.1900	28.8300	29.1200	25.0459	41238200
Nov 26, 2008	27.8800	29.3600	27.8100	29.3500	25.2437	164912000
Nov 25, 2008	28.6100	28.6400	27.5200	28.1700	24.2288	202968700
Nov 24, 2008	27.2200	28.6400	26.9800	28.3000	24.3407	225058200
Nov 21, 2008	26.0100	26.6800	25.0500	26.6700	22.9387	282746800
Nov 20, 2008	26.5300	27.4500	25.4700	25.5600	21.9840	342472400
Nov 19, 2008	28.4000	28.7800	26.7900	26.8600	23.1021	244180600
Nov 18, 2008	28.5600	28.7500	27.3900	28.3400	24.3751	252661800
Nov 17, 2008	28.4900	29.2300	28.2600	28.3700	24.4009	202835200
Nov 14, 2008	29.7800	30.4200	28.8700	28.9800	24.9255	259407000
Nov 13, 2008	28.6100	30.5300	27.2800	30.4600	26.1984	317943900
Nov 12, 2008	29.6500	29.8000	28.6500	28.7100	24.6933	184946400
Nov 11, 2008	30.4800	30.7600	29.7200	30.1000	25.8888	162869800
Nov 10, 2008	31.9700	31.9700	30.4000	30.7700	26.4651	142584500
Nov 07, 2008	30.9200	31.4800	30.5900	31.1900	26.8263	176946200
Nov 06, 2008	31.4900	31.8700	30.4000	30.5600	26.2845	220677200
Nov 05, 2008	33.5300	33.6000	31.9200	31.9900	27.5144	183893900
Nov 04, 2008	33.4600	34.0100	32.9800	33.7500	29.0282	182487600
Nov 03, 2008	32.8100	33.2900	32.5100	32.8200	28.2283	128455500
Oct 31, 2008	32.3700	33.4300	32.0900	32.8900	28.2885	224261000
Oct 30, 2008	32.6700	33.0600	31.9800	32.8400	28.2455	255292100
Oct 29, 2008	31.9100	33.0800	31.2500	31.7800	27.3338	341316000
Oct 28, 2008	29.6800	31.8800	28.8500	31.8600	27.4026	327239500
Oct 27, 2008	29.1700	30.2000	28.6600	28.6900	24.6761	239302300
Oct 24, 2008	28.2300	30.2500	28.0900	29.5100	25.3814	322129500
Oct 23, 2008	30.4900	31.0900	28.9000	30.4900	26.2243	377966900
Oct 22, 2008	31.3700	31.6000	29.7100	30.6100	26.3275	289993600
Oct 21, 2008	32.6600	33.2600	31.4800	31.4800	27.0758	239932400
Oct 20, 2008	32.7600	33.2600	31.7000	33.2000	28.5551	232783400
Oct 17, 2008	31.6700	33.6500	31.4100	32.3000	27.7810	326571300
Oct 16, 2008	30.8100	32.2700	29.2500	32.2600	27.7466	494783500
Oct 15, 2008	33.2300	33.3500	30.5400	30.6000	26.3189	312088500
Oct 14, 2008	36.1500	36.1500	33.1900	33.6100	28.9077	341595900
Oct 13, 2008	32.8600	35.2500	32.4000	35.1300	30.2151	276998700
Oct 10, 2008	30.5200	32.4800	29.3800	31.3200	26.9381	472339100
Oct 09, 2008	33.1500	33.6800	30.9700	31.5200	27.1101	352433900
Oct 08, 2008	31.9500	34.1200	31.8400	32.3900	27.8584	452066500
Oct 07, 2008	35.1400	35.2000	32.2700	32.6500	28.0821	329365700
Oct 06, 2008	35.2600	35.5300	32.9100	34.8600	29.9829	394046600
Oct 03, 2008	37.2600	38.1800	36.1000	36.1800	31.1182	272116100
Oct 02, 2008	38.2500	38.2500	36.6400	36.7500	31.6084	192124000
Oct 01, 2008	38.8400	38.9700	38.0300	38.5000	33.1136	174033300
Sep 30, 2008	37.7200	39.3000	37.6000	38.9100	33.4662	195436700
Sep 29, 2008	40.2600	40.3800	37.1800	37.8200	32.5287	307954400
Sep 26, 2008	40.3100	41.4900	40.2200	41.0800	35.3326	182678600
Sep 25, 2008	41.2300	42.0200	41.0300	41.5000	35.6939	148586800
Sep 24, 2008	40.8100	41.2600	40.5200	40.8500	35.1348	159270800
Sep 23, 2008	41.2000	41.7500	40.4400	40.5700	34.8940	184011200
Sep 22, 2008	42.7400	42.8400	40.8000	40.8800	35.1606	164698200
Sep 19, 2008	43.7700	43.8300	42.1000	42.9000	36.8980	263394000
Sep 18, 2008	41.1000	41.9700	39.5000	41.5700	35.7300	423934000
Sep 17, 2008	41.8700	42.4200	40.1900	40.2100	34.5611	340088000
Sep 16, 2008	41.4800	42.8400	41.4300	42.4100	36.4520	349506500
Sep 15, 2008	42.4000	43.2900	42.0300	42.0800	36.1684	616772300
Sep 12, 2008	43.2300	43.7100	42.9000	43.4300	37.3287	172094300
Sep 11, 2008	42.2000	43.6900	42.1700	43.6000	37.4748	203398200
Sep 10, 2008	42.8600	43.1800	42.4500	42.8000	36.7872	160658100
Sep 09, 2008	43.3500	43.7900	42.3500	42.4500	36.4864	214180600
Sep 08, 2008	44.0200	44.2200	42.6800	43.3700	37.2771	311065100
Sep 05, 2008	43.2800	43.7800	42.8100	43.4500	37.3459	247977500
Sep 04, 2008	44.8600	44.9100	43.6600	43.6600	37.5264	219004700
Sep 03, 2008	45.4500	45.6400	44.7900	45.1200	38.7813	161682900
Sep 02, 2008	46.8700	47.0800	45.3400	45.5500	39.1509	162277500
Aug 29, 2008	46.6100	47.1200	45.9200	46.1200	39.6408	133184300
Aug 28, 2008	46.9200	47.2800	46.8300	47.1100	40.4917	112808600
Aug 27, 2008	46.4500	47.0900	46.2900	46.7300	40.1651	108489900
Aug 26, 2008	46.5200	46.7700	46.1200	46.4300	39.9072	107225500
Aug 25, 2008	47.1600	47.2100	46.3700	46.4900	39.9588	128076500
Aug 22, 2008	47.1200	47.6800	47.0800	47.4900	40.8183	96515500
Aug 21, 2008	46.7400	47.0800	46.3800	46.8700	40.2854	118916200
Aug 20, 2008	47.3400	47.5600	46.7400	47.0900	40.4745	155466700
Aug 19, 2008	47.3600	47.5900	46.7500	47.0100	40.4058	155410600
Aug 18, 2008	48.3000	48.3100	47.2600	47.6000	40.9129	151399100
Aug 15, 2008	48.3300	48.5700	47.9600	48.1600	41.3942	123115900
Aug 14, 2008	47.5400	48.4600	47.4900	48.2500	41.4716	158069200
Aug 13, 2008	47.7200	48.1200	47.2500	47.7000	40.9988	169652100
Aug 12, 2008	47.7400	48.1600	47.5100	47.8000	41.0848	140549300
Aug 11, 2008	47.3000	48.2800	47.1400	47.7500	41.0418	157290100
Aug 08, 2008	46.2400	47.4400	46.1500	47.3200	40.6722	143121500
Aug 07, 2008	46.3500	46.8500	46.0800	46.2700	39.7697	152805800
Aug 06, 2008	45.9500	46.8100	45.5800	46.6300	40.0792	133463700
Aug 05, 2008	44.8900	45.9700	44.8400	45.9300	39.4775	151657400
Aug 04, 2008	44.8700	44.9200	44.3000	44.4300	38.1882	116298000
Aug 01, 2008	45.5100	45.5500	44.4000	44.8800	38.5750	180350400
Jul 31, 2008	45.1200	46.1500	45.0200	45.4600	39.0735	180473100
Jul 30, 2008	45.4700	45.8200	44.8800	45.5700	39.1681	165679900
Jul 29, 2008	44.6100	45.5400	44.5700	45.3400	38.9704	142290900
Jul 28, 2008	45.2600	45.5200	44.2100	44.4200	38.1796	124028500
Jul 25, 2008	44.9800	45.4800	44.7600	45.2700	38.9102	111616700
Jul 24, 2008	45.5800	45.6100	44.6500	44.6900	38.4117	145561000
Jul 23, 2008	44.8500	45.8900	44.7200	45.3700	38.9962	169259100
Jul 22, 2008	44.0300	44.8100	43.8600	44.7800	38.4890	152524500
Jul 21, 2008	45.0000	45.1900	44.4900	44.7800	38.4890	128107800
Jul 18, 2008	45.1400	45.1700	44.5900	44.5900	38.3258	160661000
Jul 17, 2008	45.6100	45.8200	44.9800	45.6400	39.2282	197555100
Jul 16, 2008	44.3600	45.3800	43.9200	45.3400	38.9704	186047800
Jul 15, 2008	44.0100	44.9300	43.3000	44.2400	38.0249	283891100
Jul 14, 2008	45.1400	45.1800	44.0700	44.2300	38.0163	177389800
Jul 11, 2008	44.8100	45.2700	43.8500	44.5600	38.2999	265514700
Jul 10, 2008	44.8200	45.4200	44.3800	45.2800	38.9188	238811500
Jul 09, 2008	45.9600	46.0300	44.7300	44.7500	38.4633	168500300
Jul 08, 2008	44.9500	46.0100	44.7700	45.9700	39.5119	206151200
Jul 07, 2008	45.0400	45.4600	44.2400	44.9000	38.5922	181011300
Jul 03, 2008	44.9800	45.0800	44.2800	44.6300	38.3601	123118300
Jul 02, 2008	45.9500	46.1300	44.6400	44.7100	38.4289	199576400
Jul 01, 2008	44.8100	45.8600	44.6800	45.8100	39.3744	245494300
Jun 30, 2008	45.5100	45.8300	45.1500	45.1700	38.8243	132912400
Jun 27, 2008	45.6000	45.9000	44.9700	45.6500	39.2368	181351800
Jun 26, 2008	46.6900	46.7000	45.6400	45.6500	39.2368	190028300
Jun 25, 2008	47.0100	48.0000	46.9400	47.5700	40.8871	179023400
Jun 24, 2008	46.8300	47.3700	46.4100	46.8100	40.2339	178293800
Jun 23, 2008	47.6100	47.7400	46.9800	47.0500	40.4401	131488800
Jun 20, 2008	48.3300	48.3500	47.2100	47.4200	40.7582	197434200
Jun 19, 2008	47.9300	49.0100	47.6100	48.7700	41.8893	221304200
Jun 18, 2008	48.2600	48.4500	47.8300	48.0200	41.2451	169338100
Jun 17, 2008	48.9500	49.0600	48.4700	48.5400	41.6917	122932000
Jun 16, 2008	48.1200	49.0200	48.0700	48.8000	41.9150	136343900
Jun 13, 2008	47.7100	48.4700	47.4600	48.3700	41.5457	167855000
Jun 12, 2008	47.7100	48.1100	47.0000	47.4200	40.7298	189913200
Jun 11, 2008	48.4400	48.5200	47.3500	47.3700	40.6868	170366900
Jun 10, 2008	48.2700	48.9400	48.1600	48.5400	41.6917	162798500
Jun 09, 2008	49.1300	49.1900	47.9500	48.7700	41.8893	208897300
Jun 06, 2008	50.1100	50.2100	49.0200	49.0300	42.1126	189136000
Jun 05, 2008	49.8900	50.6100	49.7000	50.5500	43.4182	126653700
Jun 04, 2008	48.9800	50.1000	48.9400	49.7600	42.7396	174870800
Jun 03, 2008	49.5900	49.9000	48.6700	49.1300	42.1985	167606900
Jun 02, 2008	49.9200	49.9200	48.9600	49.4000	42.4304	144359900
May 30, 2008	49.8800	50.2400	49.7500	50.0100	42.9543	94153600
May 29, 2008	49.2800	49.9700	49.2500	49.6900	42.6795	143993000
May 28, 2008	49.2800	49.3600	48.7500	49.2500	42.3016	121363000
May 27, 2008	48.3000	49.1100	48.2900	49.0500	42.1298	106984300
May 23, 2008	48.1800	48.3500	47.8200	48.2000	41.3997	121698400
May 22, 2008	48.3000	48.6900	48.1100	48.3500	41.5285	153198200
May 21, 2008	49.3300	49.6000	48.0200	48.1800	41.3825	192806700
May 20, 2008	49.4700	49.4700	48.8900	49.2700	42.3187	137163700
May 19, 2008	50.0500	50.4700	49.3400	49.6500	42.6451	140048700
May 16, 2008	50.0700	50.1100	49.4500	50.0100	42.9543	146563200
May 15, 2008	49.1200	50.0200	48.9800	49.9700	42.9200	157248900
May 14, 2008	49.4100	49.9300	49.0400	49.1100	42.1813	143598200
May 13, 2008	49.1100	49.3300	48.7600	49.2200	42.2758	85448100
May 12, 2008	48.2800	49.1900	48.2000	49.0900	42.1641	89606500
May 09, 2008	48.0400	48.4600	47.9000	48.2100	41.4083	97062000
May 08, 2008	48.2400	48.7000	48.0600	48.4000	41.5715	128058700
May 07, 2008	48.9400	49.2300	47.8700	48.0400	41.2623	140008300
May 06, 2008	48.4900	49.1300	48.1400	48.9300	42.0267	139582600
May 05, 2008	48.7700	49.0300	48.4000	48.6300	41.7690	75624700
May 02, 2008	49.1600	49.1900	48.3400	48.7700	41.8893	124990000
May 01, 2008	47.2300	48.7200	47.2200	48.7000	41.8292	143596900
Apr 30, 2008	47.7000	48.0600	47.0300	47.2100	40.5494	132152700
Apr 29, 2008	47.1500	47.7600	47.0600	47.6000	40.8843	91270600
Apr 28, 2008	47.2600	47.6200	47.1300	47.2400	40.5751	71244000
Apr 25, 2008	47.3200	47.3500	46.5700	47.1500	40.4978	121945400
Apr 24, 2008	46.8700	47.7900	46.3900	47.2700	40.6009	166509000
Apr 23, 2008	46.6800	47.0600	46.2700	46.8500	40.2402	131086200
Apr 22, 2008	46.7500	46.7700	45.9300	46.3400	39.8021	104689600
Apr 21, 2008	46.6200	47.0800	46.4900	47.0400	40.4033	83303200
Apr 18, 2008	46.4700	46.9300	46.2200	46.7100	40.1199	133022500
Apr 17, 2008	45.4200	45.4700	44.9800	45.2700	38.8831	124953100
Apr 16, 2008	44.6900	45.4800	44.6500	45.3700	38.9690	134027900
Apr 15, 2008	44.2400	44.3500	43.6800	44.1400	37.9125	124232300
Apr 14, 2008	44.2100	44.4800	43.9500	44.0800	37.8610	89274600
Apr 11, 2008	45.0200	45.1000	44.1200	44.2800	38.0328	120135400
Apr 10, 2008	44.9300	45.8400	44.9300	45.5400	39.1150	112773800
Apr 09, 2008	45.4700	45.4900	44.6300	44.9000	38.5653	127182300
Apr 08, 2008	45.4100	45.7200	45.1800	45.4100	39.0033	97435200
Apr 07, 2008	46.1400	46.4100	45.6500	45.7600	39.3039	102297100
Apr 04, 2008	45.7700	46.3500	45.4000	45.8600	39.3899	139261000
Apr 03, 2008	45.2900	45.9100	45.1400	45.5900	39.1579	140033800
Apr 02, 2008	45.7000	46.0200	45.1700	45.4900	39.0720	132486800
Apr 01, 2008	44.4200	45.6100	44.4100	45.5900	39.1579	137494400
Mar 31, 2008	43.6500	44.0200	43.4500	43.7200	37.5518	113644800
Mar 28, 2008	44.0200	44.3400	43.3300	43.4900	37.3542	111822300
Mar 27, 2008	44.4400	44.5100	43.7100	43.7100	37.5432	143868600
Mar 26, 2008	44.6700	44.8500	44.2800	44.7000	38.3935	124824600
Mar 25, 2008	44.7000	45.0700	44.2800	44.8300	38.5051	118107500
Mar 24, 2008	43.2800	44.7600	43.2800	44.5800	38.2904	125018000
Mar 20, 2008	42.3500	43.1000	42.1000	43.0900	37.0107	128397000
Mar 19, 2008	43.5100	43.6000	42.2300	42.2600	36.2694	216157200
Mar 18, 2008	42.2400	43.3400	42.1100	43.3300	37.1877	216300400
Mar 17, 2008	41.2900	42.0100	41.0500	41.4800	35.6000	193130600
Mar 14, 2008	43.3300	43.3800	41.7400	42.2500	36.2608	309589800
Mar 13, 2008	42.2300	43.3300	41.8100	43.0400	36.9388	208967900
Mar 12, 2008	43.0000	43.4400	42.6000	42.7100	36.6556	155566100
Mar 11, 2008	41.8600	42.8500	41.5100	42.8300	36.7586	196755300
Mar 10, 2008	42.0100	42.1400	41.1700	41.2600	35.4112	146801900
Mar 07, 2008	41.9200	42.6400	41.3800	42.0700	36.1063	242552400
Mar 06, 2008	43.0900	43.2700	42.1000	42.1700	36.1922	152752200
Mar 05, 2008	42.9900	43.5400	42.7500	43.1200	37.0075	183208300
Mar 04, 2008	42.4000	43.0400	42.0200	42.9100	36.8273	183851000
Mar 03, 2008	42.9200	42.9900	42.2400	42.6700	36.6213	132963800
Feb 29, 2008	43.6500	43.7700	42.8500	42.9500	36.8616	188724500
Feb 28, 2008	44.1200	44.5300	43.9500	44.1200	37.8657	129196700
Feb 27, 2008	43.7700	44.4600	43.6700	44.2900	38.0117	125682600
Feb 26, 2008	43.6500	44.4800	43.3700	44.0700	37.8228	148375900
Feb 25, 2008	43.6300	44.0700	43.3400	43.9000	37.6769	121444300
Feb 22, 2008	43.6700	43.6900	42.6000	43.6800	37.4881	157364700
Feb 21, 2008	44.3600	44.4700	43.3400	43.5200	37.3508	127857000
Feb 20, 2008	43.2600	44.0900	43.2400	43.9400	37.7113	137338800
Feb 19, 2008	44.4000	44.5000	43.2700	43.7400	37.5396	110507600
Feb 15, 2008	43.7300	43.9800	43.4500	43.8200	37.6083	100053300
Feb 14, 2008	44.8500	44.8500	43.8900	43.9700	37.7370	170868900
Feb 13, 2008	44.3900	44.8800	44.1600	44.7800	38.4322	148685900
Feb 12, 2008	44.3400	44.6800	43.5100	43.8200	37.6083	145412400
Feb 11, 2008	43.7700	44.2200	43.5400	44.0700	37.8228	119562300
Feb 08, 2008	43.2000	43.7700	42.9400	43.6000	37.4194	173781300
Feb 07, 2008	42.3300	43.7900	42.1500	43.1100	36.9989	286254800
Feb 06, 2008	43.9200	44.1700	42.7700	42.8100	36.7415	178285000
Feb 05, 2008	44.1700	44.6000	43.6400	43.6700	37.4796	188990400
Feb 04, 2008	45.5800	45.6100	44.9400	44.9500	38.5781	100209900
Feb 01, 2008	45.5000	45.8800	44.8800	45.5900	39.1274	161920300
Jan 31, 2008	43.8700	45.5900	43.8200	45.1300	38.7326	246824100
Jan 30, 2008	44.2500	45.3200	44.1800	44.3700	38.0803	220824400
Jan 29, 2008	44.5600	44.6800	44.0400	44.4100	38.1146	138520000
Jan 28, 2008	44.0200	44.4400	43.5700	44.3300	38.0460	163711200
Jan 25, 2008	45.8700	45.8700	43.9400	43.9900	37.7542	199299100
Jan 24, 2008	44.1900	44.9300	44.0600	44.9100	38.5437	250249100
Jan 23, 2008	42.5400	44.1500	41.6100	44.0100	37.7713	390129000
Jan 22, 2008	42.8300	44.7700	42.7300	44.1800	37.9172	325732000
Jan 18, 2008	45.6400	46.1400	44.9800	45.3500	38.9214	273063300
Jan 17, 2008	46.2400	46.5800	45.2000	45.4100	38.9729	254098800
Jan 16, 2008	46.1900	46.9100	45.4600	46.0500	39.5222	265625900
Jan 15, 2008	47.3700	47.5200	46.3500	46.5500	39.9513	241094900
Jan 14, 2008	47.6900	48.0100	47.3100	47.8700	41.0842	168048500
Jan 11, 2008	47.7300	47.7700	46.7000	47.0500	40.3804	211685200
Jan 10, 2008	47.4300	48.4100	47.2900	47.9900	41.1871	249958500
Jan 09, 2008	47.1100	47.9600	46.4600	47.9200	41.1271	254011800
Jan 08, 2008	48.2700	48.7600	46.9200	46.9200	40.2688	261669800
Jan 07, 2008	48.4000	48.6000	47.4300	48.1700	41.3416	235083600
Jan 04, 2008	49.8100	49.8300	48.2100	48.4000	41.5390	212617600
Jan 03, 2008	50.4100	50.7600	50.1500	50.6200	43.4443	114103700
Jan 02, 2008	51.2700	51.4700	50.1300	50.4100	43.2641	152344100
Dec 31, 2007	51.5700	51.6800	51.2100	51.2200	43.9593	70135600
Dec 28, 2007	52.0400	52.1600	51.4300	51.8200	44.4742	67545400
Dec 27, 2007	52.3300	52.5000	51.7100	51.8700	44.5171	65778900
Dec 26, 2007	52.1300	52.6300	52.0000	52.5000	45.0578	58492100
Dec 24, 2007	52.0100	52.4000	51.9500	52.2400	44.8347	34499800
Dec 21, 2007	51.6800	51.9000	51.4800	51.8500	44.5000	107573500
Dec 20, 2007	50.6200	50.9600	50.2000	50.9000	43.6391	167341700
Dec 19, 2007	49.8900	50.2000	49.6100	49.8800	42.7647	137970900
Dec 18, 2007	50.2400	50.2700	49.1800	49.8900	42.7732	154251700
Dec 17, 2007	50.7800	50.9900	49.7100	49.7300	42.6361	134377000
Dec 14, 2007	51.0900	51.6000	50.9200	50.9700	43.6992	128396700
Dec 13, 2007	51.3300	51.6300	50.9800	51.5000	44.1536	153476200
Dec 12, 2007	52.2500	52.4300	50.8900	51.7800	44.3936	162975200
Dec 11, 2007	52.6200	52.8400	51.2100	51.3200	43.9992	167064300
Dec 10, 2007	52.4600	52.6900	52.3200	52.5400	45.0452	75657900
Dec 07, 2007	52.2900	52.5400	52.0800	52.3300	44.8652	88992300
Dec 06, 2007	51.6300	52.3700	51.6100	52.3200	44.8566	99724500
Dec 05, 2007	51.2000	52.0000	51.1600	51.5800	44.2222	137614200
Dec 04, 2007	50.4900	50.9400	50.3800	50.6700	43.4420	113374100
Dec 03, 2007	51.0900	51.5300	50.8200	50.8800	43.6220	108625700
Nov 30, 2007	52.2100	52.2500	50.9500	51.3100	43.9907	171417400
Nov 29, 2007	51.2800	51.8900	51.2000	51.7000	44.3250	172087300
Nov 28, 2007	50.6300	51.7000	50.6000	51.4800	44.1364	216868100
Nov 27, 2007	49.4000	50.0500	49.1000	49.9600	42.8332	211369300
Nov 26, 2007	49.9700	50.3700	48.9000	48.9800	41.9930	150352100
Nov 23, 2007	49.6300	49.9700	49.3700	49.8400	42.7304	46463300
Nov 21, 2007	49.4500	50.1700	48.8500	49.3100	42.2760	212225400
Nov 20, 2007	49.9600	50.7800	48.9300	49.9000	42.7818	300763600
Nov 19, 2007	50.1600	50.4500	49.4100	49.7000	42.6104	198651100
Nov 16, 2007	50.1600	50.4900	49.3400	50.2800	43.1076	263623700
Nov 15, 2007	50.0000	50.5400	49.3700	49.8200	42.7132	251548800
Nov 14, 2007	51.3900	51.4400	49.9000	50.0900	42.9447	263284100
Nov 13, 2007	49.3900	50.7900	49.3500	50.7400	43.5020	255625900
Nov 12, 2007	49.9200	50.2400	48.6500	48.7300	41.7787	283216000
Nov 09, 2007	50.7300	51.1200	50.0000	50.0000	42.8675	309414900
Nov 08, 2007	53.1400	53.3300	50.8000	51.7300	44.3507	380626400
Nov 07, 2007	54.2200	54.5800	53.3100	53.3500	45.7397	197908200
Nov 06, 2007	54.3300	54.6900	53.7800	54.6800	46.8799	131884700
Nov 05, 2007	53.8600	54.4000	53.5900	54.0700	46.3570	150588900
Nov 02, 2007	54.4200	54.5500	53.6000	54.4200	46.6570	217882900
Nov 01, 2007	54.6800	54.7700	53.9700	54.0000	46.2969	181974200
Oct 31, 2007	54.4700	55.0700	54.0400	55.0300	47.1800	148431900
Oct 30, 2007	53.9400	54.5600	53.9000	54.2600	46.5199	114616600
Oct 29, 2007	54.1900	54.3300	53.8400	54.1500	46.4255	101896600
Oct 26, 2007	54.0800	54.2000	53.4400	53.9300	46.2369	146690300
Oct 25, 2007	53.8900	53.9800	52.7500	53.0500	45.4825	233833100
Oct 24, 2007	53.7400	53.9400	52.6000	53.7700	46.0997	298293400
Oct 23, 2007	53.6100	54.2100	53.3400	54.1800	46.4513	162360600
Oct 22, 2007	52.1600	53.1200	52.0200	53.0700	45.4996	207052100
Oct 19, 2007	53.7700	53.7700	52.3900	52.4400	44.9595	245111500
Oct 18, 2007	53.3300	53.8900	53.1200	53.7800	46.1083	144491200
Oct 17, 2007	53.6200	53.6600	52.6800	53.5500	45.9111	183985200
Oct 16, 2007	52.7900	53.2800	52.6800	52.8700	45.3281	193676600
Oct 15, 2007	53.6100	53.7100	52.7000	53.1200	45.5425	121578700
Oct 12, 2007	52.9000	53.5400	52.8000	53.5300	45.8940	131676000
Oct 11, 2007	53.7900	53.9400	52.2800	52.6600	45.1481	239786700
Oct 10, 2007	53.3900	53.5700	53.2100	53.5100	45.8768	91777500
Oct 09, 2007	53.2700	53.4500	53.0300	53.3800	45.7654	93965600
Oct 08, 2007	52.8000	53.1600	52.7100	53.1500	45.5682	63022400
Oct 05, 2007	52.1700	52.9000	52.0600	52.8200	45.2853	115674700
Oct 04, 2007	51.7500	51.8300	51.3400	51.7700	44.3850	84129300
Oct 03, 2007	51.8400	52.0700	51.5000	51.6500	44.2822	106785000
Oct 02, 2007	52.0400	52.0600	51.7200	52.0100	44.5908	71046000
Oct 01, 2007	51.4500	52.1600	51.3800	52.0000	44.5822	100404100
Sep 28, 2007	51.5400	51.6800	51.1800	51.4100	44.0764	75546000
Sep 27, 2007	51.6200	51.6500	51.3600	51.5800	44.2222	73423200
Sep 26, 2007	51.3600	51.5100	51.1200	51.3200	43.9992	96124600
Sep 25, 2007	50.4200	51.0700	50.3600	51.0700	43.7849	101102200
Sep 24, 2007	50.4900	50.9600	50.3300	50.5900	43.3734	107226800
Sep 21, 2007	50.2800	50.5200	50.0100	50.3600	43.1762	86829500
Sep 20, 2007	50.0600	50.2600	49.9200	50.0300	42.8710	109970600
Sep 19, 2007	50.2900	50.5900	49.9800	50.1700	42.9909	127025800
Sep 18, 2007	49.0900	50.0800	48.8300	50.0400	42.8795	151452100
Sep 17, 2007	49.0000	49.1000	48.5900	48.8100	41.8256	84882300
Sep 14, 2007	48.8000	49.3100	48.7300	49.2200	42.1769	99801200
Sep 13, 2007	49.2900	49.3500	48.9400	49.1800	42.1426	80807500
Sep 12, 2007	48.8400	49.3700	48.7800	48.9400	41.9369	93993400
Sep 11, 2007	48.5100	48.9900	48.4300	48.9300	41.9284	103064500
Sep 10, 2007	48.6200	48.7500	47.8100	48.2000	41.3028	125199400
Sep 07, 2007	48.5300	48.6000	47.9500	48.2300	41.3285	152438000
Sep 06, 2007	49.2300	49.3600	48.8100	49.1400	42.1083	99222600
Sep 05, 2007	49.5600	49.6500	48.8700	49.1800	42.1426	114049300
Sep 04, 2007	48.9300	50.0000	48.9100	49.6800	42.5711	98480900
Aug 31, 2007	48.8600	49.0600	48.6100	48.8700	41.8769	94687200
Aug 30, 2007	47.8300	48.7400	47.7500	48.3300	41.4142	138930000
Aug 29, 2007	47.0500	48.1200	47.0500	48.0800	41.2000	113201000
Aug 28, 2007	47.6000	47.7000	46.7100	46.7400	40.0518	106024800
Aug 27, 2007	48.0600	48.2000	47.8400	47.8800	41.0286	72490400
Aug 24, 2007	47.3800	48.2300	47.3200	48.2000	41.3028	88189200
Aug 23, 2007	47.7900	47.8500	47.2300	47.5300	40.7287	118663400
Aug 22, 2007	47.3800	47.7000	47.2700	47.6600	40.8401	115814100
Aug 21, 2007	46.4800	47.1300	46.3900	47.0200	40.2917	115027200
Aug 20, 2007	46.4900	46.7200	46.0800	46.5300	39.8718	144715100
Aug 17, 2007	46.3100	46.5900	45.5900	46.3100	39.6833	223246600
Aug 16, 2007	45.5300	45.9100	44.3900	45.4500	38.9463	362468700
Aug 15, 2007	46.6800	47.0900	45.8100	45.9000	39.3320	214854100
Aug 14, 2007	47.7000	47.7400	46.7300	46.7900	40.0946	153529800
Aug 13, 2007	47.6800	47.8800	47.4800	47.6000	40.7887	116935100
Aug 10, 2007	47.2000	47.8300	46.6300	47.2800	40.5145	247006400
Aug 09, 2007	48.1900	48.9700	47.6900	47.7100	40.8829	242418200
Aug 08, 2007	48.5100	49.0600	48.4000	48.8400	41.8512	164831200
Aug 07, 2007	47.8800	48.6200	47.4800	48.3100	41.3971	167109700
Aug 06, 2007	47.4700	48.0200	47.0300	47.9700	41.1058	190869100
Aug 03, 2007	48.2500	48.3100	47.1500	47.4200	40.6344	166048400
Aug 02, 2007	47.9300	48.4300	47.7900	48.3400	41.4228	177369900
Aug 01, 2007	47.3900	47.9300	46.9800	47.9000	41.0457	301153900
Jul 31, 2007	48.9700	48.9900	47.4300	47.5300	40.7287	260224500
Jul 30, 2007	48.2200	48.7300	47.9500	48.5500	41.6027	166517200
Jul 27, 2007	48.8900	49.1200	47.9900	47.9900	41.1229	246387600
Jul 26, 2007	49.0600	49.4700	48.0500	48.9800	41.9712	318522000
Jul 25, 2007	49.5800	49.6700	49.0600	49.4000	42.3311	170258700
Jul 24, 2007	49.7000	50.1000	49.0500	49.3300	42.2711	175496200
Jul 23, 2007	50.2200	50.3100	49.9200	50.0700	42.9052	107464100
Jul 20, 2007	50.2900	50.3600	49.7400	50.0500	42.8881	163721300
Jul 19, 2007	50.4100	50.6600	50.3100	50.3200	43.1195	116563800
Jul 18, 2007	49.9500	50.1700	49.6400	50.1700	42.9909	144915900
Jul 17, 2007	49.9600	50.3000	49.9200	50.2300	43.0424	124833700
Jul 16, 2007	49.8900	50.0800	49.7600	49.8500	42.7167	77799500
Jul 13, 2007	49.6300	49.9700	49.5700	49.9000	42.7596	74232200
Jul 12, 2007	48.9700	49.6700	48.9200	49.5600	42.4682	107667100
Jul 11, 2007	48.3700	48.8100	48.3200	48.8100	41.8256	99637600
Jul 10, 2007	48.6200	48.9000	48.4300	48.4800	41.5428	104383100
Jul 09, 2007	48.9000	48.9800	48.7200	48.8900	41.8941	66768800
Jul 06, 2007	48.7100	48.9100	48.5000	48.8600	41.8684	65804300
Jul 05, 2007	48.3400	48.7700	48.2900	48.6600	41.6970	73588500
Jul 03, 2007	48.0900	48.3200	48.0400	48.3100	41.3971	34803300
Jul 02, 2007	47.7100	48.0500	47.6800	48.0300	41.1572	80863100
Jun 29, 2007	47.7800	47.8800	47.2100	47.6000	40.7887	124794700
Jun 28, 2007	47.5200	47.8500	47.4700	47.5200	40.7201	116546300
Jun 27, 2007	46.7700	47.5600	46.7000	47.5400	40.7373	141196200
Jun 26, 2007	47.3100	47.3200	46.7400	46.8200	40.1203	128211900
Jun 25, 2007	47.3000	47.5800	46.8200	47.0900	40.3517	136602600
Jun 22, 2007	47.6400	47.7100	47.1400	47.2900	40.5231	153328700
Jun 21, 2007	47.2900	47.7900	47.0800	47.7400	40.9086	143181300
Jun 20, 2007	47.8300	47.9200	47.2400	47.3100	40.5402	161889500
Jun 19, 2007	47.6300	47.8600	47.5100	47.7600	40.9258	109621300
Jun 18, 2007	47.8500	47.8700	47.6700	47.7700	40.9344	75713200
Jun 15, 2007	47.7600	47.8700	47.6500	47.7600	40.9258	100378400
Jun 14, 2007	47.1000	47.4900	47.0900	47.3600	40.5513	101531900
Jun 13, 2007	46.7400	47.0900	46.5400	47.0500	40.2859	147985300
Jun 12, 2007	46.5700	47.0400	46.4500	46.5400	39.8492	153967700
Jun 11, 2007	46.8800	47.1900	46.7600	46.8200	40.0890	97100400
Jun 08, 2007	46.3200	46.9300	46.1600	46.9100	40.1660	177587800
Jun 07, 2007	46.9100	47.2100	46.3200	46.3400	39.6780	221373300
Jun 06, 2007	47.3700	47.3800	46.9600	47.0700	40.3030	183166500
Jun 05, 2007	47.4500	47.5800	47.0000	47.5800	40.7397	151160400
Jun 04, 2007	47.2700	47.6400	47.2400	47.5800	40.7397	64782700
Jun 01, 2007	47.5800	47.7700	47.3700	47.4400	40.6198	125089800
May 31, 2007	47.3200	47.5200	47.2100	47.4100	40.5941	109457700
May 30, 2007	46.4800	47.2000	46.3500	47.1900	40.4058	132036500
May 29, 2007	46.5000	46.8600	46.4100	46.8100	40.0804	99702400
May 25, 2007	46.2600	46.5600	46.1800	46.4500	39.7722	87143200
May 24, 2007	46.8600	47.0400	45.9700	46.1600	39.5238	206268600
May 23, 2007	47.1900	47.3700	46.8000	46.8300	40.0975	119220600
May 22, 2007	47.0400	47.2800	46.8700	47.0500	40.2859	98029100
May 21, 2007	46.7400	47.2400	46.6700	47.0100	40.2516	112831400
May 18, 2007	46.4800	46.7100	46.3800	46.7100	39.9948	104961700
May 17, 2007	46.4900	46.5700	46.2900	46.3300	39.6694	109869100
May 16, 2007	46.2000	46.5600	45.9100	46.5500	39.8578	144420500
May 15, 2007	46.4200	46.7000	45.9900	46.1000	39.4725	179438500
May 14, 2007	46.7700	46.8800	46.1900	46.4600	39.7807	118899200
May 11, 2007	46.2400	46.7800	46.1800	46.7800	40.0547	104767900
May 10, 2007	46.6700	46.7800	46.0700	46.1900	39.5495	171196300
May 09, 2007	46.4900	46.9700	46.4600	46.8300	40.0975	116021000
May 08, 2007	46.4700	46.7700	46.3000	46.7300	40.0119	95138900
May 07, 2007	46.6600	46.7800	46.5700	46.6300	39.9263	47487900
May 04, 2007	46.7700	46.8900	46.4200	46.6300	39.9263	93591800
May 03, 2007	46.5100	46.7200	46.4300	46.5900	39.8920	98003600
May 02, 2007	46.0900	46.5800	46.0500	46.4200	39.7465	91971600
May 01, 2007	45.9700	46.1400	45.6600	45.9200	39.3183	135044400
Apr 30, 2007	46.4900	46.5300	45.9200	45.9600	39.3526	93290500
Apr 27, 2007	46.3700	46.7000	46.2900	46.5700	39.8749	96536500
Apr 26, 2007	46.4200	46.6500	46.3300	46.5500	39.8578	99308300
Apr 25, 2007	45.8500	46.3200	45.7000	46.3100	39.6523	106818100
Apr 24, 2007	45.6300	45.8300	45.3300	45.7000	39.1300	108143700
Apr 23, 2007	45.4600	45.6000	45.3400	45.4700	38.9330	85303300
Apr 20, 2007	45.5200	45.6700	45.2000	45.4000	38.8731	122377400
Apr 19, 2007	44.8100	45.2500	44.7200	45.1500	38.6590	95413000
Apr 18, 2007	44.9300	45.2300	44.8300	45.0100	38.5392	82002500
Apr 17, 2007	45.1500	45.2000	44.9600	45.1600	38.6676	81852300
Apr 16, 2007	44.8300	45.1500	44.8300	45.0600	38.5820	72803200
Apr 13, 2007	44.5700	44.7200	44.2900	44.6500	38.2309	94572000
Apr 12, 2007	44.1400	44.6200	43.9500	44.5600	38.1539	113801300
Apr 11, 2007	44.6400	44.6600	44.0700	44.2100	37.8542	114012300
Apr 10, 2007	44.4400	44.6800	44.4100	44.6800	38.2566	76364500
Apr 09, 2007	44.7100	44.7500	44.3800	44.4500	38.0597	63050200
Apr 05, 2007	44.2900	44.5800	44.2300	44.5600	38.1539	54220200
Apr 04, 2007	44.1900	44.3800	44.1300	44.3400	37.9655	85147200
Apr 03, 2007	43.8200	44.3100	43.7900	44.1600	37.8114	105814500
Apr 02, 2007	43.6700	43.7600	43.3000	43.5900	37.3233	89617700
Mar 30, 2007	43.5600	43.8700	43.2200	43.5300	37.2719	120418700
Mar 29, 2007	43.8200	43.8500	43.1000	43.5700	37.3062	124407000
Mar 28, 2007	43.8000	44.0300	43.5100	43.5200	37.2634	142795000
Mar 27, 2007	44.2300	44.2400	43.9500	43.9900	37.6658	76419200
Mar 26, 2007	44.1400	44.3200	43.6300	44.3000	37.9313	114237300
Mar 23, 2007	44.2600	44.3700	44.0700	44.1200	37.7771	68530300
Mar 22, 2007	44.4400	44.4500	44.0900	44.2600	37.8970	114856300
Mar 21, 2007	43.6400	44.4400	43.3500	44.4200	38.0340	173333500
Mar 20, 2007	43.2600	43.5900	43.2100	43.5800	37.3148	78755700
Mar 19, 2007	43.0600	43.3900	42.9500	43.2700	37.0493	95913200
Mar 16, 2007	42.9400	43.0400	42.6100	42.8300	36.6726	108328800
Mar 15, 2007	42.9000	43.0600	42.7200	42.8900	36.7008	111627400
Mar 14, 2007	42.4300	43.0000	42.1000	42.9900	36.7864	192586700
Mar 13, 2007	43.0000	43.2400	42.3600	42.3700	36.2559	171231800
Mar 12, 2007	42.8700	43.2800	42.8300	43.2100	36.9746	81310100
Mar 09, 2007	43.3300	43.3400	42.6500	42.9300	36.7351	128597600
Mar 08, 2007	43.1300	43.2400	42.8400	42.9700	36.7693	120900700
Mar 07, 2007	42.8600	42.9800	42.6500	42.6800	36.5211	119979300
Mar 06, 2007	42.5300	42.9900	42.5000	42.8500	36.6666	155551800
Mar 05, 2007	42.1500	42.8000	42.0600	42.1500	36.0676	171885400
Mar 02, 2007	42.7800	43.1400	42.4700	42.4800	36.3500	183359400
Mar 01, 2007	42.5500	43.5400	42.2400	43.1300	36.9062	231806500
Feb 28, 2007	43.1500	43.7600	42.9300	43.3300	37.0773	214978700
Feb 27, 2007	44.3700	44.4800	43.0600	43.1900	36.9575	317813200
Feb 26, 2007	45.4800	45.5000	44.7600	45.0400	38.5406	101623700
Feb 23, 2007	45.4200	45.4600	45.0600	45.2600	38.7288	113467100
Feb 22, 2007	45.3600	45.5500	45.0700	45.4200	38.8657	116344400
Feb 21, 2007	44.9200	45.2100	44.8300	45.1900	38.6689	95864000
Feb 20, 2007	44.6400	45.1200	44.4300	45.0500	38.5491	93629000
Feb 16, 2007	44.6600	44.8300	44.5700	44.7100	38.2582	72342200
Feb 15, 2007	44.6300	44.8600	44.5500	44.8600	38.3865	110452500
Feb 14, 2007	44.0400	44.7100	44.0400	44.6000	38.1641	133370000
Feb 13, 2007	43.7800	44.0000	43.7000	43.8600	37.5308	93648000
Feb 12, 2007	43.8700	43.8900	43.5900	43.7100	37.4025	126940000
Feb 09, 2007	44.5700	44.7200	43.7300	43.8800	37.5480	133472000
Feb 08, 2007	44.4000	44.6000	44.2300	44.4500	38.0357	89521900
Feb 07, 2007	44.2800	44.6500	44.1200	44.4600	38.0443	117823800
Feb 06, 2007	44.2000	44.2300	43.6400	44.0600	37.7020	121110200
Feb 05, 2007	44.1400	44.3600	43.9600	44.1200	37.7533	96347800
Feb 02, 2007	44.1200	44.2500	43.9400	44.1600	37.7876	98189200
Feb 01, 2007	44.2700	44.4000	43.8500	44.0000	37.6507	147365600
Jan 31, 2007	43.5800	44.1900	43.3300	44.0700	37.7106	157772500
Jan 30, 2007	43.6800	43.7900	43.5200	43.6300	37.3341	69605900
Jan 29, 2007	43.4600	43.9100	43.4000	43.6100	37.3169	104191500
Jan 26, 2007	43.8100	43.8300	43.2900	43.5700	37.2827	146284300
Jan 25, 2007	44.3600	44.4700	43.5800	43.7300	37.4196	158337600
Jan 24, 2007	43.8600	44.3200	43.7700	44.3000	37.9074	117615300
Jan 23, 2007	43.6600	43.9800	43.5000	43.5800	37.2913	133103600
Jan 22, 2007	44.2100	44.2300	43.5100	43.6900	37.3854	123441700
Jan 19, 2007	43.9700	44.2800	43.9100	44.1700	37.7961	127544300
Jan 18, 2007	44.7900	44.8400	43.9500	44.0800	37.7191	189029800
Jan 17, 2007	45.0900	45.2900	44.8300	44.9100	38.4293	127142600
Jan 16, 2007	45.3500	45.4000	45.1300	45.2800	38.7459	95690500
Jan 12, 2007	45.0200	45.3500	44.9700	45.3100	38.7716	104217300
Jan 11, 2007	44.7100	45.2400	44.6500	45.0800	38.5748	174029800
Jan 10, 2007	43.9600	44.6600	43.8200	44.6200	38.1812	121070100
Jan 09, 2007	44.0100	44.2900	43.6300	44.1000	37.7362	121577500
Jan 08, 2007	43.8900	44.1200	43.6400	43.8800	37.5480	106401600
Jan 05, 2007	43.9500	43.9500	43.4800	43.8500	37.5223	138958800
Jan 04, 2007	43.3000	44.2100	43.1500	44.0600	37.7020	136853500
Jan 03, 2007	43.4600	44.0600	42.5200	43.2400	37.0003	167689500
Dec 29, 2006	43.1900	43.6100	43.1200	43.1600	36.9319	75152500
Dec 28, 2006	43.2000	43.3800	43.0500	43.1200	36.8976	69016000
Dec 27, 2006	43.2100	43.4000	43.1000	43.3300	37.0773	54129200
Dec 26, 2006	42.9300	43.1200	42.8800	43.1100	36.8891	50848600
Dec 22, 2006	43.4000	43.4100	42.9300	42.9300	36.7351	92858600
Dec 21, 2006	43.7400	43.7900	43.2100	43.3800	37.1201	102952300
Dec 20, 2006	43.9000	44.1100	43.6700	43.6900	37.3854	67213400
Dec 19, 2006	43.6500	44.0600	43.3800	43.8500	37.5223	136535200
Dec 18, 2006	44.5800	44.7500	43.8000	43.9900	37.6421	121588700
Dec 15, 2006	44.6800	44.7600	44.3500	44.4300	38.0186	99942300
Dec 14, 2006	43.9700	44.5700	43.9400	44.3700	37.9210	109104200
Dec 13, 2006	44.1000	44.1100	43.6200	43.8800	37.5023	79035500
Dec 12, 2006	44.0500	44.1300	43.5600	43.8000	37.4339	110985900
Dec 11, 2006	43.8300	44.3700	43.7500	44.0600	37.6561	72931300
Dec 08, 2006	43.5600	44.2600	43.4700	43.9000	37.5194	133798700
Dec 07, 2006	44.3400	44.4800	43.7000	43.7000	37.3484	124936100
Dec 06, 2006	44.2800	44.4000	44.0700	44.2600	37.8270	78207500
Dec 05, 2006	44.3900	44.5500	44.1900	44.4200	37.9638	84697500
Dec 04, 2006	43.7900	44.4800	43.7900	44.2600	37.8270	89782400
Dec 01, 2006	44.0000	44.3500	43.2600	43.6600	37.3143	144559600
Nov 30, 2006	44.0500	44.2800	43.7900	44.0400	37.6390	123457100
Nov 29, 2006	44.0000	44.1800	43.6600	44.0700	37.6647	139515500
Nov 28, 2006	43.5100	43.8400	43.3400	43.7700	37.4083	118268400
Nov 27, 2006	44.5100	44.6100	43.6400	43.6400	37.2972	159506300
Nov 24, 2006	44.4000	44.8600	44.3800	44.6500	38.1603	51762900
Nov 22, 2006	44.5800	44.7500	44.2600	44.7300	38.2287	69852700
Nov 21, 2006	44.4200	44.5100	44.2500	44.4500	37.9894	68092200
Nov 20, 2006	44.1600	44.4800	44.0100	44.3900	37.9382	107184100
Nov 17, 2006	44.0600	44.3000	43.9500	44.3000	37.8612	95162500
Nov 16, 2006	44.2600	44.4200	44.0200	44.3000	37.8612	113513200
Nov 15, 2006	43.9900	44.4000	43.9200	44.1100	37.6988	116565900
Nov 14, 2006	43.5000	43.9700	43.2400	43.9300	37.5450	121962800
Nov 13, 2006	43.0500	43.5400	43.0000	43.4700	37.1519	89146200
Nov 10, 2006	42.8400	43.0400	42.6700	43.0300	36.7758	82419400
Nov 09, 2006	43.2600	43.3500	42.6700	42.8300	36.6049	124278000
Nov 08, 2006	42.5900	43.2000	42.4700	43.0300	36.7758	180245700
Nov 07, 2006	42.5400	43.0900	42.4700	42.8300	36.6049	139706500
Nov 06, 2006	42.0700	42.7100	42.0600	42.5400	36.3570	101283300
Nov 03, 2006	42.1000	42.1900	41.6100	41.9300	35.8357	119263300
Nov 02, 2006	41.8100	42.1400	41.7400	42.0400	35.9297	100216400
Nov 01, 2006	42.7300	42.7700	41.8200	42.0000	35.8955	148960600
Oct 31, 2006	42.5600	42.7600	42.3100	42.5800	36.3912	135811800
Oct 30, 2006	42.1600	42.6500	42.0600	42.4800	36.3057	103899900
Oct 27, 2006	42.7200	42.8200	42.0800	42.2100	36.0750	129375000
Oct 26, 2006	42.5800	42.9200	42.2200	42.8200	36.5963	130260700
Oct 25, 2006	42.1600	42.5200	42.0500	42.4300	36.2630	125399500
Oct 24, 2006	42.2800	42.4500	41.9200	42.1400	36.0152	103541700
Oct 23, 2006	41.9200	42.5800	41.8200	42.4300	36.2630	126960500
Oct 20, 2006	42.0400	42.0800	41.6400	42.0000	35.8955	105454300
Oct 19, 2006	41.6900	42.1100	41.5900	41.9000	35.8101	108198400
Oct 18, 2006	42.2200	42.3100	41.6500	41.8000	35.7246	120366100
Oct 17, 2006	42.1700	42.2000	41.7600	42.0000	35.8955	146149100
Oct 16, 2006	42.4300	42.6200	42.4000	42.4700	36.2972	62017400
Oct 13, 2006	42.2300	42.5200	42.1400	42.4300	36.2630	80470200
Oct 12, 2006	41.7600	42.2500	41.7000	42.2000	36.0664	95260200
Oct 11, 2006	41.4300	41.8300	41.1700	41.5400	35.5024	136561300
Oct 10, 2006	41.6000	41.7500	41.3100	41.6200	35.5707	98181800
Oct 09, 2006	41.3600	41.7400	41.3200	41.5500	35.5109	62786100
Oct 06, 2006	41.3600	41.5600	41.2400	41.4100	35.3913	85450400
Oct 05, 2006	41.3000	41.5600	41.1800	41.5000	35.4682	91799900
Oct 04, 2006	40.2400	41.3100	40.1400	41.3000	35.2973	149209500
Oct 03, 2006	40.0200	40.4800	39.8800	40.3100	34.4512	116261400
Oct 02, 2006	40.6000	40.7000	40.0800	40.1400	34.3059	97068800
Sep 29, 2006	40.9000	40.9300	40.6200	40.6500	34.7418	85438200
Sep 28, 2006	40.7700	40.8900	40.4300	40.8300	34.8956	85943600
Sep 27, 2006	40.6700	40.9500	40.5000	40.7200	34.8016	113003800
Sep 26, 2006	40.5200	40.8000	40.4000	40.7700	34.8443	113375600
Sep 25, 2006	40.0400	40.6600	39.6800	40.5700	34.6734	136473400
Sep 22, 2006	40.1500	40.1600	39.7000	39.8700	34.0751	100996400
Sep 21, 2006	40.5300	40.6700	40.0800	40.1800	34.3401	121886900
Sep 20, 2006	40.2000	40.5400	40.1900	40.4300	34.5537	116635500
Sep 19, 2006	40.2200	40.2500	39.5200	39.8500	34.0580	159060800
Sep 18, 2006	40.1200	40.4000	39.9400	40.1200	34.2888	117806700
Sep 15, 2006	40.3000	40.4600	40.0000	40.1100	34.2802	137825600
Sep 14, 2006	39.8500	40.2200	39.7600	39.9900	34.1580	98116000
Sep 13, 2006	39.7100	39.9800	39.6300	39.9500	34.1238	116054300
Sep 12, 2006	38.9500	39.8000	38.9500	39.6800	33.8932	124102400
Sep 11, 2006	38.4100	39.1500	38.3200	38.9600	33.2782	142377500
Sep 08, 2006	38.5400	38.8200	38.4600	38.7200	33.0732	96627000
Sep 07, 2006	38.5500	38.9000	38.3600	38.4900	32.8768	115877400
Sep 06, 2006	39.1000	39.1900	38.6100	38.6700	33.0305	97888600
Sep 05, 2006	39.1000	39.4800	38.8500	39.4600	33.7053	85582800
Sep 01, 2006	39.0800	39.2100	38.9000	39.0800	33.3807	69388500
Aug 31, 2006	38.9600	39.0300	38.7600	38.8700	33.2013	61207200
Aug 30, 2006	38.7200	39.0300	38.6000	38.9100	33.2355	75687200
Aug 29, 2006	38.5800	38.7600	38.1800	38.7300	33.0817	104842000
Aug 28, 2006	38.2900	38.7900	38.2400	38.6100	32.9793	80035000
Aug 25, 2006	38.1700	38.6400	38.0600	38.3200	32.7316	73572900
Aug 24, 2006	38.2500	38.3500	37.9200	38.2500	32.6718	78985300
Aug 23, 2006	38.4600	38.6700	37.9200	38.1400	32.5778	96056300
Aug 22, 2006	38.3600	38.8100	38.2000	38.4300	32.8255	102058600
Aug 21, 2006	38.5000	38.5600	38.2600	38.4200	32.8170	66668400
Aug 18, 2006	38.6300	38.8300	38.2800	38.7900	33.1330	97754500
Aug 17, 2006	38.4600	38.9800	38.4400	38.7300	33.0817	129492200
Aug 16, 2006	37.9800	38.6100	37.8400	38.5900	32.9622	135452100
Aug 15, 2006	37.2000	37.7500	37.0900	37.7000	32.2020	133712100
Aug 14, 2006	36.8400	37.2700	36.7000	36.7700	31.4076	109281100
Aug 11, 2006	36.6500	36.6900	36.3700	36.5300	31.2026	86903200
Aug 10, 2006	36.4300	36.8800	36.3100	36.7900	31.4247	102481300
Aug 09, 2006	36.9900	37.3100	36.4300	36.5300	31.2026	145342200
Aug 08, 2006	36.8100	36.9000	36.2600	36.4800	31.1599	124139900
Aug 07, 2006	36.9100	36.9400	36.5300	36.7100	31.3563	69634800
Aug 04, 2006	37.4500	37.6300	36.6200	36.9500	31.5614	123493800
Aug 03, 2006	36.5200	37.3400	36.4800	37.1200	31.7065	99205600
Aug 02, 2006	36.6100	37.1300	36.6100	36.8900	31.5101	87370600
Aug 01, 2006	36.7700	36.8000	36.2600	36.4800	31.1599	98552800
Jul 31, 2006	37.0800	37.3200	36.8900	37.1000	31.6895	78015300
Jul 28, 2006	36.5300	37.1400	36.5000	37.1100	31.6980	93556100
Jul 27, 2006	36.7400	37.0400	36.2500	36.3500	31.0488	99698700
Jul 26, 2006	36.5100	36.8700	36.2300	36.5900	31.2539	107170500
Jul 25, 2006	36.4900	36.7400	36.2400	36.6200	31.2795	108869600
Jul 24, 2006	35.8400	36.4300	35.8000	36.4100	31.1001	130269300
Jul 21, 2006	35.8800	35.9600	35.6200	35.7000	30.4936	119343000
Jul 20, 2006	36.7500	36.8000	36.0400	36.0800	30.8182	152292100
Jul 19, 2006	36.1200	36.8300	36.0900	36.6200	31.2795	192517600
Jul 18, 2006	36.2200	36.3300	35.5400	36.1500	30.8780	206964900
Jul 17, 2006	35.9500	36.2500	35.8700	36.0300	30.7755	134311000
Jul 14, 2006	36.3000	36.3800	35.7900	35.9400	30.6986	172448500
Jul 13, 2006	36.6400	37.0400	36.3100	36.3100	31.0147	177745500
Jul 12, 2006	37.5600	37.6400	36.8400	36.9300	31.5443	154458900
Jul 11, 2006	37.2800	37.7400	37.0800	37.6400	32.1507	136114200
Jul 10, 2006	37.7900	37.9300	37.1700	37.3600	31.9116	105109800
Jul 07, 2006	37.9000	38.1700	37.5700	37.6900	32.1934	108063300
Jul 06, 2006	38.2700	38.4800	38.0100	38.1100	32.5522	70615200
Jul 05, 2006	38.6400	38.6800	38.0900	38.1500	32.5864	93724000
Jul 03, 2006	38.8900	39.0000	38.8100	39.0000	33.3124	21598500
Jun 30, 2006	39.1200	39.1400	38.6800	38.7700	33.1159	82719200
Jun 29, 2006	37.9800	38.9600	37.9000	38.9600	33.2782	181997200
Jun 28, 2006	37.6200	37.8400	37.3800	37.8100	32.2959	91576300
Jun 27, 2006	38.2700	38.3300	37.4900	37.5300	32.0568	128227500
Jun 26, 2006	38.1700	38.3900	38.0700	38.2500	32.6718	65157700
Jun 23, 2006	38.1600	38.5300	37.9300	38.1500	32.5864	88050200
Jun 22, 2006	38.5900	38.6800	37.9900	38.1900	32.6205	143100500
Jun 21, 2006	38.1400	38.9900	38.1300	38.6800	33.0391	129548100
Jun 20, 2006	38.0900	38.4800	37.9400	38.0800	32.5266	102871700
Jun 19, 2006	38.5000	38.5400	37.9100	38.0300	32.4839	129450100
Jun 16, 2006	38.5500	38.6800	38.2000	38.3400	32.7486	120006100
Jun 15, 2006	37.8500	38.7900	37.8000	38.6500	32.9912	200700400
Jun 14, 2006	37.3600	37.7100	37.2000	37.6300	32.1206	201876800
Jun 13, 2006	37.4900	37.8000	37.1600	37.2500	31.7962	207099500
Jun 12, 2006	38.2000	38.2600	37.3900	37.4000	31.9242	145607500
Jun 09, 2006	38.5600	38.7400	38.1100	38.1500	32.5644	144146200
Jun 08, 2006	38.2700	38.5600	37.4900	38.4000	32.7778	280562200
Jun 07, 2006	38.8000	39.1700	38.4500	38.4600	32.8290	130754700
Jun 06, 2006	38.8500	38.9500	38.3500	38.7500	33.0766	127271000
Jun 05, 2006	39.5600	39.5600	38.7800	38.7800	33.1022	103190600
Jun 02, 2006	39.9600	40.0000	39.3100	39.6400	33.8363	128864100
Jun 01, 2006	38.9300	39.7400	38.8400	39.7400	33.9216	119357400
May 31, 2006	38.7100	39.0600	38.5400	38.8200	33.1363	137066200
May 30, 2006	39.3000	39.3300	38.6100	38.6400	32.9827	105606200
May 26, 2006	39.4500	39.5800	39.2300	39.4900	33.7082	91319600
May 25, 2006	39.1100	39.3800	38.8200	39.3600	33.5973	123510900
May 24, 2006	38.5300	39.0400	38.2300	38.8500	33.1619	234981600
May 23, 2006	39.2600	39.3800	38.5700	38.5900	32.9400	142243900
May 22, 2006	39.0100	39.2400	38.6200	38.9700	33.2644	169591800
May 19, 2006	39.2000	39.4700	38.7500	39.3500	33.5887	194306300
May 18, 2006	39.4900	39.6600	39.0000	39.0500	33.3327	139690900
May 17, 2006	39.6800	39.8100	39.2300	39.3200	33.5631	207897100
May 16, 2006	40.1700	40.2600	39.7700	39.8600	34.0241	132397500
May 15, 2006	40.0200	40.3400	39.7900	40.1600	34.2801	127896500
May 12, 2006	40.5600	40.6200	40.1800	40.1900	34.3057	153920800
May 11, 2006	41.6300	41.6500	40.6300	40.7400	34.7752	140989700
May 10, 2006	41.9300	41.9800	41.5500	41.6700	35.5690	92424200
May 09, 2006	42.1000	42.1800	41.9700	42.0400	35.8849	48528800
May 08, 2006	42.0800	42.2800	42.0700	42.2000	36.0215	45079100
May 05, 2006	42.1000	42.2100	41.9400	42.1600	35.9873	80392200
May 04, 2006	41.5300	41.9900	41.5300	41.8300	35.7056	88696800
May 03, 2006	41.5700	41.6400	41.2800	41.4900	35.4154	74971600
May 02, 2006	41.6200	41.7300	41.4000	41.5500	35.4666	85148100
May 01, 2006	41.9200	42.0500	41.3100	41.4400	35.3727	92875500
Apr 28, 2006	42.0000	42.2200	41.7800	41.8500	35.7227	88876600
Apr 27, 2006	41.6700	42.4900	41.5000	42.2600	36.0727	173950100
Apr 26, 2006	41.8600	42.0600	41.7000	41.8600	35.7312	82537000
Apr 25, 2006	42.0700	42.1000	41.6500	41.8700	35.7398	77660800
Apr 24, 2006	41.9500	42.0700	41.7200	41.9600	35.8166	78556400
Apr 21, 2006	42.6600	42.7200	41.8200	42.0000	35.8507	130181200
Apr 20, 2006	42.6400	42.8200	42.3800	42.5000	36.2775	81408000
Apr 19, 2006	42.5400	42.6500	42.3000	42.6500	36.4056	79050300
Apr 18, 2006	41.7700	42.5600	41.7700	42.4600	36.2434	124291700
Apr 17, 2006	42.0400	42.2100	41.3900	41.6600	35.5605	104072100
Apr 13, 2006	41.9000	42.3300	41.7900	42.1000	35.9361	63476900
Apr 12, 2006	41.9400	42.0800	41.8000	41.9300	35.7910	58751200
Apr 11, 2006	42.3900	42.4300	41.7100	41.9200	35.7825	91481900
Apr 10, 2006	42.4000	42.5000	42.0900	42.2600	36.0727	58981900
Apr 07, 2006	42.8800	43.0500	42.3000	42.3200	36.1239	116604300
Apr 06, 2006	42.5900	42.9400	42.4400	42.7300	36.4739	91712800
Apr 05, 2006	42.3000	42.6700	42.2100	42.6100	36.3714	91628200
Apr 04, 2006	42.0500	42.3100	41.9300	42.2100	36.0300	89952600
Apr 03, 2006	42.1500	42.3700	41.9000	41.9800	35.8337	80730700
Mar 31, 2006	42.1300	42.1900	41.8400	41.9300	35.7910	71074600
Mar 30, 2006	42.0100	42.3000	41.7900	42.0500	35.8934	115915600
Mar 29, 2006	41.2000	42.1000	41.1700	41.9200	35.7825	130669100
Mar 28, 2006	41.3900	41.6700	40.9900	41.1400	35.1167	100522800
Mar 27, 2006	41.2800	41.5100	41.2400	41.3100	35.2617	54400400
Mar 24, 2006	41.2300	41.5000	41.0200	41.3000	35.2532	81795500
Mar 23, 2006	41.0900	41.2200	40.8200	41.0900	35.0740	75158200
Mar 22, 2006	40.8800	41.2800	40.8600	41.2100	35.1764	112282800
Mar 21, 2006	41.1100	42.0100	41.0800	41.1100	35.0911	136566000
Mar 20, 2006	41.5700	41.6800	41.4000	41.5500	35.4666	60240100
Mar 17, 2006	41.3400	41.5900	41.2300	41.4500	35.3813	78219600
Mar 16, 2006	41.8500	41.9200	41.3300	41.3700	35.2882	101371200
Mar 15, 2006	41.5300	41.7200	41.3200	41.7200	35.5868	84375800
Mar 14, 2006	40.6400	41.4200	40.6400	41.3700	35.2882	118201000
Mar 13, 2006	40.7400	40.9400	40.6200	40.6800	34.6997	69169100
Mar 10, 2006	40.4800	40.7900	40.1900	40.5600	34.5973	124474900
Mar 09, 2006	41.0000	41.1500	40.4700	40.5200	34.5632	108556700
Mar 08, 2006	40.7600	41.0900	40.5000	40.8700	34.8617	103961900
Mar 07, 2006	41.0200	41.0700	40.6500	40.8500	34.8447	96441100
Mar 06, 2006	41.5400	41.6300	40.9600	41.0900	35.0494	99581000
Mar 03, 2006	41.4500	42.0100	41.3900	41.4500	35.3565	112066100
Mar 02, 2006	41.5500	41.8400	41.4100	41.6900	35.5612	69856500
Mar 01, 2006	41.2300	41.7700	41.1500	41.6600	35.5356	80962300
Feb 28, 2006	41.6100	41.7200	40.9700	41.1000	35.0579	117564600
Feb 27, 2006	41.3600	41.8700	41.3300	41.7200	35.5868	64945000
Feb 24, 2006	41.1900	41.2900	41.0100	41.2600	35.1944	57085400
Feb 23, 2006	41.1900	41.5400	41.0800	41.1500	35.1006	66517100
Feb 22, 2006	40.7800	41.5400	40.6800	41.2600	35.1944	91983900
Feb 21, 2006	41.2100	41.2700	40.6100	40.7500	34.7594	85101400
Feb 17, 2006	41.4600	41.4600	41.2000	41.2100	35.1518	81770200
Feb 16, 2006	41.3100	41.5500	41.1500	41.5400	35.4332	103859600
Feb 15, 2006	40.7900	41.2600	40.7300	41.1600	35.1091	92254300
Feb 14, 2006	40.5700	41.0200	40.4100	40.9000	34.8873	94340300
Feb 13, 2006	40.7000	40.7400	40.3000	40.4900	34.5376	70643100
Feb 10, 2006	40.6800	41.0600	40.2600	40.9600	34.9385	102575900
Feb 09, 2006	41.2100	41.3700	40.6300	40.7100	34.7253	78213400
Feb 08, 2006	40.9200	41.1500	40.6900	41.1000	35.0579	89907800
Feb 07, 2006	40.7400	40.9300	40.4400	40.6300	34.6570	87327000
Feb 06, 2006	40.7200	41.0100	40.5900	40.8100	34.8106	58162800
Feb 03, 2006	41.1200	41.2300	40.7800	40.9200	34.9044	121094200
Feb 02, 2006	42.0100	42.0800	41.4100	41.4300	35.3394	94047400
Feb 01, 2006	41.7400	42.1700	41.7000	42.1500	35.9536	89168700
Jan 31, 2006	42.1700	42.2700	41.8100	42.0000	35.8256	100988100
Jan 30, 2006	42.1800	42.3200	42.0700	42.1900	35.9877	53942600
Jan 27, 2006	41.8000	42.3900	41.7400	42.1100	35.9194	110830400
Jan 26, 2006	41.5000	41.6900	41.2300	41.5500	35.4418	112600600
Jan 25, 2006	41.6400	41.6700	41.0800	41.2600	35.1944	99826400
Jan 24, 2006	41.3600	41.7000	41.3100	41.4400	35.3479	77956900
Jan 23, 2006	41.3600	41.4500	41.0800	41.2600	35.1944	111381900
Jan 20, 2006	42.4600	42.4900	41.1500	41.2500	35.1859	188569400
Jan 19, 2006	42.4200	42.8200	42.2900	42.5200	36.2691	111094000
Jan 18, 2006	42.0300	42.4600	42.0200	42.2100	36.0047	121021900
Jan 17, 2006	42.6500	42.7900	42.5000	42.7000	36.4227	77962100
Jan 13, 2006	42.9400	43.0500	42.7300	42.9800	36.6615	64572100
Jan 12, 2006	43.1600	43.2900	42.8500	43.0000	36.6786	82429200
Jan 11, 2006	43.0000	43.3100	42.8700	43.2100	36.8577	100761400
Jan 10, 2006	42.6600	42.9200	42.5500	42.8800	36.5762	84369400
Jan 09, 2006	42.6800	42.9200	42.5200	42.8500	36.5506	80768800
Jan 06, 2006	42.2600	42.7000	42.0600	42.6800	36.4056	110053900
Jan 05, 2006	41.7500	42.0000	41.7100	41.9200	35.7574	77656900
Jan 04, 2006	41.4100	41.7400	41.3200	41.7400	35.6038	92769400
Jan 03, 2006	40.6500	41.4900	40.1600	41.3100	35.2371	109350400
Dec 30, 2005	40.5400	40.5800	40.3600	40.4100	34.4694	60026500
Dec 29, 2005	41.0300	41.1200	40.6500	40.7200	34.7338	47301700
Dec 28, 2005	41.0600	41.2300	40.8700	40.9900	34.9641	50302400
Dec 27, 2005	41.5200	41.6800	40.9700	41.0400	35.0067	55656300
Dec 23, 2005	41.5100	41.5900	41.3000	41.4000	35.3138	38000400
Dec 22, 2005	41.1100	41.4600	41.1000	41.4000	35.3138	59149500
Dec 21, 2005	41.0200	41.4100	40.9500	41.1300	35.0835	68935000
Dec 20, 2005	40.9500	41.1500	40.7500	40.9500	34.9300	70257700
Dec 19, 2005	41.6700	41.7100	40.9000	40.9200	34.9044	75341700
Dec 16, 2005	41.8600	41.9400	41.5500	41.5800	35.4674	63743000
Dec 15, 2005	42.0000	42.0700	41.6100	41.9700	35.7139	72607200
Dec 14, 2005	41.9500	42.1000	41.7100	41.9000	35.6543	73581600
Dec 13, 2005	41.8200	42.2100	41.7600	42.0400	35.7734	76611600
Dec 12, 2005	41.8700	41.9400	41.6800	41.8700	35.6288	44863600
Dec 09, 2005	41.5600	41.7700	41.3800	41.7200	35.5011	56526900
Dec 08, 2005	41.9600	42.0000	41.2700	41.5600	35.3650	112043200
Dec 07, 2005	42.0000	42.0300	41.6300	41.8600	35.6202	83885500
Dec 06, 2005	42.0300	42.3100	41.9000	41.9400	35.6883	81509400
Dec 05, 2005	42.0600	42.0600	41.6300	41.8000	35.5692	61519900
Dec 02, 2005	41.9400	42.1300	41.8700	42.1100	35.8330	72929200
Dec 01, 2005	41.5100	42.0500	41.5000	42.0100	35.7479	91914100
Nov 30, 2005	41.2800	41.4900	41.1900	41.2400	35.0927	88044400
Nov 29, 2005	41.7700	41.8500	41.3400	41.3400	35.1778	77443000
Nov 28, 2005	42.0000	42.0000	41.5000	41.5400	35.3480	74716200
Nov 25, 2005	41.8400	41.9400	41.7300	41.8900	35.6458	22930200
Nov 23, 2005	41.7300	42.0200	41.7100	41.8000	35.5692	64101200
Nov 22, 2005	41.4700	41.8700	41.3600	41.7000	35.4841	88814000
Nov 21, 2005	41.4000	41.5800	41.2400	41.5500	35.3565	69731400
Nov 18, 2005	41.5200	41.6500	41.2700	41.4500	35.2714	108820200
Nov 17, 2005	40.9100	41.3200	40.8500	41.3100	35.1522	94425500
Nov 16, 2005	40.6300	40.7800	40.4600	40.7700	34.6928	65895700
Nov 15, 2005	40.7300	40.9000	40.3800	40.5200	34.4800	79543500
Nov 14, 2005	40.7700	40.8600	40.6000	40.7100	34.6417	53652400
Nov 11, 2005	40.7700	40.9200	40.6800	40.7100	34.6417	80057200
Nov 10, 2005	40.1800	40.6900	39.9200	40.6000	34.5481	120763100
Nov 09, 2005	40.1200	40.3300	40.0300	40.1600	34.1737	72458800
Nov 08, 2005	40.0800	40.3500	39.9900	40.1400	34.1566	78859700
Nov 07, 2005	40.2100	40.2900	39.9500	40.1300	34.1481	65324500
Nov 04, 2005	40.0000	40.2300	39.8400	40.0800	34.1056	100944500
Nov 03, 2005	39.7400	40.0900	39.6800	39.9400	33.9865	137054000
Nov 02, 2005	38.7300	39.4600	38.7100	39.3500	33.4844	101409900
Nov 01, 2005	38.7800	39.0100	38.7100	38.8400	33.0504	73502300
Oct 31, 2005	38.4500	39.0500	38.4200	38.8700	33.0760	115279100
Oct 28, 2005	38.1600	38.3900	37.9200	38.3200	32.6079	95243900
Oct 27, 2005	38.7800	38.8000	38.0300	38.0300	32.3612	132231100
Oct 26, 2005	38.9800	39.2700	38.7600	38.8100	33.0249	89878100
Oct 25, 2005	39.0900	39.1900	38.7700	39.0100	33.1951	86665800
Oct 24, 2005	38.7300	39.1800	38.4700	39.1600	33.3227	110820900
Oct 21, 2005	38.6700	38.7500	38.3300	38.5500	32.8036	110032000
Oct 20, 2005	38.7100	38.8500	38.1000	38.3100	32.5994	132576900
Oct 19, 2005	37.7200	38.6700	37.6100	38.6700	32.9058	132879900
Oct 18, 2005	38.1400	38.1800	37.9100	37.9100	32.2591	88070400
Oct 17, 2005	38.0700	38.1900	37.8200	38.1800	32.4888	64080400
Oct 14, 2005	37.8800	38.0700	37.6400	38.0600	32.3867	131463200
Oct 13, 2005	37.4700	37.9100	37.3300	37.7800	32.1484	138569600
Oct 12, 2005	37.7200	38.0600	37.4300	37.4900	31.9017	146109500
Oct 11, 2005	38.2400	38.2400	37.8000	37.9400	32.2846	114736900
Oct 10, 2005	38.2700	38.4600	38.0600	38.1300	32.4463	64012000
Oct 07, 2005	38.4000	38.5700	38.1800	38.3400	32.6250	91119900
Oct 06, 2005	38.7300	38.8600	37.9200	38.2500	32.5484	162213700
Oct 05, 2005	39.3100	39.3400	38.7300	38.7600	32.9823	106152200
Oct 04, 2005	39.6200	39.8800	39.2900	39.3000	33.4419	85348600
Oct 03, 2005	39.5400	39.7500	39.5100	39.5600	33.6631	81685600
Sep 30, 2005	39.1700	39.4800	39.1300	39.4600	33.5780	79248500
Sep 29, 2005	38.6300	39.2100	38.4500	39.2000	33.3568	117634600
Sep 28, 2005	38.7600	38.9500	38.5600	38.6800	32.9143	72044500
Sep 27, 2005	38.7900	38.9000	38.5100	38.6700	32.9058	64089500
Sep 26, 2005	38.9700	39.0300	38.5500	38.7600	32.9823	69327600
Sep 23, 2005	38.5000	38.8800	38.4100	38.7500	32.9739	70154000
Sep 22, 2005	38.4400	38.7300	38.2400	38.6400	32.8802	118686100
Sep 21, 2005	38.8200	38.8700	38.4700	38.5000	32.7611	116404300
Sep 20, 2005	39.1600	39.5400	38.8100	38.9300	33.1270	115202800
Sep 19, 2005	39.3200	39.3800	38.9100	39.0900	33.2632	73387500
Sep 16, 2005	39.2500	39.4600	39.1100	39.4000	33.5270	71034100
Sep 15, 2005	39.2600	39.3400	39.0500	39.1600	33.3227	80421500
Sep 14, 2005	39.6500	39.6800	39.1500	39.1800	33.3398	98644000
Sep 13, 2005	39.6800	39.9100	39.5400	39.6300	33.7227	66145800
Sep 12, 2005	39.6300	39.8600	39.5800	39.7300	33.8078	51689900
Sep 09, 2005	39.4100	39.6900	39.3100	39.6200	33.7142	75342100
Sep 08, 2005	39.2900	39.5700	39.2700	39.4000	33.5270	73529700
Sep 07, 2005	39.3000	39.4800	39.2100	39.4100	33.5355	57440100
Sep 06, 2005	38.9500	39.4100	38.9000	39.3400	33.4759	78106600
Sep 02, 2005	39.0000	39.0300	38.7400	38.7700	32.9909	53244900
Sep 01, 2005	39.0000	39.1500	38.7800	38.9200	33.1185	74884400
Aug 31, 2005	38.6400	39.0100	38.4800	38.9800	33.1696	93426300
Aug 30, 2005	38.5600	38.6600	38.3200	38.6200	32.8632	87373600
Aug 29, 2005	38.2600	38.8500	38.2600	38.7600	32.9823	74940400
Aug 26, 2005	38.5300	38.6000	38.2700	38.4600	32.7271	63840700
Aug 25, 2005	38.5700	38.6900	38.4900	38.5900	32.8377	52328800
Aug 24, 2005	38.6500	39.1800	38.4600	38.5000	32.7611	95025700
Aug 23, 2005	38.8400	38.9200	38.6100	38.7300	32.9568	57482900
Aug 22, 2005	38.8800	39.1800	38.6000	38.8400	33.0504	88056300
Aug 19, 2005	38.8900	39.0000	38.7900	38.8200	33.0334	52024300
Aug 18, 2005	38.8700	39.1000	38.7700	38.8400	33.0504	72559400
Aug 17, 2005	38.9200	39.1700	38.7900	39.0400	33.2206	74470500
Aug 16, 2005	39.3000	39.3300	38.7400	38.8100	33.0249	94596000
Aug 15, 2005	39.1400	39.6300	39.0800	39.4500	33.5695	63061100
Aug 12, 2005	39.1200	39.3200	38.9700	39.2100	33.3653	86367300
Aug 11, 2005	39.1300	39.5400	39.1000	39.4300	33.5525	92446700
Aug 10, 2005	39.5500	39.6900	38.9700	39.1100	33.2802	102317500
Aug 09, 2005	39.3700	39.5900	39.3100	39.4500	33.5695	62143600
Aug 08, 2005	39.5200	39.6100	39.1400	39.1900	33.3483	63415400
Aug 05, 2005	39.6100	39.7900	39.4300	39.4800	33.5951	66029500
Aug 04, 2005	39.8800	39.9400	39.5700	39.6700	33.7567	72035500
Aug 03, 2005	39.9100	40.1300	39.8800	40.0600	34.0886	61916400
Aug 02, 2005	39.7000	40.1400	39.6500	40.0800	34.1056	79284100
Aug 01, 2005	39.6400	39.8300	39.5200	39.6500	33.7397	59748300
Jul 29, 2005	39.8700	39.9200	39.5200	39.5800	33.6801	74725700
Jul 28, 2005	39.7500	39.9200	39.6400	39.9100	33.9609	66163700
Jul 27, 2005	39.4500	39.7600	39.2300	39.7200	33.7993	78351100
Jul 26, 2005	39.3900	39.5300	39.1900	39.4200	33.5440	67324900
Jul 25, 2005	39.4600	39.6300	39.2000	39.2700	33.4163	51872700
Jul 22, 2005	39.4800	39.5900	39.2200	39.4200	33.5440	71666600
Jul 21, 2005	39.5600	39.6900	39.2100	39.4700	33.5865	127286000
Jul 20, 2005	38.9400	39.5700	38.9000	39.4600	33.5780	91433100
Jul 19, 2005	38.9100	39.2000	38.8400	39.1800	33.3398	77860900
Jul 18, 2005	38.7900	38.8900	38.6900	38.7300	32.9568	58644000
Jul 15, 2005	38.8300	39.0000	38.6500	38.8900	33.0930	67239200
Jul 14, 2005	38.6700	38.8800	38.5200	38.7700	32.9909	99135200
Jul 13, 2005	38.3200	38.4300	38.1700	38.3900	32.6675	72135400
Jul 12, 2005	38.1200	38.4600	38.0100	38.3000	32.5909	86059300
Jul 11, 2005	37.8700	38.1600	37.8000	38.1200	32.4378	96283700
Jul 08, 2005	37.0800	37.8100	36.9900	37.7700	32.1399	101320700
Jul 07, 2005	36.5800	37.0900	36.5500	37.0600	31.5358	119466300
Jul 06, 2005	37.0300	37.2800	36.8600	36.9300	31.4251	79101000
Jul 05, 2005	36.6000	37.1900	36.6000	37.1100	31.5783	79288700
Jul 01, 2005	36.8600	37.0000	36.6800	36.7300	31.2549	55254800
Jun 30, 2005	37.1400	37.2100	36.7500	36.7800	31.2975	87803700
Jun 29, 2005	37.2500	37.2600	36.9700	37.0700	31.5443	71513600
Jun 28, 2005	36.9500	37.2600	36.9000	37.1500	31.6124	73330300
Jun 27, 2005	36.9500	37.0600	36.7000	36.8000	31.3145	72780800
Jun 24, 2005	37.3800	37.4100	36.9600	36.9700	31.4592	142144100
Jun 23, 2005	37.8700	38.1800	37.3300	37.3900	31.8166	122163300
Jun 22, 2005	38.0000	38.1000	37.6300	37.8100	32.1740	75221100
Jun 21, 2005	37.8400	38.0100	37.7000	37.8500	32.2080	97845600
Jun 20, 2005	37.7200	38.0800	37.5800	37.8700	32.2250	67580000
Jun 17, 2005	38.1100	38.2100	37.7500	37.8700	32.2250	83915700
Jun 16, 2005	37.7400	38.0000	37.6600	37.9000	32.2208	90450100
Jun 15, 2005	37.8300	37.8700	37.2500	37.7000	32.0507	103952000
Jun 14, 2005	37.6900	37.8400	37.5000	37.5800	31.9487	62593600
Jun 13, 2005	37.4800	37.9500	37.4600	37.7300	32.0762	82331300
Jun 10, 2005	37.9000	37.9000	37.3800	37.5500	31.9232	85971700
Jun 09, 2005	37.6600	38.0600	37.5000	37.9500	32.2633	99383300
Jun 08, 2005	37.8800	37.9500	37.5600	37.7100	32.0592	79211900
Jun 07, 2005	38.1500	38.4700	37.7400	37.7900	32.1273	108953400
Jun 06, 2005	38.1200	38.1900	37.9600	38.1100	32.3993	52681400
Jun 03, 2005	38.6300	38.6400	38.0200	38.1000	32.3908	96998400
Jun 02, 2005	38.3300	38.6600	38.3000	38.6600	32.8669	75926500
Jun 01, 2005	38.0300	38.6800	38.0200	38.3900	32.6374	110875700
May 31, 2005	38.1900	38.2400	37.9200	38.0800	32.3738	75281500
May 27, 2005	38.1400	38.2500	38.0200	38.2100	32.4843	50076900
May 26, 2005	37.9800	38.2700	37.9800	38.1900	32.4673	84066800
May 25, 2005	37.8400	37.8800	37.5900	37.8100	32.1442	76470600
May 24, 2005	37.7600	38.0000	37.7000	37.9700	32.2803	100830000
May 23, 2005	37.6600	37.9900	37.6000	37.8500	32.1783	93068200
May 20, 2005	37.4500	37.6900	37.3500	37.6600	32.0167	66530100
May 19, 2005	37.2900	37.5200	37.2000	37.5100	31.8892	92619700
May 18, 2005	36.8000	37.3600	36.7100	37.2000	31.6257	128105900
May 17, 2005	36.3500	36.7400	36.2100	36.7000	31.2006	91665900
May 16, 2005	36.2400	36.5400	36.1300	36.4800	31.0136	79093200
May 13, 2005	35.9900	36.4700	35.8900	36.2400	30.8095	133273500
May 12, 2005	36.0300	36.2000	35.6600	35.8500	30.4780	116602200
May 11, 2005	35.8200	36.0300	35.3000	35.9500	30.5630	131952400
May 10, 2005	35.8600	35.9600	35.6200	35.7700	30.4099	77194700
May 09, 2005	35.8700	36.0600	35.6600	36.0300	30.6310	66298400
May 06, 2005	35.9700	36.0200	35.7200	35.8600	30.4865	77310200
May 05, 2005	35.7500	35.9200	35.5300	35.7600	30.4015	79341700
May 04, 2005	35.2900	35.8300	35.2400	35.7300	30.3759	90480600
May 03, 2005	35.0500	35.4300	35.0300	35.3000	30.0104	103428700
May 02, 2005	35.1000	35.2600	34.8900	35.1200	29.8574	67648800
Apr 29, 2005	35.0000	35.0600	34.3500	34.9800	29.7383	144435900
Apr 28, 2005	34.9200	35.1500	34.7200	34.7500	29.5428	98181900
Apr 27, 2005	34.8700	35.2500	34.7300	35.1000	29.8403	112539300
Apr 26, 2005	35.2900	35.7000	35.0400	35.0500	29.7978	104958800
Apr 25, 2005	35.3000	35.4600	35.1500	35.3800	30.0784	72170100
Apr 22, 2005	35.4600	35.4700	34.8200	35.0900	29.8319	114996800
Apr 21, 2005	35.1200	35.7100	34.9600	35.6200	30.2824	124505100
Apr 20, 2005	35.2100	35.2900	34.5900	34.7000	29.5003	140457400
Apr 19, 2005	35.0200	35.1000	34.7500	34.9900	29.7468	96922100
Apr 18, 2005	34.7100	35.0000	34.6400	34.7500	29.5428	110084000
Apr 15, 2005	35.2400	35.3700	34.6800	34.7400	29.5343	170013300
Apr 14, 2005	36.0600	36.1000	35.5000	35.5500	30.2229	158057900
Apr 13, 2005	36.5600	36.6000	35.9800	36.0600	30.6565	108995500
Apr 12, 2005	36.4400	36.7400	35.9100	36.6600	31.1666	144848500
Apr 11, 2005	36.7500	36.7800	36.4000	36.4800	31.0136	70976000
Apr 08, 2005	37.0000	37.0700	36.6000	36.6400	31.1496	92332900
Apr 07, 2005	36.5300	36.9500	36.5100	36.9400	31.4046	88618000
Apr 06, 2005	36.6600	36.9100	36.4200	36.5000	31.0306	82168900
Apr 05, 2005	36.4900	36.6700	36.4200	36.5600	31.0816	66266600
Apr 04, 2005	36.2500	36.6000	36.0300	36.4600	30.9966	100090300
Apr 01, 2005	36.8200	36.8800	36.1300	36.2000	30.7755	143814300
Mar 31, 2005	36.7300	36.7500	36.4400	36.5700	31.0900	86578900
Mar 30, 2005	36.2300	36.7800	36.2200	36.7300	31.2261	114711000
Mar 29, 2005	36.2700	36.5800	35.9400	36.0500	30.6480	119554300
Mar 28, 2005	36.4100	36.6100	36.3100	36.3400	30.8945	59739000
Mar 24, 2005	36.3900	36.6500	36.2700	36.2700	30.8350	77566800
Mar 23, 2005	36.0900	36.4900	36.0700	36.2600	30.8265	97444900
Mar 22, 2005	36.6100	36.7500	36.1100	36.1300	30.7160	114016300
Mar 21, 2005	36.6000	36.7500	36.2500	36.5800	31.0986	92752500
Mar 18, 2005	36.7500	36.7900	36.3500	36.5100	31.0391	108899400
Mar 17, 2005	36.6100	36.8900	36.5400	36.7100	31.2091	100429600
Mar 16, 2005	36.9100	37.1800	36.5300	36.6200	31.1326	159578000
Mar 15, 2005	37.4200	37.4800	36.9900	37.0400	31.4896	93856300
Mar 14, 2005	37.2400	37.3600	37.0300	37.3400	31.7447	65576200
Mar 11, 2005	37.6900	37.8200	37.0200	37.1700	31.6002	102857500
Mar 10, 2005	37.6100	37.6700	37.0800	37.5200	31.8977	97043600
Mar 09, 2005	37.6700	37.9300	37.4700	37.5700	31.9402	98063000
Mar 08, 2005	38.0100	38.2100	37.6500	37.6800	32.0337	89595200
Mar 07, 2005	37.6000	38.2900	37.5600	38.0600	32.3568	93563900
Mar 04, 2005	37.6000	37.7500	37.4000	37.5200	31.8977	86622300
Mar 03, 2005	37.7100	37.7300	37.0200	37.3000	31.7107	89793800
Mar 02, 2005	37.4100	38.0200	37.3600	37.6100	31.9742	107270600
Mar 01, 2005	37.3700	37.7000	37.3300	37.6300	31.9912	78460600
Feb 28, 2005	37.4600	37.6000	36.9200	37.2200	31.6427	95731300
Feb 25, 2005	37.3800	37.7000	37.2900	37.6200	31.9827	79988700
Feb 24, 2005	36.8500	37.4400	36.7600	37.4100	31.8042	99334600
Feb 23, 2005	37.0400	37.0700	36.7000	36.9400	31.4046	95010100
Feb 22, 2005	37.0300	37.5500	36.7900	36.8900	31.3621	121232000
Feb 18, 2005	37.4800	37.5700	37.2600	37.3500	31.7532	69158800
Feb 17, 2005	38.0500	38.1400	37.4300	37.4700	31.8552	115628300
Feb 16, 2005	38.0300	38.1600	37.8300	37.9800	32.2888	80273900
Feb 15, 2005	37.9000	38.4800	37.8200	38.1200	32.4078	131406500
Feb 14, 2005	37.7000	37.9400	37.6900	37.8700	32.1953	54908900
Feb 11, 2005	37.0300	37.8500	36.9300	37.7000	32.0507	108684100
Feb 10, 2005	37.2600	37.3200	36.8800	37.1500	31.5832	110373000
Feb 09, 2005	37.7700	37.8000	37.0600	37.1100	31.5491	93276600
Feb 08, 2005	37.6600	38.0100	37.6200	37.7400	32.0847	72821700
Feb 07, 2005	37.8000	37.9100	37.5200	37.6700	32.0252	71551400
Feb 04, 2005	37.1500	37.8200	37.1500	37.7500	32.0932	99302000
Feb 03, 2005	37.3800	37.4100	37.0000	37.1500	31.5832	90157900
Feb 02, 2005	37.6400	37.7300	37.3100	37.5800	31.9487	100160500
Feb 01, 2005	37.4900	37.6500	37.3700	37.5200	31.8977	76610300
Jan 31, 2005	37.3600	37.5300	37.2600	37.4000	31.7957	89139900
Jan 28, 2005	37.2200	37.2700	36.6200	36.9200	31.3876	111648600
Jan 27, 2005	37.0900	37.2700	36.8700	37.1000	31.5406	103654700
Jan 26, 2005	36.9600	37.2900	36.8200	37.1500	31.5832	107465800
Jan 25, 2005	36.7700	37.0900	36.6600	36.7100	31.2091	119171300
Jan 24, 2005	37.1200	37.2000	36.4600	36.5300	31.0561	137499000
Jan 21, 2005	37.4800	37.5500	36.9900	37.0500	31.4981	138569200
Jan 20, 2005	37.6500	37.8100	37.3200	37.3500	31.7532	120963900
Jan 19, 2005	38.7300	38.7500	38.0600	38.0800	32.3738	104981000
Jan 18, 2005	38.2800	38.7900	38.2200	38.7200	32.9179	91760400
Jan 14, 2005	38.2000	38.5200	38.1900	38.4300	32.6713	93460900
Jan 13, 2005	38.5800	38.8500	38.0100	38.0700	32.3653	101982400
Jan 12, 2005	38.4300	38.6000	38.0100	38.5800	32.7989	127754900
Jan 11, 2005	38.3700	38.5000	38.0700	38.2600	32.5268	106398800
Jan 10, 2005	38.4400	38.8700	38.3900	38.5300	32.7564	88764200
Jan 07, 2005	38.5600	38.8700	38.2100	38.5500	32.7734	123104000
Jan 06, 2005	38.6300	38.7100	38.3400	38.3500	32.6033	102934600
Jan 05, 2005	38.6800	38.9600	38.4700	38.5400	32.7649	127925500
Jan 04, 2005	39.6700	39.7400	38.5500	38.7800	32.9689	136623200
Jan 03, 2005	40.0900	40.2900	39.3700	39.5000	33.5810	100970900
Dec 31, 2004	40.0300	40.1200	39.7800	39.9200	33.9381	44112300
Dec 30, 2004	40.0700	40.1200	39.9300	39.9900	33.9976	41717600
Dec 29, 2004	39.9200	40.1600	39.9000	40.0200	34.0231	46594800
Dec 28, 2004	39.6700	40.0000	39.6100	39.9700	33.9806	62563100
Dec 27, 2004	39.9800	40.0200	39.4000	39.5900	33.6575	67157700
Dec 23, 2004	39.6100	39.9100	39.5400	39.7600	33.8021	45782000
Dec 22, 2004	39.5400	39.9300	39.4900	39.7300	33.7765	75298000
Dec 21, 2004	39.3900	39.7100	39.2800	39.6800	33.7340	83184700
Dec 20, 2004	39.5700	39.7700	39.0900	39.2000	33.3260	106397600
Dec 17, 2004	39.6400	39.8100	39.4300	39.4700	33.5555	97947000
Dec 16, 2004	40.3400	40.4500	39.8200	39.9500	33.6414	86101300
Dec 15, 2004	40.4900	40.6800	40.1500	40.3300	33.9614	95179300
Dec 14, 2004	40.2800	40.5900	40.2500	40.4800	34.0877	91985000
Dec 13, 2004	40.2300	40.3400	39.9800	40.2800	33.9193	74296400
Dec 10, 2004	39.8400	40.0700	39.7400	39.9300	33.6245	86177300
Dec 09, 2004	39.4900	40.1900	39.2400	40.0500	33.7256	134346000
Dec 08, 2004	39.6000	39.9800	39.5000	39.8100	33.5235	10121300
Dec 07, 2004	40.3500	40.5000	39.5300	39.5800	33.3298	121439800
Dec 06, 2004	40.1200	40.4300	39.9100	40.2700	33.9108	70415100
Dec 03, 2004	40.3500	40.5900	40.0800	40.1300	33.7929	114227700
Dec 02, 2004	39.8200	40.3900	39.7600	40.0700	33.7424	122005600
Dec 01, 2004	39.2700	39.9600	39.2700	39.9200	33.6161	102375000
Nov 30, 2004	39.3000	39.3900	39.0600	39.1200	32.9424	87663100
Nov 29, 2004	39.4600	39.6400	38.9700	39.2000	33.0098	94765400
Nov 26, 2004	39.3700	39.4800	39.1700	39.2100	33.0182	31248900
Nov 24, 2004	39.0900	39.3900	39.0700	39.3300	33.1193	74051700
Nov 23, 2004	39.0100	39.1500	38.6100	38.9900	32.8330	91925300
Nov 22, 2004	38.6100	39.0700	38.4800	39.0500	32.8835	79882600
Nov 19, 2004	39.2400	39.2900	38.5900	38.6800	32.5719	118448900
Nov 18, 2004	38.9800	39.3600	38.8900	39.2900	33.0856	94901100
Nov 17, 2004	38.8300	39.3200	38.8300	39.1100	32.9340	125242500
Nov 16, 2004	38.6600	38.6800	38.3200	38.5900	32.4961	97197500
Nov 15, 2004	38.6400	38.8600	38.5000	38.8300	32.6982	82696000
Nov 12, 2004	38.3400	38.7600	38.1700	38.6600	32.5551	102418100
Nov 11, 2004	37.9100	38.3800	37.8600	38.2900	32.2435	99338800
Nov 10, 2004	37.9300	38.0600	37.6500	37.7900	31.8225	95122300
Nov 09, 2004	37.9300	38.1500	37.8100	37.9200	31.9319	85038700
Nov 08, 2004	37.9500	38.1000	37.8500	38.0000	31.9993	66486000
Nov 05, 2004	38.0200	38.1600	37.6100	37.9600	31.9656	117017900
Nov 04, 2004	37.2600	37.7800	37.1100	37.6200	31.6793	112513700
Nov 03, 2004	37.7600	37.9000	37.1500	37.4100	31.5025	140980100
Nov 02, 2004	37.0900	37.5500	37.0200	37.1600	31.2920	108930700
Nov 01, 2004	36.9800	37.1800	36.8000	37.0400	31.1909	72356000
Oct 29, 2004	36.9100	37.2400	36.6700	36.9000	31.0730	100779200
Oct 28, 2004	36.6800	37.1200	36.5700	36.9600	31.1235	111113900
Oct 27, 2004	35.8400	36.8900	35.7100	36.7300	30.9298	152423400
Oct 26, 2004	35.6500	35.8400	35.4100	35.8200	30.1636	98164500
Oct 25, 2004	35.7300	35.8100	35.4900	35.6300	30.0036	102863000
Oct 22, 2004	36.6100	36.6800	35.7400	35.8000	30.1467	114321100
Oct 21, 2004	36.2400	36.7900	36.1000	36.6000	30.8204	122627600
Oct 20, 2004	35.8300	36.2300	35.6500	36.0500	30.3572	106524200
Oct 19, 2004	36.3800	36.5700	35.7900	35.8800	30.2141	129973500
Oct 18, 2004	35.5100	36.2500	35.4000	36.1400	30.4330	108933400
Oct 15, 2004	35.4900	35.8600	35.2800	35.6300	30.0036	129183400
Oct 14, 2004	35.6900	35.7800	35.3300	35.4500	29.8520	99383700
Oct 13, 2004	36.0500	36.1400	35.4300	35.6100	29.9867	132442500
Oct 12, 2004	35.4300	35.8400	35.2000	35.6900	30.0541	97884100
Oct 11, 2004	35.7200	35.8600	35.6000	35.7500	30.1046	51181600
Oct 08, 2004	36.0800	36.2400	35.5000	35.5800	29.9615	115073000
Oct 07, 2004	36.5400	36.6700	36.1700	36.2400	30.5172	82374300
Oct 06, 2004	36.3100	36.6900	36.1100	36.6500	30.8625	87815500
Oct 05, 2004	36.2300	36.4900	36.1600	36.3600	30.6183	89754400
Oct 04, 2004	36.3600	36.6200	36.2500	36.3100	30.5762	108032600
Oct 01, 2004	35.4500	36.1500	35.3600	36.1000	30.3993	118252700
Sep 30, 2004	35.0200	35.2700	34.8900	35.1400	29.5909	74514600
Sep 29, 2004	34.5400	35.1200	34.5300	35.0800	29.5404	95096200
Sep 28, 2004	34.5500	34.6900	34.2300	34.5700	29.1110	87070300
Sep 27, 2004	34.6200	34.7400	34.3800	34.5000	29.0520	86017600
Sep 24, 2004	34.9900	35.1900	34.7500	34.8000	29.3046	103247400
Sep 23, 2004	34.9800	35.1500	34.8800	34.9200	29.4057	92503200
Sep 22, 2004	35.4400	35.4600	34.8700	34.9500	29.4309	101393400
Sep 21, 2004	35.5400	35.8500	35.4200	35.5700	29.9530	93688400
Sep 20, 2004	35.2900	35.7700	35.1800	35.4300	29.8351	110678100
Sep 17, 2004	35.2300	35.5200	35.1600	35.4300	29.8351	83903400
Sep 16, 2004	35.2600	35.5700	35.1300	35.3200	29.7425	67121000
Sep 15, 2004	35.4200	35.4500	35.1200	35.2500	29.6836	90128700
Sep 14, 2004	35.4500	35.7200	35.3600	35.6300	30.0036	76466300
Sep 13, 2004	35.2500	35.7200	35.1400	35.5800	29.9615	109350500
Sep 10, 2004	34.6100	35.1900	34.4700	35.1200	29.5741	108591600
Sep 09, 2004	34.4500	34.7500	34.1400	34.5900	29.1278	104397500
Sep 08, 2004	34.3100	34.6800	34.1800	34.3000	28.8836	101466100
Sep 07, 2004	34.4000	34.6100	34.1200	34.4300	28.9931	95556500
Sep 03, 2004	34.4400	34.6700	34.0500	34.1400	28.7488	90213700
Sep 02, 2004	34.1800	34.8800	34.1600	34.7800	29.2878	83054000
Sep 01, 2004	33.9300	34.4700	33.8000	34.2700	28.8583	96630600
Aug 31, 2004	34.0200	34.1200	33.6500	34.0200	28.6478	81262000
Aug 30, 2004	34.4100	34.4300	33.9400	33.9800	28.6141	62355700
Aug 27, 2004	34.4700	34.6800	34.4400	34.5600	29.1025	58597200
Aug 26, 2004	34.4600	34.5500	34.3100	34.4000	28.9678	57663400
Aug 25, 2004	34.0700	34.6000	33.9000	34.5500	29.0941	88394600
Aug 24, 2004	34.2500	34.3100	33.8100	34.0800	28.6983	86610500
Aug 23, 2004	34.0500	34.2700	33.9100	34.0900	28.7067	83390800
Aug 20, 2004	33.5700	34.1400	33.5100	34.0100	28.6394	91962400
Aug 19, 2004	33.7300	33.8500	33.4100	33.6700	28.3531	104690200
Aug 18, 2004	33.0600	33.9100	33.0100	33.8500	28.5046	106608500
Aug 17, 2004	33.1200	33.4400	32.9900	33.2600	28.0078	89573100
Aug 16, 2004	32.6100	33.1900	32.5900	32.8900	27.6962	77851300
Aug 13, 2004	32.6500	32.7400	32.3500	32.5200	27.3847	91416100
Aug 12, 2004	32.6900	32.8600	32.3700	32.4700	27.3426	113691800
Aug 11, 2004	32.8500	33.0400	32.5500	32.9200	27.7215	121217700
Aug 10, 2004	32.9600	33.4800	32.9200	33.2100	27.9657	105819800
Aug 09, 2004	32.8100	32.9600	32.6500	32.8000	27.6205	79281900
Aug 06, 2004	33.4000	33.4100	32.6600	32.7200	27.5531	148808600
Aug 05, 2004	34.3500	34.4000	33.6000	33.6000	28.2941	109722900
Aug 04, 2004	34.1500	34.4600	34.0100	34.2400	28.8331	86721000
Aug 03, 2004	34.8400	34.9300	34.1900	34.2300	28.8246	85746500
Aug 02, 2004	34.6100	35.0200	34.4600	34.9600	29.4394	81249000
Jul 30, 2004	34.7600	35.1000	34.6500	34.8900	29.3804	83007800
Jul 29, 2004	34.7100	34.9200	34.5000	34.7800	29.2878	98959800
Jul 28, 2004	34.4100	34.6300	33.8100	34.3800	28.9510	154299800
Jul 27, 2004	34.1900	34.7100	34.0400	34.5300	29.0773	103474700
Jul 26, 2004	34.2400	34.4100	33.7000	34.0600	28.6815	112962200
Jul 23, 2004	34.6200	34.6600	34.0300	34.2100	28.8078	107107100
Jul 22, 2004	34.4800	35.1100	34.2500	34.8700	29.3636	132135800
Jul 21, 2004	35.5700	35.6500	34.3400	34.4000	28.9678	136086800
Jul 20, 2004	34.7400	35.5900	34.7100	35.4300	29.8351	117453700
Jul 19, 2004	34.7800	34.9700	34.4700	34.6000	29.1362	106387900
Jul 16, 2004	35.4300	35.4500	34.6200	34.6700	29.1952	120387100
Jul 15, 2004	35.3200	35.4900	35.0600	35.0700	29.5320	90405700
Jul 14, 2004	35.2000	35.6500	35.0500	35.1900	29.6330	119489200
Jul 13, 2004	35.6800	35.8100	35.4100	35.5500	29.9362	81222000
Jul 12, 2004	35.5700	35.6900	35.2400	35.6000	29.9783	81844500
Jul 09, 2004	35.8400	36.0400	35.6300	35.7500	30.1046	86014700
Jul 08, 2004	35.8100	36.1300	35.5500	35.7000	30.0625	108755400
Jul 07, 2004	35.9600	36.2900	35.9200	36.1000	30.3993	95623100
Jul 06, 2004	36.6000	36.6000	35.8300	36.0300	30.3404	130232600
Jul 02, 2004	37.0400	37.0500	36.6300	36.8200	31.0056	74056400
Jul 01, 2004	37.6600	37.6600	36.7700	37.0400	31.1909	122141800
Jun 30, 2004	37.4500	37.9000	37.3500	37.7400	31.7804	97809500
Jun 29, 2004	37.1000	37.5900	37.0800	37.3700	31.4688	68265900
Jun 28, 2004	37.4900	37.5200	36.9000	37.0200	31.1741	94033200
Jun 25, 2004	37.0000	37.3900	36.9800	37.3300	31.4351	81005400
Jun 24, 2004	37.0200	37.3500	36.9200	37.0500	31.1993	92343200
Jun 23, 2004	36.5700	37.1900	36.5100	37.1200	31.2583	94393900
Jun 22, 2004	36.1600	36.7000	36.0200	36.6800	30.8878	101524300
Jun 21, 2004	36.5200	36.6300	36.0600	36.1500	30.4415	65373100
Jun 18, 2004	36.3000	36.8400	36.2600	36.4400	30.6856	78641500
Jun 17, 2004	36.6500	36.6600	36.2500	36.3900	30.6435	77844200
Jun 16, 2004	36.7700	36.9000	36.6500	36.7300	30.9298	64743300
Jun 15, 2004	36.5600	36.9900	36.5600	36.7900	30.9804	91937700
Jun 14, 2004	36.6100	36.6100	36.1000	36.3200	30.5846	85129900
Jun 10, 2004	36.6900	36.8400	36.5500	36.8400	31.0225	57101300
Jun 09, 2004	36.9800	37.0500	36.5000	36.5800	30.8036	98215200
Jun 08, 2004	36.9000	37.1900	36.8500	37.1000	31.2414	72530900
Jun 07, 2004	36.4400	37.1000	36.3400	37.0500	31.1993	107532600
Jun 04, 2004	36.3400	36.6200	36.1700	36.1900	30.4751	91233200
Jun 03, 2004	36.3000	36.3600	35.8200	35.9800	30.2983	97301400
Jun 02, 2004	36.5600	36.6600	36.1700	36.4200	30.6688	103519800
Jun 01, 2004	36.2700	36.5500	36.1100	36.5000	30.7362	90592700
May 28, 2004	36.3800	36.5500	36.2100	36.5500	30.7783	56379500
May 27, 2004	36.2900	36.5000	36.0600	36.4200	30.6688	110183400
May 26, 2004	35.8600	36.1900	35.8100	36.1900	30.4751	93789700
May 25, 2004	35.1500	36.0800	34.9500	35.9600	30.2814	146321400
May 24, 2004	35.3000	35.4600	35.0000	35.2600	29.6920	99861800
May 21, 2004	35.0100	35.1700	34.7400	35.0200	29.4899	111329200
May 20, 2004	34.7800	35.0200	34.5600	34.8500	29.3467	94938500
May 19, 2004	35.1600	35.5100	34.6300	34.6900	29.2120	141646900
May 18, 2004	34.6600	34.9000	34.6000	34.7300	29.2457	96686400
May 17, 2004	34.3800	34.6600	34.1100	34.4200	28.9846	150652400
May 14, 2004	35.2000	35.3100	34.6400	34.7500	29.2625	133689900
May 13, 2004	35.0600	35.4500	34.9200	35.0100	29.4815	137841700
May 12, 2004	35.1200	35.2900	34.2700	35.2600	29.6920	197765400
May 11, 2004	34.9700	35.3800	34.9200	35.1900	29.6330	120493600
May 10, 2004	34.6700	34.9000	34.4200	34.6700	29.1952	156951400
May 07, 2004	35.0900	35.6400	34.9100	34.9700	29.4478	137686000
May 06, 2004	35.2300	35.4400	34.8500	35.2600	29.6920	102733300
May 05, 2004	35.4200	35.7000	35.2000	35.5300	29.9194	97528500
May 04, 2004	35.2100	35.7500	35.0300	35.2500	29.6836	126176000
May 03, 2004	35.0000	35.5200	34.8900	35.1000	29.5573	117007200
Apr 30, 2004	35.6600	35.8000	34.7200	34.7700	29.2794	150829200
Apr 29, 2004	36.0900	36.3400	35.3000	35.6400	30.0120	156917100
Apr 28, 2004	36.7100	36.7200	36.0200	36.2000	30.4836	111740700
Apr 27, 2004	36.9500	37.1900	36.6900	36.8700	31.0477	87548500
Apr 26, 2004	37.1800	37.2900	36.6500	36.9400	31.1067	74392200
Apr 23, 2004	37.0800	37.2600	36.9000	37.2100	31.3341	91855600
Apr 22, 2004	36.0000	37.0100	35.9800	36.9200	31.0898	137623300
Apr 21, 2004	35.9000	36.1100	35.6500	35.9900	30.3067	117850500
Apr 20, 2004	36.6100	36.7900	35.6400	35.6800	30.0457	119545100
Apr 19, 2004	36.0100	36.5900	35.9800	36.5300	30.7614	85838700
Apr 16, 2004	36.2000	36.3200	35.7900	36.0900	30.3909	110736600
Apr 15, 2004	36.7500	36.8600	36.0200	36.1500	30.4415	123565500
Apr 14, 2004	36.4100	36.9500	36.3600	36.8100	30.9972	113663200
Apr 13, 2004	37.3400	37.3600	36.4600	36.6300	30.8456	100624400
Apr 12, 2004	37.0200	37.2400	36.9800	37.1700	31.3004	55285700
Apr 08, 2004	37.3500	37.3900	36.7400	36.9400	31.1067	77176300
Apr 07, 2004	36.9900	37.1100	36.6600	36.9400	31.1067	91004900
Apr 06, 2004	37.1600	37.2500	36.9200	36.9800	31.1404	98611400
Apr 05, 2004	37.0100	37.5000	36.9700	37.4500	31.5361	67351600
Apr 02, 2004	36.8900	37.1600	36.5200	37.1000	31.2414	145964000
Apr 01, 2004	35.8100	36.2500	35.7800	36.1600	30.4499	93048600
Mar 31, 2004	35.9200	36.0000	35.6100	35.8400	30.1804	85993900
Mar 30, 2004	35.6700	35.9400	35.5200	35.9100	30.2393	95716500
Mar 29, 2004	35.5100	35.9600	35.4900	35.7900	30.1383	103864000
Mar 26, 2004	35.3000	35.5800	35.2000	35.2200	29.6583	78430800
Mar 25, 2004	34.6500	35.4600	34.6200	35.3400	29.7593	142122000
Mar 24, 2004	34.1500	34.6300	34.0100	34.4200	28.9846	118876800
Mar 23, 2004	34.5900	34.6500	34.0100	34.0300	28.6562	125945800
Mar 22, 2004	34.5300	34.5500	34.0300	34.3100	28.8920	133870400
Mar 19, 2004	35.2800	35.4600	34.7200	34.7500	29.2625	99976700
Mar 18, 2004	35.3700	35.4600	34.9700	35.3400	29.7593	111249700
Mar 17, 2004	35.2100	35.6200	35.1800	35.5000	29.8941	91684700
Mar 16, 2004	35.1100	35.2500	34.6300	34.9500	29.4309	123265100
Mar 15, 2004	35.3600	35.4000	34.8100	34.8900	29.3804	115813600
Mar 12, 2004	35.1800	35.5900	35.1500	35.5100	29.9025	118369600
Mar 11, 2004	35.0700	35.5300	34.8000	34.8700	29.3636	152132000
Mar 10, 2004	35.7500	36.0000	35.1300	35.1900	29.6330	134226100
Mar 09, 2004	35.8100	35.9800	35.5200	35.6600	30.0288	126140400
Mar 08, 2004	36.6900	36.8200	35.7300	35.7700	30.1215	112599500
Mar 05, 2004	36.4200	37.1500	36.3600	36.6300	30.8456	118107100
Mar 04, 2004	36.4400	36.8300	36.3900	36.7600	30.9551	65905600
Mar 03, 2004	36.5100	36.6300	36.2100	36.4200	30.6688	83938300
Mar 02, 2004	36.9800	37.1800	36.6100	36.6200	30.8372	91536000
Mar 01, 2004	36.6800	37.0700	36.4700	37.0500	31.1993	79700700
Feb 27, 2004	36.7600	36.9400	36.2700	36.5700	30.7951	99383900
Feb 26, 2004	36.4700	36.8400	36.3100	36.6700	30.8793	71327600
Feb 25, 2004	36.4300	36.6700	36.3300	36.5800	30.8036	74457100
Feb 24, 2004	36.3000	36.6500	36.1000	36.3600	30.6183	124521900
Feb 23, 2004	37.0000	37.0300	36.1100	36.4500	30.6941	125199800
Feb 20, 2004	37.0000	37.1400	36.5500	36.8600	31.0394	132347600
Feb 19, 2004	37.8700	37.9000	36.8200	36.9800	31.1404	100843800
Feb 18, 2004	37.5100	37.6700	37.3200	37.5500	31.6204	70972100
Feb 17, 2004	37.2800	37.6200	37.2200	37.4400	31.5277	69678600
Feb 13, 2004	37.3900	37.9700	36.7600	36.9400	31.1067	90570400
Feb 12, 2004	37.5200	37.7000	37.2400	37.2500	31.3677	70556400
Feb 11, 2004	37.2400	37.6700	37.0700	37.5800	31.6456	92503000
Feb 10, 2004	37.0600	37.4100	37.0300	37.1800	31.3088	65042700
Feb 09, 2004	37.3400	37.3800	37.0500	37.1200	31.2583	58817700
Feb 06, 2004	36.6000	37.2800	36.5300	37.1300	31.2667	107174100
Feb 05, 2004	36.5100	36.7100	36.3300	36.4700	30.7109	96784500
Feb 04, 2004	36.6200	36.8600	36.3300	36.3300	30.5930	109933000
Feb 03, 2004	36.9100	37.2400	36.8400	36.9300	31.0983	73488700
Feb 02, 2004	37.2000	37.4800	36.8200	36.9700	31.1320	94507900
Jan 30, 2004	37.2000	37.4400	36.9700	37.0700	31.2162	84264700
Jan 29, 2004	37.2400	37.3100	36.6600	37.2400	31.3593	143925900
Jan 28, 2004	37.9400	38.0600	37.0000	37.1000	31.2414	127959700
Jan 27, 2004	38.5100	38.6300	37.6900	37.7400	31.7804	97191600
Jan 26, 2004	37.9800	38.6500	37.8400	38.5900	32.4961	84538000
Jan 23, 2004	38.2100	38.4600	37.7800	38.0100	32.0077	88751300
Jan 22, 2004	38.5500	38.6900	38.0600	38.1500	32.1256	90061900
Jan 21, 2004	38.3900	38.6600	38.0000	38.3800	32.3193	112180300
Jan 20, 2004	38.7300	39.0000	38.3100	38.5400	32.4540	81998100
Jan 16, 2004	38.3800	38.6300	38.1700	38.5700	32.4793	77324100
Jan 15, 2004	37.9300	38.4600	37.6300	38.1800	32.1509	104427700
Jan 14, 2004	38.0800	38.2500	37.7500	38.0800	32.0667	68122400
Jan 13, 2004	38.2700	38.3600	37.6000	37.9500	31.9572	92973900
Jan 12, 2004	37.8500	38.3500	37.6800	38.3300	32.2772	77668400
Jan 09, 2004	37.7100	38.3500	37.5900	37.7300	31.7719	94296500
Jan 08, 2004	37.8500	38.0000	37.6000	37.9800	31.9825	76800900
Jan 07, 2004	37.2800	37.6800	37.0700	37.6800	31.7298	71830000
Jan 06, 2004	37.0800	37.4200	36.9500	37.3400	31.4435	60033000
Jan 05, 2004	36.5800	37.1600	36.5600	37.0900	31.2330	69717900
Jan 02, 2004	36.6600	36.7900	36.2200	36.3600	30.6183	55234100
Dec 31, 2003	36.6200	36.6400	36.2500	36.4600	30.7025	60494600
Dec 30, 2003	36.5300	36.5800	36.3000	36.5600	30.7867	48249400
Dec 29, 2003	36.0300	36.5300	36.0200	36.4400	30.6856	63296200
Dec 26, 2003	35.9600	36.0900	35.8200	35.8500	30.1888	25497600
Dec 24, 2003	35.8400	36.0200	35.8000	35.9000	30.2309	44840300
Dec 23, 2003	35.6000	36.0200	35.5300	35.8400	30.1686	66999800
Dec 22, 2003	35.3500	35.6800	35.2900	35.5700	29.9413	63580000
Dec 19, 2003	35.6100	35.6500	35.2000	35.4600	29.8487	89762300
Dec 18, 2003	34.9500	35.6400	34.9500	35.5600	29.9329	89978100
Dec 17, 2003	34.8100	35.0000	34.5700	34.9100	29.3858	68539900
Dec 16, 2003	34.7900	35.0200	34.4200	34.8500	29.3353	89854700
Dec 15, 2003	35.9300	35.9900	34.6500	34.7800	29.2764	106091400
Dec 12, 2003	35.3100	35.3400	34.9000	35.2400	29.6635	72189400
Dec 11, 2003	34.5000	35.3900	34.4900	35.3000	29.7141	108374700
Dec 10, 2003	34.5000	34.7000	34.1300	34.5600	29.0912	103504200
Dec 09, 2003	35.4400	35.4600	34.3500	34.4300	28.9817	109949500
Dec 08, 2003	35.0200	35.3300	34.7800	35.2400	29.6635	86961200
Dec 05, 2003	35.2700	35.5000	34.9600	35.0400	29.4952	87490200
Dec 04, 2003	35.3800	35.7100	35.0800	35.6300	29.9918	102334800
Dec 03, 2003	35.8400	36.1200	35.2500	35.2500	29.6720	107568500
Dec 02, 2003	35.8200	36.0500	35.5800	35.7000	30.0508	62504500
Dec 01, 2003	35.7100	36.0100	35.4700	35.9000	30.2191	82767300
Nov 28, 2003	35.2600	35.5000	35.2100	35.3800	29.7814	24802600
Nov 26, 2003	35.4000	35.5200	34.8100	35.3400	29.7477	72842900
Nov 25, 2003	35.2900	35.4500	35.0900	35.1800	29.6131	72519800
Nov 24, 2003	34.5200	35.2500	34.4700	35.1800	29.6131	92057500
Nov 21, 2003	34.0800	34.2600	33.7300	34.2300	28.8134	81787500
Nov 20, 2003	33.9200	34.6800	33.8100	33.8800	28.5188	117324500
Nov 19, 2003	34.0100	34.4000	33.8800	34.2100	28.7965	86320300
Nov 18, 2003	34.8700	34.9700	33.8200	33.8800	28.5188	108588500
Nov 17, 2003	34.8400	34.9100	34.2600	34.6800	29.1922	108063100
Nov 14, 2003	35.8100	36.0200	34.9500	35.0400	29.4952	90932200
Nov 13, 2003	35.7100	35.9000	35.5500	35.7700	30.1097	64243000
Nov 12, 2003	35.1700	35.9600	35.1400	35.8100	30.1433	80364600
Nov 11, 2003	35.1500	35.3000	34.8500	35.0600	29.5120	75607100
Nov 10, 2003	35.7000	35.7400	35.0900	35.1900	29.6215	68896400
Nov 07, 2003	36.0800	36.1800	35.6000	35.6300	29.9918	63505200
Nov 06, 2003	35.7900	35.9700	35.3400	35.9400	30.2528	90567400
Nov 05, 2003	35.5200	35.8900	35.1500	35.8400	30.1686	67412700
Nov 04, 2003	35.6900	35.8700	35.4500	35.5200	29.8992	60033900
Nov 03, 2003	35.4300	35.9800	35.3600	35.7600	30.1013	71141200
Oct 31, 2003	35.4400	35.4900	35.0600	35.1800	29.6131	55473200
Oct 30, 2003	35.8100	36.0000	35.1400	35.3900	29.7898	95062600
Oct 29, 2003	35.2000	35.4100	35.0700	35.3200	29.7309	74075200
Oct 28, 2003	34.4300	35.4100	34.3700	35.3600	29.7646	107375700
Oct 27, 2003	34.2800	34.4500	34.0400	34.2100	28.7965	63604500
Oct 24, 2003	33.7900	34.2300	33.4900	34.2000	28.7881	101778600
Oct 23, 2003	34.1500	34.5100	34.0500	34.1700	28.7629	95409600
Oct 22, 2003	34.8900	34.9300	34.4400	34.5700	29.0996	88141400
Oct 21, 2003	35.1400	35.4500	34.9400	35.2500	29.6720	73455600
Oct 20, 2003	34.6500	35.0800	34.5000	35.0400	29.4952	75544300
Oct 17, 2003	35.4100	35.4900	34.6000	34.6100	29.1332	97794400
Oct 16, 2003	35.1000	35.5300	35.0600	35.4600	29.8487	73955000
Oct 15, 2003	35.8000	35.8500	35.0300	35.1800	29.6131	97045200
Oct 14, 2003	35.1000	35.4300	34.9600	35.3300	29.7393	62274900
Oct 13, 2003	35.1400	35.3700	34.9200	35.2400	29.6635	60919800
Oct 10, 2003	34.7700	35.0300	34.6400	35.0100	29.4699	68356200
Oct 09, 2003	34.9100	35.2700	34.4300	34.6900	29.2006	118216100
Oct 08, 2003	34.8100	34.8400	34.2200	34.4300	28.9817	71387400
Oct 07, 2003	34.1600	34.6500	34.0100	34.6500	29.1669	80104600
Oct 06, 2003	34.2800	34.4500	34.0600	34.4400	28.9901	49162900
Oct 03, 2003	33.8500	34.4700	33.8200	34.1900	28.7797	112862800
Oct 02, 2003	33.1000	33.4300	32.9300	33.2600	27.9969	83911100
Oct 01, 2003	32.6100	33.2300	32.4200	33.1500	27.9043	106653600
Sep 30, 2003	32.9200	32.9600	32.3600	32.4200	27.2898	119122500
Sep 29, 2003	32.7600	33.1700	32.4500	33.1400	27.8959	96862800
Sep 26, 2003	32.8900	33.1700	32.5200	32.5800	27.4245	106581000
Sep 25, 2003	33.3800	33.7400	32.7600	32.7900	27.6012	117604800
Sep 24, 2003	34.5100	34.5200	33.1700	33.2200	27.9632	115057400
Sep 23, 2003	33.9700	34.5600	33.9100	34.5200	29.0575	77826500
Sep 22, 2003	34.1300	34.2000	33.7700	33.9200	28.5524	97477500
Sep 19, 2003	34.7900	34.8600	34.3600	34.5800	29.1080	69796000
Sep 18, 2003	34.1700	34.8600	34.0000	34.7800	29.2764	91469900
Sep 17, 2003	34.3300	34.5000	34.0300	34.2600	28.8386	79794700
Sep 16, 2003	33.5200	34.4300	33.5200	34.4000	28.9565	87463800
Sep 15, 2003	33.8400	33.9100	33.4400	33.4900	28.1905	54594200
Sep 12, 2003	33.3400	33.8400	33.0500	33.8200	28.4683	104963000
Sep 11, 2003	33.2800	33.7800	33.0100	33.6400	28.3167	96914900
Sep 10, 2003	33.7500	33.8900	33.1100	33.2700	28.0053	111624500
Sep 09, 2003	34.3200	34.3900	33.9200	34.0900	28.6955	87817500
Sep 08, 2003	34.0000	34.5300	33.9500	34.5000	29.0407	69296000
Sep 05, 2003	33.9700	34.3400	33.6700	33.9400	28.5693	91024100
Sep 04, 2003	33.8300	34.2200	33.7000	34.1600	28.7545	63736100
Sep 03, 2003	34.1000	34.2000	33.6500	33.8500	28.4935	85234800
Sep 02, 2003	33.4900	33.8900	33.1300	33.8700	28.5103	80303100
Aug 29, 2003	33.0400	33.4600	32.9800	33.3900	28.1063	53148800
Aug 28, 2003	32.9400	33.1200	32.5200	33.0900	27.8538	55311000
Aug 27, 2003	32.4900	32.8300	32.3700	32.8000	27.6097	47532100
Aug 26, 2003	32.2800	32.5900	31.8100	32.5400	27.3908	79838500
Aug 25, 2003	32.3600	32.5400	32.2100	32.5100	27.3655	43044700
Aug 22, 2003	33.2600	33.3700	32.3800	32.4400	27.3066	92989800
Aug 21, 2003	32.5900	32.8200	32.2700	32.6400	27.4750	77161400
Aug 20, 2003	32.1000	32.5200	32.0200	32.2900	27.1804	58233500
Aug 19, 2003	32.1100	32.3800	31.8500	32.3700	27.2477	68205000
Aug 18, 2003	31.3100	32.0100	31.2300	31.9700	26.9110	67224100
Aug 15, 2003	31.0000	31.2900	30.9300	31.1700	26.2376	28116300
Aug 14, 2003	30.8800	31.1900	30.6700	30.9000	26.0103	50271500
Aug 13, 2003	30.9800	31.0700	30.6500	30.8700	25.9851	57969700
Aug 12, 2003	30.5100	30.9000	30.3300	30.8600	25.9766	59676100
Aug 11, 2003	30.0800	30.6000	30.0300	30.4000	25.5894	63712200
Aug 08, 2003	30.4300	30.5500	29.9300	30.0700	25.3117	66677100
Aug 07, 2003	30.2200	30.5100	30.0200	30.3100	25.5137	67326600
Aug 06, 2003	30.3600	30.7700	30.1000	30.1900	25.4127	96816000
Aug 05, 2003	31.4100	31.4800	30.1000	30.2100	25.4295	111041800
Aug 04, 2003	31.4200	31.8000	30.8400	31.4500	26.4733	96344600
Aug 01, 2003	31.6900	31.7900	31.3000	31.4600	26.4817	73545400
Jul 31, 2003	31.7900	32.3300	31.5200	31.8000	26.7679	85544100
Jul 30, 2003	31.7100	31.7400	31.3300	31.4200	26.4480	56617300
Jul 29, 2003	31.9300	32.0200	31.2400	31.6500	26.6416	80560100
Jul 28, 2003	31.8600	31.9900	31.6000	31.8900	26.8437	56180800
Jul 25, 2003	31.1300	31.8400	30.7700	31.8000	26.7679	82709600
Jul 24, 2003	31.8500	32.0200	31.0800	31.1800	26.2460	82999700
Jul 23, 2003	31.3900	31.6400	30.9900	31.6000	26.5996	69050400
Jul 22, 2003	31.1100	31.5000	30.8600	31.3400	26.3807	91471500
Jul 21, 2003	31.2400	31.3000	30.6100	30.8800	25.9935	111325300
Jul 18, 2003	31.4000	31.5500	30.9200	31.2800	26.3302	80519000
Jul 17, 2003	31.6800	31.8400	31.0400	31.1800	26.2460	116260400
Jul 16, 2003	32.4600	32.5000	31.7300	32.1600	27.0709	80138700
Jul 15, 2003	32.5300	32.6500	31.9400	32.2600	27.1551	75059000
Jul 14, 2003	32.3400	32.7500	32.0700	32.2200	27.1214	84524600
Jul 11, 2003	31.6500	31.9900	31.6100	31.8400	26.8016	67728100
Jul 10, 2003	31.8500	31.9900	31.3300	31.6000	26.5996	102928700
Jul 09, 2003	32.1800	32.4900	31.9300	32.2000	27.1046	89588400
Jul 08, 2003	31.7800	32.3100	31.6200	32.2800	27.1720	81874500
Jul 07, 2003	30.9700	31.9000	30.9600	31.8900	26.8437	88554600
Jul 03, 2003	30.7000	31.1000	30.4700	30.5800	25.7409	50050400
Jul 02, 2003	30.4100	30.9900	30.3800	30.9700	26.0692	81972500
Jul 01, 2003	29.7000	30.3800	29.2600	30.3500	25.5473	105852500
Jun 30, 2003	30.1600	30.3400	29.8000	29.9500	25.2106	72043000
Jun 27, 2003	30.2500	30.5700	29.7700	29.8300	25.1096	82451900
Jun 26, 2003	29.7100	30.2800	29.6100	30.2200	25.4379	79187500
Jun 25, 2003	29.6700	30.1800	29.4700	29.5200	24.8487	94255300
Jun 24, 2003	29.7300	30.1300	29.5300	29.6800	24.9834	83004400
Jun 23, 2003	30.3300	30.3700	29.5600	29.9100	25.1770	86509400
Jun 20, 2003	30.6900	30.7800	30.2500	30.3800	25.5726	71512400
Jun 19, 2003	30.9800	31.2400	30.3800	30.4200	25.6063	79467200
Jun 18, 2003	30.6600	31.2300	30.4500	30.9200	26.0272	80215700
Jun 17, 2003	31.0200	31.1100	30.5600	30.7600	25.8925	67571200
Jun 16, 2003	30.1700	30.9000	30.0000	30.8800	25.9935	71211800
Jun 13, 2003	30.6600	30.7300	29.8600	29.9600	25.2191	83353600
Jun 12, 2003	30.6400	30.7500	30.2600	30.6500	25.7999	79450500
Jun 11, 2003	30.0700	30.6400	29.8000	30.5200	25.6905	87338200
Jun 10, 2003	29.8600	30.2000	29.6800	30.1800	25.4043	69660100
Jun 09, 2003	30.0000	30.2200	29.5300	29.7300	25.0255	94941800
Jun 06, 2003	31.2100	31.4700	30.0400	30.1300	25.3622	157178100
Jun 05, 2003	30.1300	30.6800	29.9700	30.6400	25.7915	88747900
Jun 04, 2003	29.8100	30.5800	29.7200	30.4200	25.6063	87046100
Jun 03, 2003	29.4400	29.8800	29.3300	29.8600	25.1349	81672600
Jun 02, 2003	30.0800	30.2000	29.3100	29.5800	24.8992	102937000
May 30, 2003	29.5300	29.8700	29.4500	29.7900	25.0760	78093700
May 29, 2003	29.2300	29.8000	29.1600	29.3100	24.6719	97336000
May 28, 2003	29.1600	29.4000	28.9600	29.1900	24.5709	76290400
May 27, 2003	27.9300	29.2200	27.9000	29.1000	24.4952	101422100
May 23, 2003	28.0400	28.2500	27.9500	28.1000	23.6534	37922500
May 22, 2003	27.7600	28.3200	27.6200	28.0900	23.6450	62401400
May 21, 2003	27.6500	27.7500	27.4400	27.6900	23.3083	63648500
May 20, 2003	27.7600	27.9600	27.4100	27.7700	23.3756	71817800
May 19, 2003	28.5200	28.6800	27.6100	27.6900	23.3083	91334800
May 16, 2003	28.7300	28.9400	28.4800	28.7000	24.1585	70590400
May 15, 2003	28.7500	28.9800	28.5600	28.9200	24.3436	62232100
May 14, 2003	28.8700	28.9700	28.3600	28.6000	24.0743	62181200
May 13, 2003	28.6300	28.9900	28.5400	28.6600	24.1248	64934300
May 12, 2003	28.3600	28.9600	28.1700	28.8400	24.2763	67487300
May 09, 2003	28.0400	28.4800	28.0000	28.4100	23.9143	58528200
May 08, 2003	27.8500	28.1900	27.7600	27.7700	23.3756	80249100
May 07, 2003	28.4100	28.6900	28.1200	28.2900	23.8133	70353200
May 06, 2003	28.2200	28.9000	28.2100	28.6100	24.0827	77338300
May 05, 2003	28.3300	28.7100	28.1700	28.2500	23.7797	80520300
May 02, 2003	27.6100	28.2900	27.5700	28.2800	23.8049	85004100
May 01, 2003	27.4400	27.8700	27.1900	27.6900	23.3083	66022600
Apr 30, 2003	27.6500	27.7900	27.4300	27.4500	23.1062	60202100
Apr 29, 2003	27.6400	28.0600	27.4100	27.7300	23.3419	79903800
Apr 28, 2003	27.0500	27.6300	26.9500	27.4800	23.1315	59666200
Apr 25, 2003	27.3200	27.4200	26.8600	26.9500	22.6854	63277900
Apr 24, 2003	27.3600	27.7500	27.2700	27.4800	23.1315	72383900
Apr 23, 2003	27.5000	27.7500	27.2600	27.6300	23.2578	70327100
Apr 22, 2003	26.7300	27.4600	26.6500	27.4300	23.0894	70757200
Apr 21, 2003	26.9400	27.1000	26.6200	26.9200	22.6601	52729600
Apr 17, 2003	26.1600	26.9800	26.1500	26.8200	22.5759	70179900
Apr 16, 2003	26.6500	26.8300	26.1200	26.2200	22.0709	70711600
Apr 15, 2003	25.9700	26.4600	25.8500	26.2800	22.1214	64655700
Apr 14, 2003	25.6000	26.1400	25.4900	26.0300	21.9110	52476200
Apr 11, 2003	26.0200	26.1600	25.3600	25.5100	21.4732	67974500
Apr 10, 2003	25.4600	25.7700	25.3000	25.7700	21.6921	57017500
Apr 09, 2003	26.1000	26.2800	25.4100	25.4600	21.4312	76457100
Apr 08, 2003	26.1500	26.2900	25.8800	26.0600	21.9362	54250600
Apr 07, 2003	27.1100	27.2000	26.0700	26.0900	21.9615	83842700
Apr 04, 2003	26.5700	26.6000	25.9700	26.0500	21.9278	65665700
Apr 03, 2003	26.6400	26.8500	26.3100	26.4800	22.2898	70138200
Apr 02, 2003	26.0600	26.5600	26.0300	26.1500	22.0120	75843800
Apr 01, 2003	25.4400	25.6700	25.2500	25.4500	21.4227	73159500
Mar 31, 2003	25.6000	25.7300	25.2100	25.2500	21.2544	89345300
Mar 28, 2003	26.1400	26.4300	25.9500	26.0800	21.9530	45374700
Mar 27, 2003	26.2700	26.6500	26.1000	26.3700	22.1972	64113100
Mar 26, 2003	26.5000	26.7700	26.3600	26.5600	22.3571	67880200
Mar 25, 2003	26.1500	26.7600	26.0100	26.4100	22.2308	78731500
Mar 24, 2003	26.4700	26.6000	25.9700	26.0400	21.9194	85244500
Mar 21, 2003	27.2100	27.3800	26.2000	27.1700	22.8706	93304600
Mar 20, 2003	26.5400	27.1400	26.1700	26.8000	22.5591	92789700
Mar 19, 2003	26.8500	26.9500	26.3300	26.7000	22.4749	91315100
Mar 18, 2003	26.8000	26.9700	26.4200	26.9300	22.6686	96548700
Mar 17, 2003	25.4300	26.8000	25.3500	26.6000	22.3908	141040800
Mar 14, 2003	25.7300	25.9800	25.3600	25.7200	21.6500	89794400
Mar 13, 2003	24.6400	25.6500	24.4000	25.6200	21.5658	128537600
Mar 12, 2003	23.7600	24.2400	23.5400	24.2300	20.3958	77859800
Mar 11, 2003	24.0600	24.2400	23.7800	23.8000	20.0338	54934200
Mar 10, 2003	24.3300	24.4500	23.9100	24.0100	20.2106	55948000
Mar 07, 2003	24.0800	24.6900	23.9600	24.5400	20.6567	73291000
Mar 06, 2003	24.4300	24.6800	24.2300	24.4900	20.6146	59108600
Mar 05, 2003	24.4000	24.7800	24.3200	24.5500	20.6652	69096500
Mar 04, 2003	24.6600	24.7700	24.4200	24.5000	20.6231	56043500
Mar 03, 2003	25.2700	25.4800	24.5600	24.6500	20.7493	60414400
Feb 28, 2003	24.8100	25.2200	24.7200	25.1600	21.1786	50185800
Feb 27, 2003	24.4200	24.9200	24.2700	24.7700	20.8503	66424000
Feb 26, 2003	24.6800	24.9400	24.2000	24.2200	20.3874	60005600
Feb 25, 2003	24.4500	24.9500	24.0800	24.7700	20.8503	74440700
Feb 24, 2003	25.1300	25.2100	24.7100	24.7400	20.8251	56646600
Feb 21, 2003	24.9300	25.3700	24.5100	25.1700	21.1871	70228500
Feb 20, 2003	25.1500	25.2700	24.8400	24.9800	21.0271	59759800
Feb 19, 2003	25.2000	25.2400	24.7100	25.0800	21.1113	45541400
Feb 18, 2003	24.7000	25.3400	24.6800	25.2500	21.2544	73976800
Feb 14, 2003	23.8300	24.5000	23.6200	24.4900	20.6146	67510400
Feb 13, 2003	23.8500	23.9800	23.3200	23.9400	20.1517	77387400
Feb 12, 2003	24.0700	24.3300	23.7800	23.8200	20.0507	51753000
Feb 11, 2003	24.2500	24.6100	23.9200	24.1500	20.3285	77823300
Feb 10, 2003	23.8900	24.2500	23.6200	24.0200	20.2190	67572600
Feb 07, 2003	24.3600	24.4500	23.6500	23.8100	20.0423	72312400
Feb 06, 2003	24.0400	24.3500	23.8600	24.2100	20.3790	103552000
Feb 05, 2003	24.3300	24.8600	24.0100	24.0800	20.2695	80107700
Feb 04, 2003	24.1800	24.3000	23.8200	24.1900	20.3621	68235700
Feb 03, 2003	24.5200	24.7900	24.3800	24.4900	20.6146	53158800
Jan 31, 2003	24.0600	24.7600	24.0100	24.4400	20.5726	90505600
Jan 30, 2003	25.3200	25.4200	24.4900	24.5000	20.6231	70333800
Jan 29, 2003	24.7600	25.4500	24.3400	25.1500	21.1702	95717500
Jan 28, 2003	24.7700	25.0500	24.4200	24.7800	20.8588	65217200
Jan 27, 2003	24.4500	25.0300	24.3700	24.5300	20.6483	76561000
Jan 24, 2003	25.5300	25.5300	24.6400	24.8200	20.8924	74519700
Jan 23, 2003	25.4000	25.8400	25.1100	25.5100	21.4732	78471100
Jan 22, 2003	24.9600	25.5300	24.8700	24.9300	20.9850	80020200
Jan 21, 2003	25.4100	25.5500	25.0200	25.0300	21.0692	67729600
Jan 17, 2003	25.9000	25.9400	25.2700	25.3100	21.3049	77289400
Jan 16, 2003	26.7900	26.9800	26.2500	26.4400	22.2561	68740300
Jan 15, 2003	27.2400	27.3500	26.5800	26.7400	22.5086	55131000
Jan 14, 2003	26.9100	27.3200	26.8500	27.0800	22.7948	46993800
Jan 13, 2003	27.3300	27.4700	26.7300	26.9400	22.6770	72870300
Jan 10, 2003	26.3500	27.2600	26.2200	27.1000	22.8116	82594300
Jan 09, 2003	26.2400	26.9800	26.2200	26.7000	22.4749	75391100
Jan 08, 2003	26.3900	26.9700	25.8400	25.9000	21.8015	74989900
Jan 07, 2003	26.4100	26.9300	26.2500	26.6500	22.4329	88726100
Jan 06, 2003	25.7100	26.5900	25.2000	26.3200	22.1551	67223400
Jan 03, 2003	25.4600	25.7100	25.2800	25.6800	21.6163	39059500
Jan 02, 2003	24.7200	25.5500	24.4500	25.4000	21.3806	65903200
Dec 31, 2002	24.5400	24.7100	24.2800	24.3700	20.5136	46015400
Dec 30, 2002	24.8400	24.9700	24.3600	24.6300	20.7325	57396400
Dec 27, 2002	25.1800	25.8500	24.7500	24.8200	20.8924	42490200
Dec 26, 2002	25.5300	25.9100	25.1700	25.2800	21.2796	33795400
Dec 24, 2002	25.5000	25.7300	25.3200	25.3500	21.3386	16772700
Dec 23, 2002	25.1800	25.7600	25.1300	25.6700	21.6079	45941700
Dec 20, 2002	25.3300	25.4500	25.0700	25.3200	21.3133	65578600
Dec 19, 2002	25.1700	25.7800	24.8100	25.0600	21.0945	95969700
Dec 18, 2002	25.5500	25.6000	25.0500	25.3800	21.3638	67130700
Dec 17, 2002	25.8100	26.2000	25.6600	25.9300	21.8268	62562700
Dec 16, 2002	25.2200	25.9600	25.0700	25.8500	21.7594	60278500
Dec 13, 2002	25.5200	25.5700	25.0100	25.0400	21.0776	72647800
Dec 12, 2002	26.0000	26.6900	25.5600	25.8600	21.7679	62296400
Dec 11, 2002	25.4400	26.0700	25.3200	25.7200	21.6500	64237600
Dec 10, 2002	25.4200	25.9500	25.3500	25.6000	21.5490	69578300
Dec 09, 2002	26.2200	26.5500	25.2000	25.2200	21.2291	75855200
Dec 06, 2002	25.8100	26.7200	25.7400	26.4700	22.2813	81727900
Dec 05, 2002	26.9500	27.0000	26.1300	26.2000	22.0541	84933200
Dec 04, 2002	26.5600	26.9500	26.2100	26.5700	22.3655	130115900
Dec 03, 2002	27.5500	27.5800	26.9300	27.1700	22.8706	76595500
Dec 02, 2002	28.4200	28.7900	27.5700	28.0000	23.5692	85136000
Nov 29, 2002	28.2100	28.2900	27.2200	27.7200	23.3335	34652100
Nov 27, 2002	27.5300	28.2000	27.4800	27.9100	23.4935	73643900
Nov 26, 2002	27.7800	27.8700	26.9000	27.0500	22.7696	80017900
Nov 25, 2002	27.7600	28.2000	27.5400	27.9900	23.5608	72666100
Nov 22, 2002	27.3700	27.9400	27.3200	27.7200	23.3335	73808600
Nov 21, 2002	26.9300	27.8400	26.7500	27.7300	23.3419	105472900
Nov 20, 2002	25.5600	26.7500	25.5400	26.7400	22.5086	75104700
Nov 19, 2002	25.8000	26.0500	25.3000	25.6500	21.5911	88139200
Nov 18, 2002	26.7100	26.7700	25.9900	26.0500	21.9278	76238000
Nov 15, 2002	25.9000	26.4500	25.7500	26.4400	22.2561	69291300
Nov 14, 2002	25.5800	26.4200	25.5200	26.1000	21.9699	85720100
Nov 13, 2002	24.7000	25.7000	24.4900	25.2300	21.2375	119341800
Nov 12, 2002	24.4000	25.4000	24.4000	24.9300	20.9850	88748800
Nov 11, 2002	24.9500	25.0200	24.1500	24.3100	20.4631	74384300
Nov 08, 2002	25.4900	25.8700	24.9600	25.0700	21.1029	76937600
Nov 07, 2002	25.9900	26.1000	25.3100	25.5400	21.4985	82711600
Nov 06, 2002	26.2900	26.6100	25.6400	26.4700	22.2813	116251700
Nov 05, 2002	25.7100	26.1700	25.5600	26.1000	21.9699	79603300
Nov 04, 2002	26.0500	26.8200	25.8000	25.9000	21.8015	110562400
Nov 01, 2002	24.3700	25.4000	24.1400	25.2500	21.2544	86658400
Oct 31, 2002	24.6600	25.0400	24.3600	24.5500	20.6652	81493100
Oct 30, 2002	24.0600	24.7900	23.8500	24.5600	20.6736	103531100
Oct 29, 2002	24.3100	24.4700	23.3700	23.9200	20.1348	90293800
Oct 28, 2002	25.0000	25.0400	24.1700	24.4900	20.6146	90272000
Oct 25, 2002	23.9900	24.7500	23.9900	24.7000	20.7914	71557300
Oct 24, 2002	24.6800	24.8600	23.9200	23.9800	20.1854	88674800
Oct 23, 2002	23.8500	24.6300	23.6700	24.6000	20.7072	88093500
Oct 22, 2002	23.7300	24.3400	23.6500	24.1400	20.3200	89947000
Oct 21, 2002	23.5200	24.4500	23.3000	24.2900	20.4463	85311500
Oct 18, 2002	23.2800	23.8500	22.9300	23.8100	20.0423	84941900
Oct 17, 2002	23.6000	23.8100	22.5800	23.5500	19.8234	95754500
Oct 16, 2002	22.7100	23.1600	22.0700	22.7800	19.1752	97441900
Oct 15, 2002	23.4400	23.6300	23.1800	23.5600	19.8318	118176000
Oct 14, 2002	21.8700	22.5000	21.7800	22.4800	18.9227	78890300
Oct 11, 2002	21.5500	22.3800	21.4200	22.2200	18.7039	124777400
Oct 10, 2002	20.1000	21.2100	19.9100	21.0800	17.7443	109610500
Oct 09, 2002	19.9400	20.5300	19.8400	20.0600	16.8857	103301000
Oct 08, 2002	20.2800	20.6100	19.7600	20.2000	17.0035	94103100
Oct 07, 2002	20.2600	20.5900	19.8500	20.1600	16.9698	79861800
Oct 04, 2002	20.9400	21.0200	20.1100	20.3500	17.1298	81837100
Oct 03, 2002	21.0600	21.4000	20.6800	20.7400	17.4581	74354800
Oct 02, 2002	21.5100	21.9700	20.9700	21.2500	17.8874	94829700
Oct 01, 2002	20.9100	21.9900	20.4700	21.9800	18.5018	102096000
Sep 30, 2002	21.0700	21.2400	20.4900	20.7200	17.4412	91502500
Sep 27, 2002	21.5500	22.2100	21.3100	21.3100	17.9379	92249700
Sep 26, 2002	22.1600	22.3300	21.3700	21.6000	18.1820	104453500
Sep 25, 2002	21.3500	22.0400	21.1000	21.8700	18.4092	98051900
Sep 24, 2002	20.6800	21.4500	20.6500	21.0300	17.7022	91507300
Sep 23, 2002	21.4500	21.5200	20.8100	21.0200	17.6938	72757500
Sep 20, 2002	21.8300	21.9000	21.4800	21.6700	18.2409	78116900
Sep 19, 2002	21.7000	22.1300	21.5500	21.5800	18.1651	86247700
Sep 18, 2002	22.0100	22.5500	21.7800	21.9300	18.4597	92358300
Sep 17, 2002	23.0500	23.2100	22.1800	22.1800	18.6702	89139700
Sep 16, 2002	22.8600	23.0000	22.3700	22.6600	19.0742	58853600
Sep 13, 2002	22.6000	23.0800	22.5200	22.9900	19.3520	79716100
Sep 12, 2002	23.2300	23.2600	22.7100	22.8100	19.2005	70763500
Sep 11, 2002	24.1200	24.3500	23.4200	23.4500	19.7392	73902800
Sep 10, 2002	23.2300	23.6700	23.0300	23.6500	19.9076	74615800
Sep 09, 2002	22.6700	23.3700	22.3900	23.0800	19.4278	72679500
Sep 06, 2002	22.6600	23.2200	22.6000	22.8500	19.2342	86008800
Sep 05, 2002	22.4000	22.5000	21.9300	22.1700	18.6618	91576600
Sep 04, 2002	22.5000	23.0200	22.2400	22.7300	19.1332	82717600
Sep 03, 2002	23.0600	23.4300	22.3400	22.6400	19.0574	81828100
Aug 30, 2002	23.6200	24.0000	23.3800	23.4900	19.7729	59474900
Aug 29, 2002	23.2000	24.2200	23.0200	23.7900	20.0254	97028200
Aug 28, 2002	24.0200	24.0900	23.3900	23.4800	19.7645	115562300
Aug 27, 2002	25.4300	25.5100	24.1500	24.3700	20.5136	92340400
Aug 26, 2002	25.3000	25.3900	24.6100	25.2500	21.2544	83335400
Aug 23, 2002	25.8000	25.8100	24.9500	25.1500	21.1702	75211200
Aug 22, 2002	25.7400	26.2100	25.4200	26.1600	22.0204	80345500
Aug 21, 2002	25.3900	25.8500	25.0000	25.7500	21.6753	101365500
Aug 20, 2002	25.1800	25.4300	24.8500	25.1900	21.2039	89981300
Aug 19, 2002	24.7700	25.5900	24.6800	25.3000	21.2965	76015900
Aug 16, 2002	24.1300	25.0000	23.7300	24.7000	20.7914	95853000
Aug 15, 2002	24.2400	24.5500	23.7200	24.5300	20.6483	120307800
Aug 14, 2002	22.6700	24.2000	22.4700	24.0400	20.2359	102613500
Aug 13, 2002	23.2300	23.8700	22.5500	22.6000	19.0237	88434400
Aug 12, 2002	23.0500	23.4800	22.9000	23.4000	19.6971	62870900
Aug 09, 2002	23.2000	23.7100	22.8800	23.3300	19.6382	93576900
Aug 08, 2002	22.7500	23.6000	22.3000	23.5700	19.8402	111697900
Aug 07, 2002	23.2000	23.3700	21.9600	22.8000	19.1921	125677100
Aug 06, 2002	21.8000	23.0100	21.7900	22.5000	18.9396	115364600
Aug 05, 2002	22.1100	22.3200	21.3000	21.4400	18.0473	84897800
Aug 02, 2002	22.7800	22.8400	21.8200	22.2500	18.7291	86706000
Aug 01, 2002	23.7400	23.9000	22.6600	22.7300	19.1332	85149700
Jul 31, 2002	24.0000	24.1900	23.3600	23.8500	20.0759	93831300
Jul 30, 2002	23.7300	24.6900	23.5900	24.3100	20.4631	117394300
Jul 29, 2002	23.2700	24.1200	23.0800	23.8300	20.0591	96735200
Jul 26, 2002	22.5600	22.8400	22.0100	22.6700	19.0827	96034200
Jul 25, 2002	23.2500	23.4000	21.8000	22.2500	18.7291	153915500
Jul 24, 2002	21.8100	23.6600	21.6400	23.6200	19.8823	186493600
Jul 23, 2002	23.4500	23.7500	22.2800	22.4000	18.8554	150786800
Jul 22, 2002	23.8500	24.5000	23.0900	23.4000	19.6971	150034800
Jul 19, 2002	24.3300	24.7100	23.8000	23.9900	20.1938	124116400
Jul 18, 2002	25.3800	25.5700	24.5200	24.7300	20.8167	114052300
Jul 17, 2002	26.0700	26.4400	24.8900	25.6500	21.5911	157954700
Jul 16, 2002	25.2500	26.0200	24.9000	25.1900	21.2039	148281700
Jul 15, 2002	24.6800	25.6400	23.7500	25.5700	21.5238	140207200
Jul 12, 2002	25.2500	25.5200	24.5500	24.8000	20.8756	130027800
Jul 11, 2002	23.7600	24.8900	23.5300	24.8000	20.8756	170271200
Jul 10, 2002	24.9900	25.0300	23.8300	23.9000	20.1180	115365200
Jul 09, 2002	25.2500	25.4800	24.5900	24.6600	20.7577	91039600
Jul 08, 2002	26.2000	26.5500	25.0800	25.3800	21.3638	97288500
Jul 05, 2002	25.2600	26.3900	25.0500	26.3400	22.1719	56768300
Jul 03, 2002	23.8500	24.7500	23.6200	24.7500	20.8335	101067000
Jul 02, 2002	24.6000	24.7500	23.0900	23.9500	20.1601	111629600
Jul 01, 2002	25.9700	26.1400	24.7800	24.8500	20.9177	64753900
Jun 28, 2002	26.0500	26.7500	25.8500	26.1000	21.9699	87842000
Jun 27, 2002	26.0000	26.2500	25.0200	26.2100	22.0625	121371100
Jun 26, 2002	24.4300	25.7800	24.3900	25.6500	21.5911	149080300
Jun 25, 2002	26.5800	26.7200	25.3000	25.4600	21.4312	136336400
Jun 24, 2002	25.4500	26.8000	25.2100	26.3300	22.1635	219672100
Jun 21, 2002	26.3600	26.7800	25.6500	25.8200	21.7342	168755100
Jun 20, 2002	27.2700	27.4500	25.6700	26.4600	22.2729	99913200
Jun 19, 2002	28.1000	28.3200	27.2500	27.3400	23.0137	93507600
Jun 18, 2002	28.3100	29.1500	28.2800	29.0200	24.4278	100513400
Jun 17, 2002	28.0000	28.7500	27.9100	28.5600	24.0406	87618100
Jun 14, 2002	26.8600	27.7200	26.2000	27.6200	23.2494	122106800
Jun 13, 2002	27.7600	28.2100	27.3500	27.6800	23.2999	97556300
Jun 12, 2002	27.2400	27.9600	26.8300	27.8600	23.4514	152974400
Jun 11, 2002	28.6000	28.6900	27.3600	27.4600	23.1147	84609500
Jun 10, 2002	28.3600	28.7500	28.1400	28.2500	23.7797	73142900
Jun 07, 2002	27.6300	28.7900	27.5200	28.3000	23.8218	106049200
Jun 06, 2002	29.5100	29.5100	27.9000	28.8800	24.3100	91129700
Jun 05, 2002	29.4200	29.8000	28.9700	29.6600	24.9665	95347100
Jun 04, 2002	28.7500	29.6800	28.6100	29.3600	24.7140	98366200
Jun 03, 2002	30.0000	30.2500	28.7900	28.9800	24.3941	77043700
May 31, 2002	30.7600	31.0400	30.0000	30.0400	25.2864	79907400
May 30, 2002	30.0100	30.7200	29.9000	30.5400	25.7073	92080500
May 29, 2002	30.6600	30.9000	30.2400	30.2800	25.4884	73470200
May 28, 2002	31.4700	31.5200	30.4900	31.1000	26.1787	68829400
May 24, 2002	31.5900	31.6900	31.0100	31.2400	26.2965	55874600
May 23, 2002	31.6300	32.1000	30.8000	32.0300	26.9615	94445800
May 22, 2002	30.9700	31.5900	30.4100	31.4000	26.4312	89543100
May 21, 2002	32.3600	32.5900	31.0000	31.3300	26.3723	104180000
May 20, 2002	32.6000	32.7000	31.9400	32.2100	27.1130	78144200
May 17, 2002	33.2900	33.4100	32.4700	32.9300	27.7191	82695000
May 16, 2002	32.5400	33.0500	32.2200	32.8600	27.6602	89916300
May 15, 2002	32.0800	33.6300	31.8500	32.8100	27.6181	150522100
May 14, 2002	32.0500	32.6500	31.8700	32.5700	27.4161	107284700
May 13, 2002	29.8700	30.9800	29.6700	30.7600	25.8925	93971200
May 10, 2002	31.0100	31.0900	29.5000	29.5600	24.8824	112282800
May 09, 2002	31.5700	31.8900	30.8000	30.9500	26.0524	106477200
May 08, 2002	30.1300	31.8800	30.0000	31.7700	26.7427	129741500
May 07, 2002	29.2700	29.3500	28.4200	28.7000	24.1585	101954400
May 06, 2002	29.6300	29.9800	28.8500	28.9700	24.3857	96491200
May 03, 2002	30.4700	30.5100	29.4800	29.7400	25.0339	92103200
May 02, 2002	31.3900	31.9900	30.4600	30.5100	25.6820	85852200
May 01, 2002	31.6700	31.8400	30.5800	31.5600	26.5659	109975700
Apr 30, 2002	31.0300	32.1900	30.9400	31.7300	26.7090	95357900
Apr 29, 2002	31.2400	31.5500	30.5600	31.1200	26.1955	85326800
Apr 26, 2002	32.6600	32.7800	31.0100	31.0400	26.1282	100193400
Apr 25, 2002	32.3000	32.7300	32.0000	32.4200	27.2898	103073700
Apr 24, 2002	33.2100	33.3100	32.2000	32.5000	27.3571	68953900
Apr 23, 2002	33.5900	33.9400	32.7000	33.0100	27.7864	73070300
Apr 22, 2002	34.0100	34.0100	33.2500	33.5900	28.2747	64625600
Apr 19, 2002	35.0500	35.0600	34.3800	34.4600	29.0070	62286800
Apr 18, 2002	34.7800	35.1500	34.0000	34.3500	28.9144	91086100
Apr 17, 2002	35.4000	35.5000	34.6500	35.0200	29.4784	69130100
Apr 16, 2002	34.4300	35.2200	34.4100	35.2000	29.6299	72064700
Apr 15, 2002	33.8000	33.9600	33.2000	33.7900	28.4430	69306800
Apr 12, 2002	33.3200	33.8000	32.9500	33.5200	28.2157	78360100
Apr 11, 2002	33.6600	33.8500	32.8800	33.0000	27.7780	90665600
Apr 10, 2002	33.7600	34.2500	33.1300	33.8400	28.4851	85748700
Apr 09, 2002	34.7800	34.9800	33.4900	33.5900	28.2747	80910200
Apr 08, 2002	33.4700	34.8000	33.4200	34.8000	29.2932	74950700
Apr 05, 2002	35.0100	35.1700	34.1800	34.3700	28.9312	68426000
Apr 04, 2002	34.5000	35.1600	34.2800	34.7600	29.2595	90521500
Apr 03, 2002	35.3000	35.4500	34.3000	35.0300	29.4868	85766400
Apr 02, 2002	35.9800	36.1500	35.0000	35.0900	29.5373	77759800
Apr 01, 2002	35.8000	36.9000	35.3000	36.7500	30.9346	70730500
Mar 28, 2002	36.0200	36.3700	35.9000	36.0600	30.3538	59539400
Mar 27, 2002	35.6300	36.0000	35.4000	35.6100	29.9750	64531800
Mar 26, 2002	35.4200	36.4200	35.4000	35.8900	30.2107	92457500
Mar 25, 2002	36.6900	36.9000	35.5200	35.5600	29.9329	87421900
Mar 22, 2002	36.9400	37.1400	36.4700	36.6800	30.8757	58930100
Mar 21, 2002	36.1500	37.1400	35.9000	37.0200	31.1619	89198800
Mar 20, 2002	36.8700	37.0800	36.0400	36.0600	30.3538	61816500
Mar 19, 2002	37.6000	37.8800	37.2200	37.3800	31.4649	58947600
Mar 18, 2002	37.6300	37.9400	37.0500	37.4400	31.5154	78938300
Mar 15, 2002	36.8900	37.3300	36.5900	37.2300	31.3386	63966500
Mar 14, 2002	37.0600	37.4000	36.7300	36.8600	31.0272	70700500
Mar 13, 2002	37.4100	37.6600	36.8700	37.0800	31.2124	71376200
Mar 12, 2002	37.5700	38.0000	37.3200	38.0000	31.9868	82652100
Mar 11, 2002	38.3500	39.1900	38.0600	38.5300	32.4329	71035200
Mar 08, 2002	38.2300	39.0300	38.1300	38.6700	32.5508	84443700
Mar 07, 2002	38.1200	38.3300	37.0100	37.6800	31.7174	85496000
Mar 06, 2002	37.0800	37.9500	36.6000	37.6000	31.6501	86943400
Mar 05, 2002	36.9300	37.8700	36.8100	37.4200	31.4986	91452600
Mar 04, 2002	35.7000	37.2300	35.4000	37.1500	31.2713	105734600
Mar 01, 2002	34.1500	35.7500	34.0900	35.7400	30.0844	86081600
Feb 28, 2002	34.5100	34.9700	33.7500	33.7800	28.4346	95711200
Feb 27, 2002	35.3900	35.5100	34.0600	34.4000	28.9565	95159300
Feb 26, 2002	35.2300	35.4300	34.3700	34.8800	29.3605	94683300
Feb 25, 2002	34.0000	35.2500	33.9500	35.0100	29.4699	88994700
Feb 22, 2002	33.6100	34.2000	33.0900	33.6500	28.3252	99824200
Feb 21, 2002	34.7900	34.9500	33.4800	33.4800	28.1821	109307800
Feb 20, 2002	34.9000	35.1700	33.9300	35.1500	29.5878	106552700
Feb 19, 2002	35.3700	35.4600	34.3200	34.6800	29.1922	72437200
Feb 15, 2002	36.8300	36.9100	35.6400	35.7800	30.1181	79719900
Feb 14, 2002	37.1500	37.5700	36.0000	36.8800	31.0440	77482300
Feb 13, 2002	36.7200	37.1500	36.6100	36.9500	31.1030	60984700
Feb 12, 2002	36.3100	36.9800	36.0400	36.3300	30.5811	51477700
Feb 11, 2002	36.1400	36.8000	35.9800	36.6300	30.8336	57641200
Feb 08, 2002	35.4600	36.2400	34.9700	36.1700	30.4464	80483100
Feb 07, 2002	35.9900	36.5500	35.0000	35.1900	29.6215	97725900
Feb 06, 2002	36.8400	36.8900	35.7000	36.0600	30.3538	98507600
Feb 05, 2002	36.5900	37.3300	36.1900	36.3100	30.5642	86853800
Feb 04, 2002	37.9600	38.0700	36.6100	36.9200	31.0777	82763300
Feb 01, 2002	38.4000	38.8800	37.7000	38.1400	32.1047	61207100
Jan 31, 2002	38.5700	38.7500	38.0200	38.5100	32.4161	69655500
Jan 30, 2002	38.0000	38.8500	36.8500	38.2700	32.2141	101385500
Jan 29, 2002	39.1300	39.4000	37.5100	37.9800	31.9700	83339800
Jan 28, 2002	39.1500	39.3900	38.4200	39.0500	32.8707	47795900
Jan 25, 2002	38.4700	39.1500	38.3600	38.8300	32.6854	58832100
Jan 24, 2002	38.9400	39.5100	38.7700	38.9400	32.7780	77251200
Jan 23, 2002	37.6500	38.6900	37.3500	38.4300	32.3488	74968800
Jan 22, 2002	39.0000	39.0200	37.3300	37.4000	31.4817	81773800
Jan 18, 2002	38.8300	39.4500	38.2200	38.5900	32.4835	81985600
Jan 17, 2002	39.4800	39.9700	39.0100	39.6500	33.3757	75285900
Jan 16, 2002	39.5300	39.9400	38.7700	38.7800	32.6434	90942000
Jan 15, 2002	40.0300	40.7500	39.5600	40.3400	33.9565	66916100
Jan 14, 2002	40.4900	40.6800	39.7000	39.9600	33.6366	71310700
Jan 11, 2002	41.3500	41.6000	40.4700	40.8500	34.3858	60832900
Jan 10, 2002	41.1700	41.5400	40.6800	41.3800	34.8319	75548000
Jan 09, 2002	42.0400	42.6000	40.9000	41.1100	34.6047	85123000
Jan 08, 2002	41.1000	41.7700	40.8400	41.4900	34.9245	66956800
Jan 07, 2002	42.1100	42.2200	40.1100	41.2100	34.6889	75166200
Jan 04, 2002	41.9500	42.2900	40.9300	41.6700	35.0761	86876900
Jan 03, 2002	40.3100	41.5500	40.2600	41.5000	34.9329	85769100
Jan 02, 2002	39.5700	40.1500	38.9300	40.1100	33.7629	61708800
Dec 31, 2001	40.3100	40.4500	38.9100	38.9100	32.7528	46176900
Dec 28, 2001	40.2900	40.8000	40.2300	40.3300	33.9481	38240400
Dec 27, 2001	39.8500	40.2000	39.6000	40.0100	33.6788	34255200
Dec 26, 2001	39.3700	40.3000	39.1600	39.6900	33.4094	37672900
Dec 24, 2001	39.5400	39.6300	39.1500	39.3200	33.0979	13660400
Dec 21, 2001	39.4200	39.7100	39.1500	39.4800	33.2326	56205000
Dec 20, 2001	40.1000	40.3000	38.6800	38.7900	32.6518	83048800
Dec 19, 2001	40.5600	41.3200	40.3200	40.5100	34.0996	79596200
Dec 18, 2001	41.1600	41.5000	40.1600	41.2600	34.7309	50850400
Dec 17, 2001	40.0200	41.2400	40.0200	40.8000	34.3438	62295500
Dec 14, 2001	39.8700	40.4600	39.5700	40.1100	33.7629	70006300
Dec 13, 2001	40.7100	41.0000	39.7600	39.7600	33.4683	79582600
Dec 12, 2001	41.5000	41.9400	40.6000	41.5600	34.9835	76093400
Dec 11, 2001	41.4600	42.2600	41.1300	41.2300	34.7057	66056500
Dec 10, 2001	41.3200	42.2300	40.8800	41.0000	34.5121	69088000
Dec 07, 2001	42.4800	42.6000	41.1400	41.7300	35.1266	81632600
Dec 06, 2001	42.7000	43.2400	42.3600	42.9100	36.1198	77702100
Dec 05, 2001	41.2000	43.1500	41.1200	42.8500	36.0693	115773700
Dec 04, 2001	39.3400	40.8400	38.4400	40.8300	34.3690	79378700
Dec 03, 2001	39.2900	39.6000	38.8700	38.9700	32.8033	60449800
Nov 30, 2001	39.7300	40.0400	39.3600	39.6500	33.3757	66018200
Nov 29, 2001	39.0300	40.0000	38.7900	39.9500	33.6282	83774700
Nov 28, 2001	39.7300	40.3700	38.6900	38.7500	32.6181	101568200
Nov 27, 2001	40.0500	40.9700	39.2000	40.2000	33.8387	100289700
Nov 26, 2001	39.5800	40.3600	39.0100	40.2500	33.8808	75267500
Nov 23, 2001	38.7600	39.4300	38.5700	39.2800	33.0643	27046000
Nov 21, 2001	38.4700	38.9500	37.9800	38.4200	32.3403	60867900
Nov 20, 2001	40.0800	40.2300	38.4800	38.6200	32.5087	85176500
Nov 19, 2001	39.7900	40.4900	39.4900	40.4900	34.0828	69196300
Nov 16, 2001	39.4800	39.6800	38.9200	39.3700	33.1400	64035500
Nov 15, 2001	39.1600	40.1100	38.9500	39.4800	33.2326	86349700
Nov 14, 2001	39.9600	40.2400	38.7400	39.6400	33.3673	88660100
Nov 13, 2001	39.0300	39.5000	38.6300	39.3600	33.1316	97931800
Nov 12, 2001	37.0000	38.3500	36.3000	38.0000	31.9868	112994400
Nov 09, 2001	37.5900	38.0800	37.1200	37.7300	31.7595	74121900
Nov 08, 2001	38.5500	39.4000	37.2500	37.7500	31.7764	105916300
Nov 07, 2001	37.6100	38.8400	37.5000	38.1400	32.1047	92562100
Nov 06, 2001	36.6000	38.2000	36.3900	38.1900	32.1467	107214900
Nov 05, 2001	36.2600	37.1600	36.1600	36.7600	30.9430	64473000
Nov 02, 2001	35.2700	35.8500	34.8900	35.6000	29.9666	64917700
Nov 01, 2001	34.4400	35.5600	33.7800	35.3400	29.7477	92716000
Oct 31, 2001	34.0400	34.9600	33.6800	33.9000	28.5356	106175500
Oct 30, 2001	33.7100	34.0900	32.8400	33.3800	28.0979	96092200
Oct 29, 2001	36.0000	36.1500	34.0400	34.0400	28.6534	92146800
Oct 26, 2001	36.5000	37.0600	36.0100	36.0100	30.3117	93823900
Oct 25, 2001	34.7000	36.8200	34.2300	36.8000	30.9767	118551900
Oct 24, 2001	34.6000	35.6800	34.3200	35.3800	29.7814	90171400
Oct 23, 2001	34.8200	35.4000	34.0000	34.6300	29.1501	104062200
Oct 22, 2001	33.4400	34.5000	33.2200	34.4500	28.9986	74104900
Oct 19, 2001	32.8600	33.7500	32.0000	33.5500	28.2410	73434200
Oct 18, 2001	32.7000	33.5400	32.4000	33.3300	28.0558	94448200
Oct 17, 2001	35.8700	36.0000	32.3000	32.4500	27.3151	141530300
Oct 16, 2001	34.6600	35.1000	34.0700	34.9600	29.4279	81346800
Oct 15, 2001	34.1200	34.5500	33.6600	34.4000	28.9565	78322000
Oct 12, 2001	34.3300	34.8000	33.1400	34.5500	29.0827	111901600
Oct 11, 2001	33.1900	35.2500	33.1400	34.7000	29.2090	117232200
Oct 10, 2001	30.8700	32.5400	30.7500	32.5000	27.3571	73840600
Oct 09, 2001	31.8600	32.0200	30.8700	31.0900	26.1703	57564800
Oct 08, 2001	31.1300	32.3500	30.9600	31.8600	26.8184	67789600
Oct 05, 2001	31.0000	31.9000	30.2600	31.7600	26.7342	96443400
Oct 04, 2001	31.6500	33.2000	30.9400	31.3000	26.3470	127371500
Oct 03, 2001	28.4200	31.6100	28.3300	31.0000	26.0945	136198600
Oct 02, 2001	28.6500	29.4100	28.4000	28.8200	24.2595	74133400
Oct 01, 2001	28.8500	28.9800	27.8500	28.7300	24.1837	53460800
Sep 28, 2001	28.8400	29.9200	28.3100	28.9800	24.3941	84810800
Sep 27, 2001	28.4000	28.7900	27.4200	28.4800	23.9733	70050700
Sep 26, 2001	29.9500	30.0000	28.4100	28.6700	24.1332	59759800
Sep 25, 2001	29.7100	30.4300	28.9500	29.7000	25.0002	83860600
Sep 24, 2001	29.0800	30.0000	28.5900	29.6100	24.9245	85696500
Sep 21, 2001	27.4100	28.9700	27.2000	28.1900	23.7292	112341900
Sep 20, 2001	29.3000	30.0900	28.8000	28.9700	24.3857	90840200
Sep 19, 2001	30.6400	31.0000	28.2600	29.9700	25.2275	116632800
Sep 18, 2001	31.5300	32.5000	30.3700	30.5000	25.6736	66285300
Sep 17, 2001	31.2500	32.8000	31.0900	31.2000	26.2629	97700900
Sep 10, 2001	33.4900	34.3200	33.3400	34.1000	28.7040	80371300
Sep 07, 2001	33.6200	35.1000	33.3500	33.7000	28.3672	95528800
Sep 06, 2001	34.7400	35.5200	33.7800	33.9000	28.5356	88701800
Sep 05, 2001	35.4900	35.9100	34.1500	35.3300	29.7393	95461200
Sep 04, 2001	36.5100	37.5000	35.3500	35.4700	29.8572	74073600
Aug 31, 2001	36.0300	37.0300	35.9400	36.6300	30.8336	54309000
Aug 30, 2001	36.8000	37.3100	35.7500	36.1700	30.4464	76105800
Aug 29, 2001	38.3700	38.4500	37.1300	37.5600	31.6164	59060500
Aug 28, 2001	39.3200	39.4400	38.0100	38.1200	32.0878	65275500
Aug 27, 2001	39.2800	39.9000	38.8300	39.3500	33.1232	50927500
Aug 24, 2001	37.8600	39.3900	37.7500	39.3000	33.0811	58450600
Aug 23, 2001	37.6700	38.4600	37.3000	37.3200	31.4144	54711800
Aug 22, 2001	37.4500	37.8400	36.5400	37.6900	31.7259	65221400
Aug 21, 2001	38.2900	38.6500	36.6500	36.6900	30.8841	56445600
Aug 20, 2001	37.8500	38.6500	37.5200	38.2800	32.2225	49921300
Aug 17, 2001	38.4400	38.8000	37.7100	37.7600	31.7848	56649300
Aug 16, 2001	38.6400	39.5900	38.0400	39.5600	33.2999	68227300
Aug 15, 2001	40.6200	40.9300	39.0700	39.1000	32.9127	58935300
Aug 14, 2001	41.4900	41.7000	40.5400	40.6000	34.1754	51267600
Aug 13, 2001	40.5900	41.3400	40.2000	41.1000	34.5962	48425700
Aug 10, 2001	40.4200	40.7500	39.2300	40.2800	33.9060	68491900
Aug 09, 2001	40.4100	40.8800	39.9800	40.6700	34.2343	66861400
Aug 08, 2001	41.8500	42.6500	40.3000	40.5000	34.0912	76045200
Aug 07, 2001	42.1000	42.8200	41.9400	42.2800	35.5895	38407500
Aug 06, 2001	42.5300	42.8500	42.3500	42.5000	35.7747	31105700
Aug 03, 2001	43.5300	43.5300	42.5600	43.1800	36.3471	51513700
Aug 02, 2001	43.7900	44.0000	42.8200	43.9100	36.9616	53187300
Aug 01, 2001	42.6300	43.5000	42.4100	43.1000	36.2798	53864800
Jul 31, 2001	41.8400	42.7800	41.5000	41.7600	35.1518	55732500
Jul 30, 2001	42.1300	42.3000	41.4000	41.7000	35.1013	39459400
Jul 27, 2001	41.6400	42.2600	41.3000	41.9500	35.3118	47452900
Jul 26, 2001	40.4500	41.8900	39.9800	41.1000	34.5962	69199300
Jul 25, 2001	40.1400	40.7200	39.4000	40.5000	34.0912	68859600
Jul 24, 2001	40.3800	40.9000	39.3100	40.1500	33.7966	70422900
Jul 23, 2001	42.2400	42.4000	40.5500	40.6100	34.1838	55329400
Jul 20, 2001	41.4900	42.1400	41.3600	41.6500	35.0592	49012800
Jul 19, 2001	42.4600	43.3500	41.7500	42.6400	35.8926	76590200
Jul 18, 2001	42.2700	42.8500	41.1400	41.6500	35.0592	64797200
Jul 17, 2001	41.8200	43.4000	41.5400	43.3000	36.4481	59813000
Jul 16, 2001	43.3700	43.8600	41.9000	42.3500	35.6484	53390800
Jul 13, 2001	43.3800	44.4300	42.9000	43.1500	36.3219	62474200
Jul 12, 2001	42.6300	43.8300	42.3000	43.6000	36.7007	70363300
Jul 11, 2001	40.4200	41.1000	39.8700	41.0000	34.5121	77840200
Jul 10, 2001	42.7600	42.8800	40.4000	40.5000	34.0912	58620000
Jul 09, 2001	41.8900	42.6900	41.5000	42.0100	35.3623	45547500
Jul 06, 2001	43.0100	43.1100	41.4900	41.6500	35.0592	53434800
Jul 05, 2001	44.8700	45.1800	43.4500	43.4500	36.5744	44409800
Jul 03, 2001	45.2500	45.6900	44.8000	45.6400	38.4178	24758400
Jul 02, 2001	45.6500	46.4800	45.1900	45.4500	38.2579	50884300
Jun 29, 2001	45.0900	46.5200	44.7000	45.7000	38.4683	59719600
Jun 28, 2001	44.4000	46.3600	44.3500	44.3500	37.3320	89963700
Jun 27, 2001	43.6800	44.1500	43.0000	43.7900	36.8606	53289400
Jun 26, 2001	42.5400	43.8900	42.4800	43.5100	36.6249	55155100
Jun 25, 2001	43.6100	43.8000	42.6500	43.3600	36.4986	39212100
Jun 22, 2001	43.6200	44.2000	42.5900	43.2500	36.4060	51870400
Jun 21, 2001	42.6700	44.2300	42.3000	43.3500	36.4902	67212600
Jun 20, 2001	41.3000	42.9700	41.2800	42.7700	36.0020	83588600
Jun 19, 2001	43.3200	43.5600	41.2600	41.8200	35.2023	73386900
Jun 18, 2001	42.6400	43.1700	41.4000	42.0300	35.3791	63539100
Jun 15, 2001	41.8000	43.0700	41.2800	42.6000	35.8589	84589400
Jun 14, 2001	44.0200	44.4000	42.0000	42.2500	35.5643	91050300
Jun 13, 2001	46.2700	46.7500	44.5200	44.5500	37.5003	68535400
Jun 12, 2001	44.8700	46.8000	44.2300	45.8000	38.5525	78450500
Jun 11, 2001	46.9000	47.0000	45.4900	46.0500	38.7630	48809400
Jun 08, 2001	48.7200	48.7700	46.9500	47.3500	39.8572	56391400
Jun 07, 2001	47.1300	49.4900	47.0700	48.7000	40.9936	65400200
Jun 06, 2001	48.0800	48.8900	47.0700	47.4800	39.9667	61169500
Jun 05, 2001	46.3000	48.3600	46.2000	47.8500	40.2781	68146400
Jun 04, 2001	46.3300	46.6600	45.2900	45.8300	38.5778	41696000
Jun 01, 2001	45.5400	46.2300	44.3300	46.0500	38.7630	61874300
May 31, 2001	44.5400	45.8500	44.3000	44.7300	37.6518	68018300
May 30, 2001	45.4300	45.8500	44.0800	44.4300	37.3993	81397400
May 29, 2001	48.5000	48.5000	46.1000	46.1200	38.8219	66609600
May 25, 2001	49.9600	50.0200	48.0200	48.9900	41.2377	36191100
May 24, 2001	48.9700	49.9900	48.2700	49.9000	42.0037	61792500
May 23, 2001	50.4400	50.4500	48.6400	48.6500	40.9515	65618000
May 22, 2001	51.3100	51.9500	50.1800	50.9000	42.8455	77233900
May 21, 2001	48.1700	51.1500	47.6500	51.0500	42.9718	85426900
May 18, 2001	47.6400	48.3800	47.0900	48.0400	40.4380	41095100
May 17, 2001	47.4500	48.7900	47.2600	47.9000	40.3202	73810700
May 16, 2001	44.3100	47.5200	44.0600	47.1500	39.6889	80110500
May 15, 2001	44.9000	46.3000	44.5800	45.1500	38.0054	69007600
May 14, 2001	45.3000	45.3600	43.3500	44.8200	37.7276	43108000
May 11, 2001	45.8400	46.4200	45.0900	45.5500	38.3421	48760400
May 10, 2001	47.9200	48.0500	45.7200	45.7700	38.5273	61130300
May 09, 2001	47.0500	47.9500	46.4400	46.5500	39.1838	60984600
May 08, 2001	48.3000	48.3500	46.9900	48.2000	40.5727	56970700
May 07, 2001	48.0000	48.6000	47.1000	47.2000	39.7310	45561600
May 04, 2001	45.3000	48.2000	45.1100	48.2000	40.5727	72673400
May 03, 2001	47.9000	47.9000	46.2000	46.8000	39.3943	67124900
May 02, 2001	48.8000	49.4000	47.5000	48.9800	41.2293	77566500
May 01, 2001	46.2000	48.0800	45.4000	48.0500	40.4465	54498300
Apr 30, 2001	46.2500	47.5700	45.3000	46.1500	38.8471	73859100
Apr 27, 2001	45.1500	45.4700	44.2400	45.1500	38.0054	55580000
Apr 26, 2001	45.9000	46.2500	43.8700	43.9500	36.9953	71110200
Apr 25, 2001	43.9000	45.5800	43.1000	45.1000	37.9633	68418400
Apr 24, 2001	45.1000	46.4200	43.7500	44.3000	37.2899	88888300
Apr 23, 2001	46.9900	47.7200	44.8900	45.1500	38.0054	79317600
Apr 20, 2001	48.1800	49.4400	43.0500	48.4000	40.7411	80598100
Apr 19, 2001	46.1000	48.7500	45.5800	48.3000	40.6569	110467600
Apr 18, 2001	43.7200	48.0000	43.2000	45.5500	38.3421	128891400
Apr 17, 2001	39.9500	42.7000	39.9000	41.2500	34.7225	94694300
Apr 16, 2001	41.9400	42.4300	40.0600	40.2500	33.8808	65229800
Apr 12, 2001	40.3000	42.8000	40.0000	42.8000	36.0272	79531500
Apr 11, 2001	42.1600	42.5000	40.4500	41.0000	34.5121	92829500
Apr 10, 2001	37.9000	40.4600	37.7800	39.8000	33.5020	94265100
Apr 09, 2001	36.7900	37.3900	35.8500	37.0500	31.1871	51638700
Apr 06, 2001	36.9000	37.1000	35.5000	35.9500	30.2612	86123600
Apr 05, 2001	36.0000	37.9600	35.7100	37.3100	31.4060	87035800
Apr 04, 2001	34.7100	35.8100	33.6000	34.0500	28.6618	76473900
Apr 03, 2001	37.2000	37.7500	34.6200	34.6600	29.1753	89015700
Apr 02, 2001	39.1700	39.8500	37.3000	37.4000	31.4817	69713600
Mar 30, 2001	39.3000	39.9800	38.0000	39.1500	32.9548	63661300
Mar 29, 2001	39.3800	40.6100	38.4000	38.9500	32.7865	79654700
Mar 28, 2001	41.9000	42.2000	39.6800	39.7000	33.4178	77863500
Mar 27, 2001	41.8000	43.7200	41.4200	43.2500	36.4060	69945300
Mar 26, 2001	43.4700	43.5000	41.5500	41.8100	35.1939	57666200
Mar 23, 2001	43.5500	43.8300	41.5000	42.8000	36.0272	95277500
Mar 22, 2001	40.6000	42.8000	39.4900	42.8000	36.0272	130208100
Mar 21, 2001	40.5200	41.8000	39.7100	40.3500	33.9649	96200700
Mar 20, 2001	43.4400	43.8100	40.2000	40.3500	33.9649	104796200
Mar 19, 2001	41.4400	43.2600	40.7500	43.2600	36.4144	53248200
Mar 16, 2001	41.8800	42.8000	40.5600	41.2000	34.6804	77784500
Mar 15, 2001	45.2000	45.3100	42.0500	42.1500	35.4801	74135500
Mar 14, 2001	42.7000	45.1900	42.3100	43.7500	36.8269	97190000
Mar 13, 2001	42.7800	44.7400	42.1300	44.4500	37.4161	80024400
Mar 12, 2001	44.0000	44.9500	41.8000	42.3000	35.6064	80674000
Mar 09, 2001	47.2500	47.3700	44.9500	45.1000	37.9633	79990900
Mar 08, 2001	49.3500	49.8100	48.1000	48.5000	40.8253	48965200
Mar 07, 2001	50.4000	50.4300	48.9700	49.4200	41.5997	55215500
Mar 06, 2001	49.3000	50.6600	49.1000	49.4000	41.5828	60828600
Mar 05, 2001	47.5000	48.3600	47.0900	47.5500	40.0256	43888400
Mar 02, 2001	47.2000	49.6300	45.6500	46.7000	39.3101	95927100
Mar 01, 2001	46.9700	49.2000	45.7500	48.8000	41.0778	101773000
Feb 28, 2001	49.4500	50.2100	46.8600	47.4500	39.9414	102187900
Feb 27, 2001	51.5400	52.0800	48.9000	49.0000	41.2461	66741700
Feb 26, 2001	52.0800	52.6000	50.2500	52.1500	43.8977	78342700
Feb 23, 2001	50.0900	51.6000	48.2300	51.1800	43.0812	93337900
Feb 22, 2001	51.4500	52.1600	48.8900	51.0000	42.9297	103855500
Feb 21, 2001	51.5500	54.0700	50.9200	51.5000	43.3505	72349000
Feb 20, 2001	55.7400	55.8400	52.3000	52.9900	44.6048	55298400
Feb 16, 2001	55.9600	56.8700	54.5300	55.1300	46.4061	66779700
Feb 15, 2001	58.8000	60.4900	58.3000	58.4000	49.1587	67801300
Feb 14, 2001	55.4000	57.7500	54.1200	57.4500	48.3590	63048200
Feb 13, 2001	57.6500	59.1800	54.9800	55.2500	46.5071	58914000
Feb 12, 2001	56.2500	57.9400	55.6200	57.0800	48.0475	50540400
Feb 09, 2001	58.2500	58.6000	56.0000	56.4000	47.4751	55385200
Feb 08, 2001	60.9000	61.5000	58.5800	58.7900	49.4869	48269500
Feb 07, 2001	60.5100	61.2000	58.5800	60.6000	51.0105	61972200
Feb 06, 2001	61.4900	63.1200	61.1600	61.6000	51.8523	42417700
Feb 05, 2001	61.1900	61.9000	60.1200	61.5000	51.7681	36016300
Feb 02, 2001	64.9400	65.3000	60.0000	61.5500	51.8102	47471000
Feb 01, 2001	64.5500	65.6100	63.6000	65.1500	54.8405	45142600
Jan 31, 2001	67.2500	67.9900	64.3000	64.3000	54.1250	59322200
Jan 30, 2001	67.1500	67.7400	66.0000	66.7500	56.1874	42439300
Jan 29, 2001	64.7500	67.2500	64.2500	67.0000	56.3978	31514100
Jan 26, 2001	63.5625	65.9375	63.0000	65.5469	55.1746	45681400
Jan 25, 2001	66.8750	67.6719	64.3906	64.5000	54.2934	57151900
Jan 24, 2001	68.0625	69.1250	66.7500	67.1250	56.5030	53905400
Jan 23, 2001	65.9062	68.4062	65.3125	67.7656	57.0422	49859500
Jan 22, 2001	65.8750	67.0000	64.7500	66.3750	55.8717	35777100
Jan 19, 2001	68.1406	68.3125	65.5625	66.3125	55.8191	56292500
Jan 18, 2001	64.1250	66.7500	62.6875	66.5625	56.0295	54934700
Jan 17, 2001	64.5000	65.6094	63.1406	63.8750	53.7673	61388800
Jan 16, 2001	62.5625	62.9219	60.5625	61.9844	52.1758	32203300
Jan 12, 2001	62.7500	64.6250	61.5000	62.7344	52.8072	60793900
Jan 11, 2001	59.2656	63.6875	59.1875	61.9375	52.1364	65451700
Jan 10, 2001	56.1250	60.3750	55.7500	60.1875	50.6633	74258300
Jan 09, 2001	57.7500	59.1250	56.6250	57.2500	48.1906	53318900
Jan 08, 2001	56.3125	57.5000	53.5156	57.2500	48.1906	55576500
Jan 05, 2001	61.3125	61.3125	56.0000	56.6250	47.6645	68782000
Jan 04, 2001	61.6250	63.6250	60.2344	61.3125	51.6103	58465400
Jan 03, 2001	52.1875	65.2500	52.1562	62.4375	52.5573	118175700
Jan 02, 2001	58.5625	58.6875	52.4375	53.4375	44.9814	62514100
Dec 29, 2000	61.5625	62.2344	58.0000	58.3750	49.1376	49191000
Dec 28, 2000	60.7812	62.4844	60.2500	61.4375	51.7155	30996900
Dec 27, 2000	59.6875	62.1875	58.9375	61.5625	51.8207	33955500
Dec 26, 2000	60.5938	61.9219	58.0000	60.8750	51.2420	37082800
Dec 22, 2000	57.6250	60.7500	57.5000	60.5000	50.9264	57240000
Dec 21, 2000	55.0156	58.7500	54.2500	56.0625	47.1910	85875600
Dec 20, 2000	57.3125	58.3750	54.7500	55.7344	46.9149	81432100
Dec 19, 2000	63.4531	65.8594	58.7500	59.1250	49.7690	80489200
Dec 18, 2000	65.1562	65.9688	62.5625	64.0000	53.8725	42950000
Dec 15, 2000	64.2500	65.6250	62.5625	63.8750	53.7673	59026100
Dec 14, 2000	68.5156	69.6875	65.2500	65.3750	55.0299	41562700
Dec 13, 2000	73.4375	73.5000	68.3125	68.7344	57.8577	51661600
Dec 12, 2000	73.5000	73.8750	71.3125	71.6562	60.3172	31054500
Dec 11, 2000	72.0625	74.7812	70.9531	74.3750	62.6057	51829800
Dec 08, 2000	71.0938	73.5000	67.6250	68.0000	57.2395	65856900
Dec 07, 2000	67.0000	68.9844	65.5000	66.5000	55.9769	41481100
Dec 06, 2000	70.5938	72.2969	67.7500	68.0000	57.2395	63352100
Dec 05, 2000	66.0625	71.0000	65.5000	70.6875	59.5018	76531800
Dec 04, 2000	64.1250	65.3594	61.7500	65.0000	54.7143	49106300
Dec 01, 2000	64.0625	66.7656	62.1250	64.0000	53.8725	57112500
Nov 30, 2000	61.7500	64.2500	60.5000	62.9844	53.0176	74792600
Nov 29, 2000	65.8125	66.7500	62.5000	62.9375	52.9781	66189300
Nov 28, 2000	68.9375	69.9375	65.3125	65.4531	55.0957	48812700
Nov 27, 2000	72.5625	72.9375	68.7500	69.5625	58.5548	35416600
Nov 24, 2000	68.3750	70.6250	68.1719	70.4375	59.2913	19987900
Nov 22, 2000	68.4375	70.1250	66.5000	66.6250	56.0821	56623700
Nov 21, 2000	70.1875	71.1250	68.4375	69.7500	58.7126	42128600
Nov 20, 2000	70.9375	72.0625	69.2500	69.8594	58.8047	46862300
Nov 17, 2000	73.1875	75.1875	71.0000	72.8281	61.3036	49913800
Nov 16, 2000	75.3750	77.0000	72.8750	72.8750	61.3431	33898700
Nov 15, 2000	75.5625	78.0625	74.7969	77.3750	65.1310	37760900
Nov 14, 2000	73.0000	76.0000	72.7500	75.8438	63.8421	44829500
Nov 13, 2000	70.9531	74.1875	68.2656	71.8594	60.4882	75023400
Nov 10, 2000	74.2500	75.6875	71.7500	71.7500	60.3961	49235500
Nov 09, 2000	74.7500	76.9375	73.0000	75.6875	63.7106	64955900
Nov 08, 2000	82.1250	82.2500	75.6250	75.7031	63.7237	40338200
Nov 07, 2000	81.4375	82.4688	80.2500	82.1250	69.1294	24334400
Nov 06, 2000	83.6250	84.1250	82.0000	82.4375	69.3924	23485800
Nov 03, 2000	82.8750	83.9375	81.6406	83.0625	69.9185	29837100
Nov 02, 2000	82.1875	83.2500	81.0625	82.0000	69.0241	26594300
Nov 01, 2000	80.3125	82.8125	79.1875	81.0000	68.1824	45186400
Oct 31, 2000	78.0000	82.5625	77.8750	81.7031	68.7743	43863800
Oct 30, 2000	78.1875	79.8750	75.7031	76.7656	64.6181	35496700
Oct 27, 2000	80.8594	81.8594	77.4844	79.7188	67.1039	51046400
Oct 26, 2000	78.1875	80.0000	73.6250	79.8750	67.2354	69991300
Oct 25, 2000	81.2500	82.0000	76.8906	77.8750	65.5519	48635400
Oct 24, 2000	86.4375	87.0000	82.3750	82.5000	69.4450	31466200
Oct 23, 2000	86.1875	87.5000	84.1250	86.1875	72.5490	28989200
Oct 20, 2000	84.5000	87.8750	84.3906	86.3125	72.6542	40692200
Oct 19, 2000	82.3906	85.1094	81.4375	85.0625	71.6020	44278900
Oct 18, 2000	76.7500	81.1875	74.5625	78.0000	65.6571	64354400
Oct 17, 2000	83.1250	83.1719	78.0000	78.2500	65.8675	52101400
Oct 16, 2000	81.1250	82.3125	79.7500	82.0000	69.0241	27644900
Oct 13, 2000	74.6875	81.6250	74.6250	81.2500	68.3928	42410200
Oct 12, 2000	79.2500	79.5625	74.4062	75.1250	63.2371	53223600
Oct 11, 2000	76.8750	80.4531	76.0625	77.0625	64.8680	48462600
Oct 10, 2000	81.8125	83.3125	77.8750	78.3125	65.9202	35283200
Oct 09, 2000	82.5625	83.8125	79.3750	82.6250	69.5503	28834600
Oct 06, 2000	85.5625	86.5625	81.2500	83.0000	69.8659	36335800
Oct 05, 2000	85.2500	87.1875	84.5625	85.8750	72.2860	23443100
Oct 04, 2000	83.5000	86.8594	82.1250	85.6250	72.0755	37672100
Oct 03, 2000	88.0625	88.8125	83.2656	84.0000	70.7077	35731200
Oct 02, 2000	90.2500	90.2500	86.0000	86.7500	73.0225	24968200
Sep 29, 2000	92.0000	92.4531	88.6875	88.7500	74.7060	27198800
Sep 28, 2000	88.7188	93.0000	88.7188	91.5625	77.0735	29050000
Sep 27, 2000	90.6250	91.1875	88.0000	89.5625	75.3900	28482900
Sep 26, 2000	90.7656	92.5000	88.9219	89.4375	75.2847	26011200
Sep 25, 2000	93.6250	94.2500	90.0000	90.4688	76.1528	20560800
Sep 22, 2000	87.6250	93.2500	87.5000	92.9375	78.2309	33710100
Sep 21, 2000	93.7500	94.4844	87.0000	87.7500	73.8643	25031400
Sep 20, 2000	93.3750	95.2344	91.3125	94.6250	79.6513	33123200
Sep 19, 2000	90.7500	93.7812	89.8750	93.1875	78.4413	27568700
Sep 18, 2000	91.8125	93.0000	88.0000	89.8750	75.6530	29218500
Sep 15, 2000	93.1250	93.6250	90.6875	91.3125	76.8631	24994600
Sep 14, 2000	95.2500	95.9375	92.6406	93.0000	78.2835	28615300
Sep 13, 2000	90.2500	93.8750	90.0000	93.5000	78.7044	34093100
Sep 12, 2000	93.5000	94.6875	90.8438	91.3750	76.9156	24256000
Sep 11, 2000	94.5000	96.1250	92.0000	92.8125	78.1257	27262100
Sep 08, 2000	97.7656	98.0000	94.7656	95.1250	80.0722	23475200
Sep 07, 2000	96.8125	99.4219	96.5625	98.1250	82.5975	16669700
Sep 06, 2000	99.2500	99.4844	95.5000	96.0000	80.8087	20964900
Sep 05, 2000	101.6250	101.7500	99.4219	99.5000	83.7550	16348300
Sep 01, 2000	103.0000	103.5156	101.1875	102.6250	86.3854	14071900
Aug 31, 2000	99.6250	102.0000	98.8750	101.6250	85.5437	15588700
Aug 30, 2000	98.3125	99.5000	97.7656	98.8750	83.2288	10545300
Aug 29, 2000	98.6250	99.1719	97.8594	99.0000	83.3340	11162800
Aug 28, 2000	98.2500	99.8438	97.9375	98.5000	82.9132	12314200
Aug 25, 2000	98.4844	99.9531	97.0000	98.0312	82.5186	11764700
Aug 24, 2000	97.4375	98.6875	96.0625	98.5625	82.9658	13567700
Aug 23, 2000	94.6875	97.4375	93.8281	97.0625	81.7031	21396400
Aug 22, 2000	96.0000	97.3594	95.2656	95.5000	80.3879	14878200
Aug 21, 2000	96.0000	96.8594	94.3750	95.5000	80.3879	13560100
Aug 18, 2000	95.9375	96.6250	94.6875	95.2500	80.1774	14706700
Aug 17, 2000	92.9375	95.8750	92.8750	95.7500	80.5983	14492400
Aug 16, 2000	93.4375	94.6875	92.0000	93.9375	79.0726	15245300
Aug 15, 2000	92.7500	93.9844	92.0000	93.0000	78.2835	14090300
Aug 14, 2000	91.3750	93.0000	90.2031	93.0000	78.2835	12539300
Aug 11, 2000	89.2500	91.1094	87.8750	91.0625	76.6526	21050600
Aug 10, 2000	91.8125	92.2344	89.5000	89.8125	75.6004	15336200
Aug 09, 2000	93.6875	94.4375	91.3750	91.6250	77.1261	18649800
Aug 08, 2000	92.0625	94.2500	91.5000	94.1250	79.2305	14832300
Aug 07, 2000	90.8750	93.0312	90.2500	92.2500	77.6522	15103300
Aug 04, 2000	92.0000	92.7656	89.1250	90.1250	75.8634	22283400
Aug 03, 2000	84.2500	91.2500	83.3125	90.4375	76.1265	35874700
Aug 02, 2000	87.8750	90.3906	86.5000	86.6875	72.9699	23578200
Aug 01, 2000	89.8125	89.9844	87.6875	88.2500	74.2851	15751800
Jul 31, 2000	87.6250	90.1250	85.7188	89.4375	75.2847	27609900
Jul 28, 2000	92.1875	92.8750	86.0000	86.8750	73.1277	36485600
Jul 27, 2000	93.9375	95.0625	91.5625	91.8750	77.3365	26141800
Jul 26, 2000	95.5000	96.1250	93.2500	95.6250	80.4931	20318700
Jul 25, 2000	95.6250	97.0000	93.8125	95.7500	80.5983	19065700
Jul 24, 2000	97.9375	99.0000	94.2500	95.0000	79.9670	18579200
Jul 21, 2000	98.4375	99.5156	97.0000	97.0000	81.6505	14411400
Jul 20, 2000	97.8750	100.5000	97.2656	100.3750	84.4914	19521200
Jul 19, 2000	98.3125	98.9375	95.6562	97.2500	81.8610	21828500
Jul 18, 2000	100.3750	100.7812	98.3594	99.5000	83.7550	20684000
Jul 17, 2000	100.9375	102.0625	99.8750	101.7500	85.6489	13140500
Jul 14, 2000	100.2500	101.1250	98.8125	100.6250	84.7019	17219400
Jul 13, 2000	97.9375	99.7500	97.1250	98.5000	82.9132	19566700
Jul 12, 2000	95.4375	97.7500	94.6250	97.2500	81.8610	18252600
Jul 11, 2000	94.0625	95.7500	92.8125	95.0000	79.9670	14374600
Jul 10, 2000	94.6875	95.8750	94.0000	94.4844	79.5330	12659400
Jul 07, 2000	95.0000	97.0000	94.4375	95.9375	80.7562	16603200
Jul 06, 2000	91.5625	94.7500	90.0625	94.0000	79.1253	23594700
Jul 05, 2000	93.6250	93.9688	90.8750	91.5625	77.0735	16489000
Jul 03, 2000	93.5000	95.2500	93.2500	95.2500	80.1774	5212000
Jun 30, 2000	91.8125	93.9531	91.3125	93.4375	78.6517	15153100
Jun 29, 2000	92.9375	93.3750	90.6250	91.6406	77.1392	21355800
Jun 28, 2000	92.9844	95.5000	92.5000	94.0000	79.1253	19259800
Jun 27, 2000	93.7656	95.0625	92.3750	92.8750	78.1783	14786000
Jun 26, 2000	93.0625	94.4219	92.0000	94.0000	79.1253	22169200
Jun 23, 2000	95.0000	95.5000	91.3750	91.5000	77.0209	24888100
Jun 22, 2000	98.6250	99.0000	94.5000	95.2500	80.1774	21526700
Jun 21, 2000	96.8125	99.7188	96.6875	98.8750	83.2288	20880600
Jun 20, 2000	98.2500	99.6875	97.1875	97.6250	82.1766	20988300
Jun 19, 2000	94.0156	98.2500	92.6875	98.0000	82.4923	20042500
Jun 16, 2000	94.7500	95.3125	93.0625	94.2500	79.3357	21203400
Jun 15, 2000	91.8750	93.8750	90.8750	93.7500	78.9148	18807800
Jun 14, 2000	94.8750	94.8750	91.5000	92.1250	77.5470	20274500
Jun 13, 2000	90.5000	94.6250	89.3594	94.2500	79.3357	25187900
Jun 12, 2000	94.3125	94.3125	90.0000	90.7500	76.3896	16484700
Jun 09, 2000	94.7500	94.7500	93.0000	93.7500	78.9148	17014600
Jun 08, 2000	94.6250	94.8750	91.6250	93.2500	78.4939	19313800
Jun 07, 2000	91.5625	94.0000	89.5625	93.6875	78.8622	22524400
Jun 06, 2000	93.1875	95.0000	90.8750	91.2500	76.8104	23200500
Jun 05, 2000	92.2500	95.3125	91.8750	93.8594	79.0069	23784300
Jun 02, 2000	92.6250	93.9375	82.5000	93.6250	78.8096	31677200
Jun 01, 2000	85.1875	88.3750	84.0000	87.3750	73.5486	28993500
May 31, 2000	84.4688	86.6719	82.7500	83.1250	69.9711	29675400
May 30, 2000	80.0000	85.9375	80.0000	85.5625	72.0229	31590400
May 26, 2000	77.7500	79.2500	75.7500	77.7500	65.4467	18203200
May 25, 2000	80.2500	82.2500	76.5000	77.7500	65.4467	29632700
May 24, 2000	75.0000	79.8750	72.2500	79.5000	66.9198	49476000
May 23, 2000	81.3750	82.6250	74.2500	74.8125	62.9740	31898500
May 22, 2000	81.6250	82.2500	75.5781	81.6250	68.7085	43879800
May 19, 2000	83.7500	85.0000	81.3125	81.6875	68.7611	28178100
May 18, 2000	89.0000	89.3594	85.3750	85.7500	72.1808	19063000
May 17, 2000	89.2500	90.5000	87.7500	88.9375	74.8639	20339400
May 16, 2000	90.0000	91.5000	88.0625	90.8125	76.4422	23758800
May 15, 2000	84.8125	88.6250	82.6250	88.3125	74.3378	17950800
May 12, 2000	85.3750	87.5625	84.0000	84.6250	71.2338	17832000
May 11, 2000	82.7500	85.2500	80.8750	84.6250	71.2338	24709700
May 10, 2000	84.3750	84.9844	79.5000	79.7500	67.1302	34847500
May 09, 2000	88.5000	89.1250	84.3125	86.0000	72.3912	19825800
May 08, 2000	90.5000	90.7500	87.7500	87.8750	73.9695	13903000
May 05, 2000	88.1250	92.3125	88.0312	91.4375	76.9682	20571200
May 04, 2000	89.0000	90.7500	87.6250	89.3125	75.1795	17750700
May 03, 2000	89.5000	90.2500	85.5156	89.1250	75.0217	26589700
May 02, 2000	94.8750	95.6250	89.7500	90.1250	75.8634	20307900
May 01, 2000	95.7500	96.8750	94.2500	95.6250	80.4931	23205700
Apr 28, 2000	93.5625	94.7500	92.1250	94.7500	79.7565	24828400
Apr 27, 2000	84.0000	92.4844	82.2500	91.2500	76.8104	37010400
Apr 26, 2000	90.6250	92.4219	87.1250	87.3750	73.5486	25688300
Apr 25, 2000	86.5000	90.5000	86.0000	90.4688	76.1528	28663200
Apr 24, 2000	83.4375	85.2500	79.8750	84.7500	71.3390	31190900
Apr 20, 2000	90.3750	90.9688	86.0625	87.2500	73.4434	21255600
Apr 19, 2000	92.5000	93.6250	89.0625	89.1875	75.0743	28082500
Apr 18, 2000	89.4844	93.0000	87.3750	92.0000	77.4417	36260900
Apr 17, 2000	78.0156	90.0000	78.0000	89.6250	75.4425	55398500
Apr 14, 2000	86.0625	88.5000	78.0000	80.3750	67.6563	60851300
Apr 13, 2000	92.8125	96.0000	88.0000	88.0000	74.0747	46330500
Apr 12, 2000	97.6250	98.7500	90.2500	92.0000	77.4417	34824400
Apr 11, 2000	97.1250	101.5000	95.0625	97.7500	82.2819	34497100
Apr 10, 2000	107.6250	107.6875	99.2500	100.1250	84.2810	26988200
Apr 07, 2000	104.1250	107.3750	102.6250	106.6250	89.7524	20645500
Apr 06, 2000	102.3750	103.8750	99.7500	102.5000	86.2802	30499900
Apr 05, 2000	97.5000	103.9375	96.2500	100.1250	84.2810	37631500
Apr 04, 2000	103.6250	103.9375	88.3125	101.9375	85.8067	66213000
Apr 03, 2000	107.7656	109.1250	100.7500	102.9375	86.6484	31551300
Mar 31, 2000	108.1406	110.6250	104.0000	109.5000	92.1725	31349900
Mar 30, 2000	107.2500	112.7500	103.5000	107.2500	90.2785	42328700
Mar 29, 2000	115.3750	115.4375	110.0000	110.0000	92.5934	27189500
Mar 28, 2000	116.9844	117.8125	113.1250	114.7500	96.5917	18336300
Mar 27, 2000	118.0000	119.5000	117.1250	117.7500	99.1170	11752600
Mar 24, 2000	117.4844	120.5000	115.0156	117.5625	98.9592	22063000
Mar 23, 2000	114.4844	117.7500	113.5625	116.0000	97.6439	19227400
Mar 22, 2000	113.5000	115.9688	111.1250	114.0000	95.9604	24370200
Mar 21, 2000	106.1250	111.9375	103.5625	111.7500	94.0665	33435100
Mar 20, 2000	111.0000	111.5000	106.2500	107.6875	90.6468	21167200
Mar 17, 2000	108.0000	111.0625	107.9375	110.8125	93.2773	31422400
Mar 16, 2000	105.3750	109.2500	101.0000	108.7500	91.5412	55282200
Mar 15, 2000	106.5000	107.0000	101.8750	102.8750	86.5958	51202600
Mar 14, 2000	112.7500	113.3750	105.0000	107.3750	90.3838	39106800
Mar 13, 2000	110.0000	114.1250	109.5312	111.5000	93.8560	37544200
Mar 10, 2000	114.8750	116.4375	113.5078	114.5000	96.3813	29750600
Mar 09, 2000	111.2188	115.5000	109.0938	115.0000	96.8022	30101400
Mar 08, 2000	111.0000	112.0000	106.2812	111.2500	93.6455	43512600
Mar 07, 2000	113.8125	113.8750	108.7500	110.2500	92.8038	39471000
Mar 06, 2000	111.7500	113.2188	110.2500	111.9375	94.2243	23268400
Mar 03, 2000	108.0000	111.1250	107.0000	111.0625	93.4877	32017200
Mar 02, 2000	108.0625	108.1875	104.7500	105.1328	88.4964	32739200
Mar 01, 2000	107.2500	108.5625	106.5000	107.6250	90.5942	24468400
Feb 29, 2000	105.7500	107.0938	104.9375	106.7500	89.8577	23978600
Feb 28, 2000	103.2500	105.6875	100.5000	104.0000	87.5428	38216200
Feb 25, 2000	106.1875	107.5000	103.8750	104.0625	87.5955	32617600
Feb 24, 2000	104.8750	106.8047	102.0000	106.5000	89.6472	48868200
Feb 23, 2000	99.6797	105.0000	99.1562	104.2500	87.7533	32170800
Feb 22, 2000	99.0000	99.9375	96.2500	98.7500	83.1236	37226200
Feb 18, 2000	102.6250	103.0000	98.4375	98.4375	82.8606	25271200
Feb 17, 2000	101.1875	103.2500	99.6250	102.1250	85.9645	30080200
Feb 16, 2000	99.9062	101.6875	99.3125	100.0000	84.1758	25310600
Feb 15, 2000	98.9375	100.6250	95.8750	100.4688	84.5704	30572800
Feb 14, 2000	99.9922	100.0000	97.7500	99.7500	83.9654	22814600
Feb 11, 2000	102.0625	102.0625	98.0000	99.8750	84.0706	24876000
Feb 10, 2000	99.8125	102.2500	98.5547	102.2500	86.0697	26341600
Feb 09, 2000	102.0625	102.1953	98.7500	99.0000	83.3340	27258200
Feb 08, 2000	99.3750	102.8750	99.3750	102.6250	86.3854	21999400
Feb 07, 2000	97.2500	98.6250	96.2500	98.5000	82.9132	17761000
Feb 04, 2000	97.0000	98.2422	96.2188	97.1562	81.7821	26640000
Feb 03, 2000	94.3125	96.6250	92.2812	96.5000	81.2297	30579800
Feb 02, 2000	92.2500	94.7188	92.0938	92.8750	78.1783	26169200
Feb 01, 2000	89.5312	92.5000	88.4375	92.0938	77.5207	26417600
Jan 31, 2000	85.8750	90.0000	83.5000	89.6875	75.4951	36014600
Jan 28, 2000	90.0000	90.4688	84.7500	86.0000	72.3912	35313800
Jan 27, 2000	91.7500	92.5000	87.6250	90.5625	76.2317	30739200
Jan 26, 2000	93.2500	93.3125	89.0000	89.2500	75.1269	23095600
Jan 25, 2000	91.8750	94.1172	89.4062	93.0000	78.2835	33276200
Jan 24, 2000	97.4375	97.6250	90.9688	91.6250	77.1261	28340400
Jan 21, 2000	96.5000	96.5625	95.0625	96.2500	81.0192	18698200
Jan 20, 2000	95.5000	96.8750	94.0078	95.0625	80.0196	25958000
Jan 19, 2000	93.4922	96.0000	92.4297	96.0000	80.8087	19006000
Jan 18, 2000	92.0625	94.4375	91.4375	93.8750	79.0200	16752400
Jan 14, 2000	93.0000	93.6250	92.0000	93.3750	78.5992	21898600
Jan 13, 2000	88.5000	91.5000	87.0781	91.2500	76.8104	25165200
Jan 12, 2000	89.0000	89.2422	86.0000	86.0625	72.4438	29050000
Jan 11, 2000	91.7500	92.8750	87.0000	88.0000	74.0747	32546600
Jan 10, 2000	91.0000	93.9375	89.9375	92.5000	77.8626	29675600
Jan 07, 2000	82.9375	90.0000	82.5000	90.0000	75.7582	28138200
Jan 06, 2000	86.8750	88.0000	79.7500	80.0938	67.4196	37134800
Jan 05, 2000	87.5000	89.6250	84.2500	86.0000	72.3912	42496600
Jan 04, 2000	92.0000	93.5000	87.9375	88.2500	74.2851	33786600
Jan 03, 2000	96.1875	96.1875	90.7500	94.7500	79.7565	36345200
Dec 31, 1999	92.6250	93.1875	91.3750	91.3750	76.9156	14464400
Dec 30, 1999	93.6250	93.7500	91.5000	91.5000	77.0209	21887000
Dec 29, 1999	90.0000	92.5000	89.8750	92.5000	77.8626	16512600
Dec 28, 1999	89.7500	90.5000	88.5625	89.1250	75.0217	15346400
Dec 27, 1999	90.3125	90.3438	87.9062	89.6875	75.4951	19281800
Dec 23, 1999	89.8672	90.7500	89.0000	90.2188	75.9424	17543600
Dec 22, 1999	89.1875	89.3125	87.4375	89.1562	75.0480	22313600
Dec 21, 1999	85.1250	89.4375	84.6406	89.4375	75.2847	26003800
Dec 20, 1999	84.4062	85.2500	83.6875	84.8750	71.4442	15392000
Dec 17, 1999	84.5000	84.8750	83.4297	83.7812	70.5235	23892400
Dec 16, 1999	82.1250	83.2500	81.7500	83.0625	69.9185	27219600
Dec 15, 1999	78.6250	81.0625	77.9375	81.0625	68.2350	31797200
Dec 14, 1999	80.7500	81.2188	79.0000	79.5312	66.9460	27760200
Dec 13, 1999	79.6328	81.3359	79.2812	80.9922	68.1758	16209200
Dec 10, 1999	79.9062	80.1875	78.1250	79.9062	67.2617	20428400
Dec 09, 1999	80.0000	80.4375	77.2500	79.2500	66.7093	28445400
Dec 08, 1999	79.8672	80.4922	78.6875	78.8750	66.3937	19563000
Dec 07, 1999	80.0938	80.4062	78.8359	79.8438	67.2091	23397000
Dec 06, 1999	79.4297	80.5000	78.6875	79.8438	67.2091	16018400
Dec 03, 1999	79.3125	80.1875	78.9062	79.1250	66.6041	21444600
Dec 02, 1999	75.3750	77.6250	75.3281	77.4766	65.2165	17229200
Dec 01, 1999	74.3125	75.4688	73.7500	75.0938	63.2108	23205800
Nov 30, 1999	76.5625	76.6875	73.5000	73.5000	61.8692	23702400
Nov 29, 1999	77.5312	78.1875	76.3125	76.4062	64.3156	20485200
Nov 26, 1999	78.4062	78.7812	77.3750	77.6875	65.3941	8045200
Nov 24, 1999	75.1875	77.7422	74.4062	77.4375	65.1836	18617800
Nov 23, 1999	76.4375	76.5000	74.2500	74.9688	63.1055	24047600
Nov 22, 1999	75.9375	77.5000	74.6250	74.6250	62.8162	18841800
Nov 19, 1999	74.7812	75.9062	74.5000	75.7812	63.7895	17939400
Nov 18, 1999	73.3750	75.1094	72.9375	75.1094	63.2239	17738400
Nov 17, 1999	73.8750	74.1953	72.5000	72.8750	61.3431	21683600
Nov 16, 1999	72.3125	74.2188	72.0000	73.8750	62.1849	19126400
Nov 15, 1999	72.2500	72.5000	71.6875	72.0469	60.6460	10909400
Nov 12, 1999	71.6250	72.2500	69.3750	72.1875	60.7644	28646600
Nov 11, 1999	70.7500	71.3438	70.1250	71.2500	59.9753	18501400
Nov 10, 1999	69.1250	70.5938	68.8125	70.0000	58.9231	16561000
Nov 09, 1999	70.1250	70.2500	68.5000	69.0938	58.1602	14629800
Nov 08, 1999	68.4375	69.8047	68.2188	69.5625	58.5548	10890800
Nov 05, 1999	68.8750	69.2188	68.1875	68.1875	57.3974	15134600
Nov 04, 1999	67.6797	67.8125	66.7812	67.5000	56.8187	20048600
Nov 03, 1999	66.3750	67.1250	66.1875	66.7500	56.1874	18752600
Nov 02, 1999	65.7500	66.5625	65.1953	65.4453	55.0891	12834800
Nov 01, 1999	65.7500	66.5312	65.3203	65.4062	55.0562	9681800
Oct 29, 1999	65.0000	66.2500	64.7812	65.7500	55.3456	19000000
Oct 28, 1999	62.3750	63.7500	61.8125	63.5312	53.4779	14103800
Oct 27, 1999	61.3438	61.6250	60.4453	61.4062	51.6892	15225200
Oct 26, 1999	62.7500	63.0938	61.3750	61.5000	51.7681	13542400
Oct 25, 1999	61.6875	62.6797	61.4375	62.0000	52.1890	13855400
Oct 22, 1999	62.6172	63.2500	61.7500	61.9688	52.1627	16589400
Oct 21, 1999	60.2500	62.2500	59.8125	62.2500	52.3994	22454800
Oct 20, 1999	60.3438	61.7422	59.7500	61.2500	51.5577	22486400
Oct 19, 1999	59.7578	60.0625	58.4375	59.4375	50.0320	26657200
Oct 18, 1999	59.9375	60.1562	57.4141	59.1172	49.7624	24714800
Oct 15, 1999	60.1250	61.0000	59.5078	59.8750	50.4002	33703000
Oct 14, 1999	61.5312	62.1250	60.5312	61.6953	51.9325	22130400
Oct 13, 1999	62.4688	63.2188	61.0625	61.3125	51.6103	22570600
Oct 12, 1999	64.4375	64.9531	63.0000	63.1875	53.1886	20182800
Oct 11, 1999	63.9375	64.6875	63.7812	64.6562	54.4249	13016000
Oct 08, 1999	62.8438	63.9375	62.0000	63.7578	53.6686	22523200
Oct 07, 1999	63.5938	63.8984	62.6250	63.0938	53.1097	22013600
Oct 06, 1999	62.3750	63.3359	61.4297	63.2422	53.2346	19098200
Oct 05, 1999	61.7812	62.7500	60.6875	62.0000	52.1890	19526400
Oct 04, 1999	60.5312	61.7812	60.1875	61.5625	51.8207	12434200
Oct 01, 1999	59.3750	60.2109	58.7500	60.2109	50.6830	19607400
Sep 30, 1999	60.1250	60.8125	59.3750	60.1875	50.6633	17604200
Sep 29, 1999	60.7812	61.2188	59.5625	59.5625	50.1372	15557000
Sep 28, 1999	60.1953	61.0000	58.9062	60.7812	51.1631	20622000
Sep 27, 1999	60.9375	61.3750	60.3125	60.5000	50.9264	12608800
Sep 24, 1999	59.6250	60.3125	58.6250	60.0781	50.5712	23570800
Sep 23, 1999	63.2500	63.3750	59.6328	60.0000	50.5055	19766000
Sep 22, 1999	62.0312	62.9219	61.2812	62.5938	52.6888	12441800
Sep 21, 1999	62.9062	63.0312	61.7578	61.9375	52.1364	12265800
Sep 20, 1999	63.5000	63.7500	63.0312	63.4609	53.4188	6187200
Sep 17, 1999	62.0312	63.4375	61.9375	63.3125	53.2938	14506400
Sep 16, 1999	61.4688	62.0312	60.1953	61.4688	51.7418	15371000
Sep 15, 1999	63.4922	63.4922	61.4375	61.5000	51.7681	16096000
Sep 14, 1999	62.1250	63.1484	62.0000	62.7109	52.7874	10022600
Sep 13, 1999	63.0625	63.1875	62.0312	62.3672	52.4981	7240800
Sep 10, 1999	63.2500	63.7422	62.5312	63.1250	53.1360	10251000
Sep 09, 1999	61.5625	62.5625	61.2500	62.4062	52.5310	12677600
Sep 08, 1999	62.0000	62.6250	61.0312	61.5312	51.7944	14303400
Sep 07, 1999	62.5312	63.1562	62.2812	62.3750	52.5047	9009000
Sep 03, 1999	61.6250	62.6797	61.4062	62.6562	52.7414	14195400
Sep 02, 1999	59.0000	60.2188	58.8750	59.9062	50.4266	14583200
Sep 01, 1999	60.0625	60.6250	59.6875	60.1172	50.6041	10752000
Aug 31, 1999	59.4375	60.0625	58.1250	59.6875	50.2424	14590400
Aug 30, 1999	60.1250	60.3125	58.8750	59.0312	49.6900	10141600
Aug 27, 1999	60.9297	60.9375	59.7188	59.8750	50.4002	9635400
Aug 26, 1999	61.5000	61.7188	60.3828	60.4766	50.9066	9753000
Aug 25, 1999	60.5938	61.7500	59.9375	61.5000	51.7681	11352000
Aug 24, 1999	59.3750	60.8750	59.2578	60.2188	50.6896	13891400
Aug 23, 1999	58.5000	59.8125	58.3672	59.8125	50.3477	9652000
Aug 20, 1999	57.1250	57.9688	56.8125	57.9688	48.7957	6920800
Aug 19, 1999	57.2188	57.6250	56.6953	57.0625	48.0328	10157800
Aug 18, 1999	58.1250	58.8438	57.5312	57.7500	48.6115	7035200
Aug 17, 1999	58.6250	58.6875	57.3438	58.4062	49.1639	11408400
Aug 16, 1999	57.6250	58.3125	57.2500	58.1172	48.9206	11470600
Aug 13, 1999	56.4062	57.7188	56.3125	57.6562	48.5326	14342600
Aug 12, 1999	56.1250	56.5000	55.1250	55.2500	46.5071	12715000
Aug 11, 1999	55.0938	56.0000	54.2656	55.9062	47.0595	13101400
Aug 10, 1999	54.4688	54.8672	52.9375	54.1250	45.5602	16767200
Aug 09, 1999	55.5312	55.6875	54.5078	54.6172	45.9745	7983400
Aug 06, 1999	55.5312	56.5625	54.9375	55.3281	46.5729	12392200
Aug 05, 1999	55.0625	55.9297	53.7500	55.9297	47.0793	18695200
Aug 04, 1999	56.0703	56.4922	55.0078	55.0547	46.3427	13227600
Aug 03, 1999	57.2109	57.2188	55.2500	56.0703	47.1976	13005000
Aug 02, 1999	56.6875	57.8125	56.2188	56.4375	47.5067	9642400
Jul 30, 1999	57.1250	57.7500	56.5078	56.5938	47.6382	10947400
Jul 29, 1999	57.0312	57.5000	56.3125	56.8750	47.8750	13033800
Jul 28, 1999	57.6875	58.4375	56.9453	58.1172	48.9206	10161800
Jul 27, 1999	57.0000	57.8750	56.5156	57.0000	47.9802	13732800
Jul 26, 1999	56.5000	57.1250	55.7812	55.8750	47.0332	10720000
Jul 23, 1999	57.6250	57.8672	56.6875	57.2812	48.2170	12115000
Jul 22, 1999	58.6875	58.6875	57.0312	57.1953	48.1446	15148400
Jul 21, 1999	58.5312	59.1953	58.0625	58.6875	49.4007	10980400
Jul 20, 1999	60.0078	60.0938	58.2500	58.4062	49.1639	14837400
Jul 19, 1999	61.6250	61.6250	60.5078	60.7500	51.1368	6833000
Jul 16, 1999	60.8438	61.7188	60.8203	61.3750	51.6629	4913800
Jul 15, 1999	60.4688	60.8125	60.1328	60.8125	51.1894	6539800
Jul 14, 1999	59.8438	60.3750	59.0000	60.2578	50.7225	6909400
Jul 13, 1999	59.2500	59.4688	58.7812	59.2500	49.8742	6230000
Jul 12, 1999	60.0625	60.3750	59.1875	59.5312	50.1109	7816200
Jul 09, 1999	59.4688	59.9062	59.0312	59.8438	50.3740	4206800
Jul 08, 1999	58.4688	59.4922	58.1875	59.2500	49.8742	11225000
Jul 07, 1999	58.3438	58.7188	57.9375	58.4688	49.2165	10520000
Jul 06, 1999	59.0625	59.6562	58.0625	58.3750	49.1376	8794800
Jul 02, 1999	58.0000	58.8125	58.0000	58.7500	49.4533	3302000
Jul 01, 1999	57.8125	58.3438	56.8125	58.0156	48.8351	6822600
Jun 30, 1999	56.8047	59.9375	56.1328	57.6250	48.5063	19467600
Jun 29, 1999	55.9375	56.9688	55.6562	56.7500	47.7698	9000400
Jun 28, 1999	55.1562	56.0625	54.7031	55.9844	47.1253	7666200
Jun 25, 1999	55.1250	55.5625	54.1875	54.6875	46.0336	8635600
Jun 24, 1999	55.8438	55.8750	54.5000	54.7578	46.0928	14988800
Jun 23, 1999	55.0078	56.0000	54.6562	55.8672	47.0267	9607000
Jun 22, 1999	56.3750	57.0938	55.0000	55.0000	46.2967	10862800
Jun 21, 1999	55.4375	56.7422	55.3438	56.7109	47.7369	10565200
Jun 18, 1999	54.3125	55.2188	54.2188	55.0625	46.3493	5392800
Jun 17, 1999	53.5000	55.0625	53.5000	54.8125	46.1389	16278200
Jun 16, 1999	52.8438	54.2109	52.7812	54.2109	45.6325	15060200
Jun 15, 1999	50.9297	51.8672	50.7812	51.5625	43.4031	9147800
Jun 14, 1999	51.9688	51.9688	50.6875	50.8047	42.7653	14136800
Jun 11, 1999	52.9375	52.9922	51.3125	51.7812	43.5873	16567600
Jun 10, 1999	52.6250	52.9375	51.9453	52.5781	44.2580	9392400
Jun 09, 1999	52.5000	53.3359	52.4688	53.1875	44.7710	8384400
Jun 08, 1999	53.7812	54.0312	52.0391	52.3125	44.0344	8134800
Jun 07, 1999	52.9297	53.9922	52.8125	53.6562	45.1656	11491800
Jun 04, 1999	51.3750	52.7422	51.3750	52.5625	44.2449	12987200
Jun 03, 1999	52.1250	52.1250	50.6875	51.0000	42.9297	11147800
Jun 02, 1999	50.8438	52.0000	49.5703	51.7344	43.5478	11996600
Jun 01, 1999	51.9375	52.1875	50.5938	50.8750	42.8244	6960200
May 28, 1999	51.5000	52.3125	50.8438	52.0312	43.7977	12969800
May 27, 1999	51.0312	51.9297	50.3750	51.1875	43.0875	23334800
May 26, 1999	50.5000	51.4375	48.9375	51.2344	43.1269	26772000
May 25, 1999	51.4688	52.2188	49.6250	49.8438	41.9564	17771200
May 24, 1999	52.9688	53.0625	51.1875	51.5312	43.3768	9569800
May 21, 1999	53.5312	53.6875	52.5938	52.8750	44.5080	10958600
May 20, 1999	54.9922	54.9922	53.2812	53.3672	44.9223	5997200
May 19, 1999	54.3438	54.9062	53.5000	54.8750	46.1915	7985600
May 18, 1999	54.3125	54.6250	53.5000	54.1250	45.5602	9267800
May 17, 1999	52.9375	54.5312	52.4141	54.3672	45.7640	9906800
May 14, 1999	53.3750	54.0000	53.0000	53.4062	44.9551	12205400
May 13, 1999	55.9062	56.0000	54.1875	54.4375	45.8232	9864000
May 12, 1999	54.5938	55.6562	53.0000	55.4688	46.6913	12507400
May 11, 1999	53.9375	54.6250	53.6250	54.3438	45.7443	8800800
May 10, 1999	53.3125	53.8594	52.6875	53.5000	45.0340	10604200
May 07, 1999	52.6875	53.1250	51.5625	52.9688	44.5869	16430400
May 06, 1999	53.6875	54.1562	51.7188	52.2188	43.9555	15173400
May 05, 1999	52.6250	54.1875	51.0312	54.1875	45.6128	12642600
May 04, 1999	53.5312	54.3750	52.2812	52.5938	44.2712	15428400
May 03, 1999	53.5625	53.7812	52.5391	53.4375	44.9814	11109800
Apr 30, 1999	54.1250	54.4062	51.8125	53.7188	45.2182	15295200
Apr 29, 1999	53.5625	53.8750	52.2500	53.3750	44.9288	19148200
Apr 28, 1999	55.2500	55.4375	53.5703	53.8125	45.2971	7676800
Apr 27, 1999	57.0000	57.2812	55.0078	55.7188	46.9017	16482800
Apr 26, 1999	55.6875	57.0000	55.5078	56.5859	47.6317	5421000
Apr 23, 1999	54.3125	55.7188	53.7500	55.3125	46.5597	7064400
Apr 22, 1999	53.6562	54.7500	53.3047	54.5938	45.9547	13630600
Apr 21, 1999	51.1250	53.1875	50.4375	53.1562	44.7447	10940400
Apr 20, 1999	49.3125	51.0625	48.8438	50.6562	42.6403	17413600
Apr 19, 1999	52.3125	52.7500	49.0078	49.5312	41.6933	19460600
Apr 16, 1999	53.4062	53.4062	51.6875	51.9688	43.7451	17274000
Apr 15, 1999	53.0000	53.6172	51.1250	53.5312	45.0603	17650600
Apr 14, 1999	55.3750	55.4375	52.5078	52.8125	44.4553	21253800
Apr 13, 1999	55.7812	55.9062	54.2500	54.6875	46.0336	9962200
Apr 12, 1999	54.5000	55.8125	54.4375	55.4375	46.6650	10934000
Apr 09, 1999	55.3750	55.9375	55.2188	55.8125	46.9806	4946800
Apr 08, 1999	54.9375	55.7344	53.8125	55.4688	46.6913	7952400
Apr 07, 1999	56.1250	56.2500	53.8438	55.0312	46.3230	11923600
Apr 06, 1999	55.4375	56.2188	54.9688	55.6094	46.8096	7522400
Apr 05, 1999	54.4297	55.5781	54.0938	55.5000	46.7176	5697200
Apr 01, 1999	54.0000	54.0625	52.6875	53.5625	45.0867	8715800
Mar 31, 1999	54.1250	54.1875	52.3125	52.4688	44.1660	8256600
Mar 30, 1999	53.5625	54.0000	53.0312	53.2500	44.8236	4940600
Mar 29, 1999	52.3750	53.6562	52.0625	53.6250	45.1393	5113800
Mar 26, 1999	51.8750	52.4688	51.5312	51.7500	43.5610	8256200
Mar 25, 1999	51.2500	52.3125	50.9141	52.3125	44.0344	8133800
Mar 24, 1999	49.2500	50.5000	48.5000	50.4688	42.4825	8447000
Mar 23, 1999	50.3125	50.5000	48.7188	48.8125	41.0883	10962400
Mar 22, 1999	51.4375	51.5625	50.5000	50.5938	42.5877	5024800
Mar 19, 1999	53.2500	53.2500	51.1875	51.2188	43.1138	7160400
Mar 18, 1999	51.5000	52.5938	51.4844	52.5625	44.2449	4848400
Mar 17, 1999	51.9375	52.0000	51.4062	51.5625	43.4031	3965000
Mar 16, 1999	51.7188	52.1562	51.1562	51.9375	43.7188	4905800
Mar 15, 1999	50.4375	51.5625	49.9062	51.5000	43.3505	6369000
Mar 12, 1999	51.1250	51.1562	49.6562	50.0625	42.1405	8743600
Mar 11, 1999	51.4375	51.7344	50.3125	51.3125	43.1927	9688600
Mar 10, 1999	51.1250	51.1562	50.2812	51.0625	42.9823	5232000
